Contents of a std::vector<recob::Hit>

i = 0
2233
605
617
611.756
0.255088
2.56478
6.73958
0.580765
41.96
40.7
41.8755
0.545589
1
0
0.022649
9
2
i = 1
845
1345
1362
1354.94
0.206409
3.30526
9.42343
0.509927
77.04
71.945
76.2065
0.383299
1
0
0.0334003
14
1
i = 2
2255
1348
1363
1355.15
0.155734
2.88685
11.6117
0.543218
82.88
77.35
83.2589
0.303272
1
0
0.011747
12
2
i = 3
153
1348
1361
1355.16
0.298178
3.21075
6.56437
0.52577
50.475
49.895
49.8832
0.603453
1
0
0.108317
10
0
i = 4
152
1344
1366
1355.49
0.319644
4.4151
7.00603
0.440023
77.175
71.735
76.3893
0.507296
1
0
0.14258
19
0
i = 5
2173
1357
1377
1368.96
0.103348
3.117
18.1636
0.521905
143.875
133.09
140.836
0.192261
1
0
0.239823
17
2
i = 6
161
1362
1375
1368.99
0.23545
2.88948
7.74964
0.547719
54.245
49.98
54.3196
0.476579
1
0
0.178504
10
0
i = 7
1517
1362
1376
1369.31
0.146504
2.74035
12.0306
0.557851
81.335
76.965
81.5138
0.293529
1
0
0.104127
11
1
i = 8
1516
1362
1376
1369.42
0.191091
2.95172
9.60655
0.539658
69.41
64.5
69.457
0.37558
1
0
0.114887
11
1
i = 9
162
1360
1376
1369.47
0.136554
2.96504
13.4659
0.537557
98.225
91.05
97.9946
0.265869
1
0
0.0378067
13
0
i = 10
2172
1357
1377
1370.28
0.262635
3.09573
7.15984
0.526382
56.43
52.475
54.3455
0.501729
1
0
0.034383
17
2
i = 11
844
1450
1468
1458.99
0.283119
3.62722
7.16727
0.48537
65.005
61.175
64.2769
0.495275
1
0
0.106001
15
1
i = 12
843
1448
1470
1459.65
0.126429
3.57482
15.889
0.486786
144.76
134.33
141.926
0.218513
1
0
0.305699
19
1
i = 13
145
1449
1466
1459.66
0.185929
3.1355
10.2315
0.524909
78.57
75.4
77.925
0.358687
1
0
0.0860514
14
0
i = 14
2258
1452
1471
1459.88
0.0724158
3.21066
26.3291
0.514756
211.605
196.215
210.871
0.13334
1
0
0.150462
16
2
i = 15
146
1449
1470
1460.13
0.116666
3.20179
16.2932
0.514208
131.765
122.275
130.531
0.212786
1
0
0.14175
18
0
i = 16
842
1453
1465
1460.55
0.25174
3.16374
8.34003
0.538334
60.05
59.685
58.8522
0.544891
1
0
0.100369
9
1
i = 17
1599
1632
1650
1642.96
0.17081
3.11508
11.0219
0.5239
86.405
81.505
84.5428
0.322928
1
0
0.283322
15
1
i = 18
2292
1626
1654
1643.14
0.0816013
3.09438
22.8992
0.52297
184.43
167.49
177.548
0.151286
1
0
0.205406
25
2
i = 19
44
1631
1658
1644.11
0.244866
4.91914
9.63033
0.415516
118.075
110.99
118.035
0.362858
1
0
0.504285
24
0
i = 20
1598
1634
1661
1644.26
0.119871
4.65142
19.2157
0.429166
230.265
208.64
221.701
0.186306
1
0
3.11829
24
1
i = 21
45
1633
1658
1645.17
0.101096
5.17829
24.0158
0.406873
306.61
294.1
306.839
0.149082
1
0
4.77243
22
0
i = 22
46
1629
1659
1645.48
0.18268
5.82649
14.0863
0.382983
202.64
192.58
202.764
0.252244
1
0
3.05007
27
0
i = 23
2291
1632
1661
1646.77
0.0848619
5.87639
30.4474
0.381495
434.24
422.23
442.073
0.116858
1
0
2.66284
26
2
i = 24
1597
1635
1660
1646.8
0.149214
5.42253
16.7096
0.398965
220.405
210.235
222.338
0.218367
1
0
0.85707
22
1
i = 25
2225
1761
1776
1769.19
0.207485
2.9154
8.76951
0.541252
63.28
58.715
63.0454
0.404432
1
0
0.0496088
12
2
i = 26
239
1774
1790
1783.84
0.160739
2.89685
11.3295
0.544646
81.95
75.055
80.2186
0.318739
1
0
0.269615
13
0
i = 27
2155
1773
1793
1783.92
0.0985722
3.14701
19.1208
0.518802
149.935
141.52
150.345
0.181553
1
0
0.0625687
17
2
i = 28
1565
1774
1790
1784.11
0.164579
3.14922
11.6912
0.526288
89.005
87.12
88.293
0.323658
1
0
0.0347939
13
1
i = 29
240
1778
1790
1784.36
0.216586
2.60641
7.97867
0.575377
50.74
49.53
50.6865
0.456847
1
0
0.0697037
9
0
i = 30
1564
1778
1795
1785.05
0.26417
3.17013
7.19444
0.519696
56.065
53.925
56.6118
0.496636
1
0
0.179515
14
1
i = 31
2248
1805
1824
1812.8
0.207289
2.87713
8.69631
0.542852
62.55
57.23
62.5935
0.400152
1
0
0.0138972
16
2
i = 32
816
1805
1818
1813.16
0.164113
2.72531
10.9982
0.567836
71.76
70.275
70.9694
0.352535
1
0
0.194261
10
1
i = 33
134
1803
1819
1813.39
0.284065
2.90476
6.47655
0.546814
47.155
42.68
45.33
0.576185
1
0
0.144365
13
0
i = 34
817
1807
1819
1813.41
0.257655
2.9038
7.16915
0.550868
49.885
48.33
49.7062
0.539688
1
0
0.295734
9
1
i = 35
135
1806
1819
1813.43
0.150555
2.66382
11.6143
0.568812
76.2
72.575
75.2921
0.313375
1
0
0.0372354
10
0
i = 36
2249
1805
1825
1813.5
0.138835
3.01686
13.293
0.52995
101.53
94.965
100.373
0.261333
1
0
0.153269
17
2
i = 37
1556
1835
1847
1841.2
0.210689
2.97858
8.89423
0.54524
63.135
60.685
63.1691
0.440579
1
0
0.115481
9
1
i = 38
260
1834
1850
1841.79
0.216106
3.03297
8.57281
0.529631
64.83
61.215
64.6309
0.409398
1
0
0.0643729
13
0
i = 39
2138
1834
1847
1841.83
0.297684
3.03159
6.45354
0.540879
46.4
46.245
45.9142
0.618355
1
0
0.0303023
10
2
i = 40
2137
1832
1849
1842.16
0.162806
2.94287
11.2276
0.538476
83.96
75.385
81.5499
0.315246
1
0
0.157525
14
2
i = 41
135
1866
1884
1875.04
0.200561
3.29951
9.62913
0.50734
80.215
73.805
79.0902
0.362855
1
0
0.142718
15
0
i = 42
2239
1868
1885
1875.06
0.105582
2.86365
17.0524
0.544975
121.855
112.765
121.862
0.205718
1
0
0.0274805
14
2
i = 43
134
1868
1883
1875.31
0.231391
2.88973
7.81757
0.542851
56.08
51.985
56.0883
0.450019
1
0
0.0123864
12
0
i = 44
801
1869
1880
1875.54
0.277149
2.96329
7.12575
0.555843
48.865
47.96
47.7394
0.621581
1
0
0.0947872
8
1
i = 45
800
1868
1883
1875.74
0.191681
3.0568
9.72357
0.529054
73.37
70.56
73.2738
0.366297
1
0
0.0421026
12
1
i = 46
2294
1875
1893
1884.47
0.169468
3.06611
10.98
0.52581
83.99
79.96
83.9815
0.316768
1
0
0.00884058
15
2
i = 47
869
1874
1896
1884.81
0.222984
3.47656
8.88306
0.493491
77.58
70.415
77.2898
0.390367
1
0
0.0784042
19
1
i = 48
868
1879
1893
1884.86
0.186502
3.1423
10.3145
0.527872
78.63
74.17
78.9394
0.370229
1
0
0.147993
11
1
i = 49
111
1877
1890
1884.86
0.200741
3.07992
9.69938
0.537649
70.57
70.48
69.7562
0.417004
1
0
0.0475102
10
0
i = 50
110
1878
1892
1885.1
0.219918
3.33456
8.95874
0.512719
71.935
69.91
72.0266
0.42493
1
0
0.0621335
11
0
i = 51
2295
1874
1892
1885.35
0.157794
3.23138
12.2202
0.516561
98.265
92.695
96.1929
0.298553
1
0
0.0868236
15
2
i = 52
22031
1895
1917
1906.64
0.346405
4.32356
6.39441
0.444358
68.715
65.55
68.3576
0.553896
1
0
0.222583
19
1
i = 53
22030
1898
1913
1907.09
0.213932
2.91663
8.57413
0.544236
61.515
57.175
60.6964
0.427853
1
0
0.337343
12
1
i = 54
22894
1896
1914
1907.18
0.144938
3.00319
12.751
0.53346
96.7
91.32
94.3243
0.278811
1
0
0.135381
15
2
i = 55
21073
1900
1917
1907.31
0.216328
3.20999
8.83238
0.51607
70.635
66.22
70.4052
0.402772
1
0
0.0737454
14
0
i = 56
17704
2022
2043
2033.02
0.410722
5.16454
6.00913
0.413787
73.335
73.29
74.2348
0.650317
1
0
0.460653
18
2
i = 57
22938
2098
2114
2106.67
0.172517
3.00337
10.6919
0.532503
79.2
76.815
79.5093
0.329189
1
0
0.038573
13
2
i = 58
21069
2098
2119
2107.4
0.302085
3.21199
6.30304
0.513483
52.995
46.49
50.6844
0.550522
1
0
0.234651
18
0
i = 59
22775
2101
2117
2110.29
0.0925445
3.00159
19.9778
0.533981
148.56
143.495
147.411
0.178636
1
0
0.00950352
13
2
i = 60
21960
2100
2124
2110.44
0.070751
2.95329
25.8018
0.535316
194.38
173.36
190.986
0.134265
1
0
0.113719
21
1
i = 61
21201
2101
2120
2110.45
0.0970034
3.08784
19.2451
0.52369
150.19
140.415
148.628
0.180277
1
0
0.19798
16
0
i = 62
21961
2102
2117
2110.45
0.0720684
2.77281
24.6083
0.554542
169.245
158.665
168.525
0.143524
1
0
0.0359214
12
1
i = 63
22772
2100
2117
2110.45
0.0926424
2.8273
19.3413
0.549417
135.75
126.535
134.901
0.183087
1
0
0.0481904
14
2
i = 64
22773
2101
2117
2110.48
0.110502
2.86774
16.3415
0.545891
116.04
107.82
115.398
0.217486
1
0
0.0216705
13
2
i = 65
21202
2101
2120
2110.48
0.0975047
3.00434
18.8846
0.530852
144.665
134.34
141.974
0.183612
1
0
0.34857
16
0
i = 66
21203
2103
2117
2110.5
0.103055
2.71706
17.0339
0.560315
114.385
108.025
114.31
0.207496
1
0
0.0410472
11
0
i = 67
22774
2100
2118
2110.53
0.112762
2.88655
16.0192
0.542308
114.89
105.865
115.013
0.217932
1
0
0.0180427
15
2
i = 68
22777
2103
2119
2110.61
0.116397
3.01047
15.8582
0.531608
117.985
113.935
118.755
0.221334
1
0
0.0366673
13
2
i = 69
22776
2099
2118
2110.61
0.104768
3.04734
17.7339
0.528509
135.21
128.8
133.891
0.198248
1
0
0.0900101
16
2
i = 70
21959
2102
2120
2110.64
0.0800466
2.94333
22.7708
0.536443
167.775
152.35
167.638
0.152435
1
0
0.154474
15
1
i = 71
21204
2102
2117
2110.7
0.0984668
2.81705
18.1887
0.55117
126.44
117.755
125.909
0.196156
1
0
0.0145515
12
0
i = 72
22771
2100
2118
2110.72
0.0978573
2.90402
18.5226
0.54098
134.01
122.155
133.547
0.189033
1
0
0.0372568
15
2
i = 73
21200
2103
2120
2110.74
0.108928
2.98691
16.8693
0.533182
126.99
113.41
125.747
0.207059
1
0
0.116979
14
0
i = 74
21962
2103
2119
2110.75
0.0801596
2.79349
22.1586
0.550958
153.525
142.06
154.519
0.157085
1
0
0.211558
13
1
i = 75
21196
2103
2119
2110.76
0.100417
2.90786
18.0537
0.540367
130.57
119.555
130.817
0.193427
1
0
0.114528
13
0
i = 76
21198
2102
2117
2110.77
0.104378
2.82661
17.1995
0.550557
119.915
111.43
119.278
0.208126
1
0
0.0499827
12
0
i = 77
22778
2103
2119
2110.77
0.103707
2.90331
17.4668
0.540769
125.775
115.06
126.374
0.199887
1
0
0.101303
13
2
i = 78
21958
2101
2124
2110.77
0.0754362
2.89671
23.9665
0.540529
179.465
157.795
173.988
0.14456
1
0
0.436352
20
1
i = 79
21966
2102
2118
2110.79
0.0703798
3.00947
26.2456
0.532193
197.365
187.41
195.308
0.134422
1
0
0.126154
13
1
i = 80
21206
2102
2118
2110.8
0.0798501
2.72736
21.9848
0.557771
148.98
139.32
149.238
0.158585
1
0
0.0681836
13
0
i = 81
22770
2101
2119
2110.8
0.0907127
2.90253
19.9555
0.540288
145.095
131.045
144.603
0.174082
1
0
0.0378766
15
2
i = 82
21205
2100
2122
2110.81
0.0856277
2.88515
21.0716
0.541596
156.285
137.505
152.369
0.164399
1
0
0.185965
19
0
i = 83
21207
2101
2117
2110.82
0.0912378
2.88084
19.895
0.545963
143.205
130.755
140.216
0.181129
1
0
0.466524
13
0
i = 84
21199
2102
2118
2110.83
0.107384
2.70684
16.2857
0.559851
109.49
102.295
109.738
0.214024
1
0
0.045953
13
0
i = 85
22784
2101
2118
2110.84
0.096969
2.91065
18.7198
0.540597
136.21
124.025
135.09
0.187466
1
0
0.240999
14
2
i = 86
22769
2103
2119
2110.88
0.0939764
2.91522
19.3149
0.539674
140.235
127.08
140.261
0.180777
1
0
0.0182484
13
2
i = 87
21956
2102
2117
2110.91
0.0710387
2.73314
24.8366
0.559603
166.27
157.045
166.73
0.143717
1
0
0.244704
12
1
i = 88
22768
2101
2118
2110.91
0.120181
2.91281
15.1133
0.540539
109.76
99.745
109.058
0.23253
1
0
0.0534854
14
2
i = 89
21197
2101
2124
2110.93
0.101181
3.01759
18.2376
0.529603
145.005
129.14
137.911
0.189988
1
0
0.488853
20
0
i = 90
21965
2102
2118
2110.94
0.0732387
2.84658
24.508
0.546592
173.68
158.06
173.005
0.143106
1
0
0.0460012
13
1
i = 91
21957
2103
2119
2110.96
0.0664183
2.88676
27.1919
0.542216
194.225
177.84
195.59
0.128276
1
0
0.176464
13
1
i = 92
21195
2103
2119
2110.96
0.100799
3.03841
18.3951
0.529137
140.475
130.76
138.849
0.190754
1
0
0.220978
13
0
i = 93
22780
2102
2119
2110.97
0.107991
3.03795
17.1583
0.528615
129.685
123.445
129.715
0.203423
1
0
0.0306487
14
2
i = 94
22781
2101
2119
2110.98
0.107012
2.75658
16.4835
0.55429
114.855
104.355
113.542
0.210532
1
0
0.0514907
15
2
i = 95
22782
2101
2119
2110.98
0.104995
2.92193
17.3008
0.538619
127.115
114.27
126.079
0.201031
1
0
0.194683
15
2
i = 96
21193
2102
2119
2111
0.08759
3.04845
21.1926
0.527756
161.395
151.48
160.713
0.164783
1
0
0.1841
14
0
i = 97
21967
2102
2118
2111
0.0709568
2.89089
25.5047
0.542709
183.885
166.66
182.527
0.137949
1
0
0.110588
13
1
i = 98
21963
2104
2118
2111.01
0.0773669
2.87952
23.3845
0.545237
165.125
156.085
166.067
0.152502
1
0
0.32193
11
1
i = 99
21194
2102
2119
2111.03
0.0876664
2.98874
20.962
0.532842
157.835
141.585
155.986
0.166344
1
0
0.498615
14
0
i = 100
21208
2098
2121
2111.06
0.10389
3.06801
17.9099
0.525242
141.395
129.85
137.595
0.193479
1
0
0.502754
20
0
i = 101
21964
2102
2119
2111.08
0.0755596
3.06497
24.6372
0.52645
188.635
179.78
187.704
0.141908
1
0
0.0814271
14
1
i = 102
22783
2102
2118
2111.1
0.0839986
2.7883
21.1489
0.552264
147.035
137.295
146.226
0.165825
1
0
0.0150481
13
2
i = 103
22779
2102
2119
2111.16
0.107853
2.90413
16.7932
0.540403
121.595
111.91
121.52
0.207363
1
0
0.103269
14
2
i = 104
21192
2102
2119
2111.19
0.111459
3.17922
17.0249
0.517496
137.325
126.995
134.103
0.206587
1
0
0.5311
14
0
i = 105
22785
2101
2118
2111.19
0.112545
2.88425
16.0713
0.543649
115.325
106.895
114.556
0.219634
1
0
0.15222
14
2
i = 106
21955
2105
2120
2111.22
0.0836402
2.75259
21.1569
0.557337
143.935
136.245
144.767
0.168219
1
0
0.281542
12
1
i = 107
22787
2100
2119
2111.29
0.112215
2.97196
16.3331
0.534434
123.05
110.085
120.77
0.213693
1
0
0.0745383
16
2
i = 108
21968
2102
2120
2111.3
0.0775163
2.87005
23.2179
0.543164
169.065
152.625
166.642
0.149389
1
0
0.313976
15
1
i = 109
22786
2100
2118
2111.36
0.121945
2.94527
15.0122
0.538805
112.28
100.765
108.826
0.237125
1
0
0.182184
15
2
i = 110
21209
2103
2117
2111.36
0.109309
2.74758
16.2679
0.560359
109.905
104.43
108.606
0.224563
1
0
0.0838946
11
0
i = 111
22767
2103
2119
2111.37
0.123254
2.91647
14.7323
0.539668
106.4
98.505
106.826
0.237263
1
0
0.0376318
13
2
i = 112
21191
2104
2119
2111.37
0.109099
2.92139
16.6747
0.540076
121.365
110.725
120.825
0.211329
1
0
0.180285
12
0
i = 113
21954
2105
2117
2111.39
0.0954234
2.85102
19.1234
0.55473
130.835
126.145
130.743
0.19976
1
0
0.376737
9
1
i = 114
22788
2101
2120
2111.41
0.129483
2.99968
14.2117
0.531413
106.105
96.62
106.484
0.244318
1
0
0.015882
16
2
i = 115
22766
2103
2119
2111.41
0.126993
2.91043
14.284
0.540235
103.83
94.915
103.347
0.244728
1
0
0.0123873
13
2
i = 116
21969
2102
2120
2111.45
0.082334
3.10269
22.736
0.522768
177.48
166.77
175.898
0.153074
1
0
0.252306
15
1
i = 117
21210
2104
2117
2111.46
0.119694
2.78916
15.0199
0.557763
101.76
97.425
101.146
0.247183
1
0
0.0401914
10
0
i = 118
21190
2104
2117
2111.58
0.111999
2.85364
16.3206
0.552997
113.335
106.745
111.635
0.231578
1
0
0.0617277
10
0
i = 119
21970
2102
2119
2111.61
0.0836215
3.0639
22.2822
0.527211
170.585
162.75
169.013
0.157979
1
0
0.361693
14
1
i = 120
21953
2103
2119
2111.62
0.089715
2.95052
20.3686
0.536921
148.33
136.31
149.059
0.172241
1
0
0.208666
13
1
i = 121
21187
2103
2117
2111.64
0.100852
2.72127
17.6127
0.564269
118.31
111.5
115.756
0.210206
1
0
0.148869
11
0
i = 122
21186
2103
2119
2111.64
0.0786453
2.95701
23.2632
0.536392
170.69
155.985
170.557
0.150899
1
0
0.0548261
13
0
i = 123
22789
2101
2118
2111.67
0.129702
3.00531
14.311
0.534985
108.525
102.615
105.031
0.253063
1
0
0.301572
14
2
i = 124
22764
2100
2120
2111.67
0.116199
3.12278
16.1643
0.52117
127.15
119.14
125.774
0.215504
1
0
0.0870826
17
2
i = 125
21188
2102
2117
2111.68
0.110913
2.8686
16.5711
0.551642
117.18
108.245
113.714
0.228924
1
0
0.160901
12
0
i = 126
22792
2103
2121
2111.72
0.065112
2.84022
27.4965
0.545983
195.4
178.475
195.465
0.126114
1
0
0.0854158
15
2
i = 127
21952
2097
2120
2111.73
0.078924
2.94459
23.1021
0.536422
175.775
152.94
169.834
0.150382
1
0
0.267534
20
1
i = 128
21212
2103
2119
2111.74
0.0926339
2.91808
19.6187
0.539895
141.78
130.015
141.969
0.178831
1
0
0.0264185
13
0
i = 129
22765
2104
2119
2111.74
0.133829
2.98389
13.7479
0.534891
102
91.765
101.367
0.257582
1
0
0.0714564
12
2
i = 130
21971
2102
2118
2111.77
0.0756886
2.97787
24.4234
0.537648
181
162.725
177.406
0.148608
1
0
0.270925
13
1
i = 131
21185
2099
2119
2111.77
0.0806492
3.05452
23.0785
0.52824
178.475
167.51
174.323
0.152889
1
0
0.31865
17
0
i = 132
22793
2105
2120
2111.78
0.114774
2.921
15.8716
0.540836
115.055
104.525
115.037
0.223697
1
0
0.169932
12
2
i = 133
21211
2105
2123
2111.79
0.113565
3.00531
16.2824
0.533367
124.175
114.815
121.729
0.218558
1
0
0.334966
15
0
i = 134
21189
2102
2117
2111.82
0.11555
2.87417
15.9988
0.552208
111.345
104.36
109.38
0.240346
1
0
0.0333404
12
0
i = 135
22762
2104
2120
2111.82
0.107473
2.77294
16.4651
0.552925
113.57
104.87
113.992
0.211267
1
0
0.0409617
13
2
i = 136
22790
2101
2117
2111.83
0.119601
2.90012
15.56
0.550163
112.725
102.015
107.117
0.248495
1
0
0.376903
13
2
i = 137
21972
2103
2120
2111.84
0.0641317
2.92469
28.3377
0.538388
207.92
185.955
206.726
0.122755
1
0
0.226525
14
1
i = 138
21951
2100
2125
2111.88
0.0842899
3.17846
22.4678
0.516002
186.05
165.16
178.992
0.154183
1
0
0.445198
22
1
i = 139
21214
2101
2118
2111.88
0.104137
2.95035
17.6807
0.540369
128.83
116.895
127.101
0.205796
1
0
0.132364
14
0
i = 140
22791
2104
2119
2111.91
0.107088
2.94046
17.0533
0.538674
123.405
113.42
123.907
0.207372
1
0
0.0787655
12
2
i = 141
21213
2104
2120
2111.93
0.0900721
2.88623
20.0492
0.542266
143.51
130.73
144.201
0.173977
1
0
0.101932
13
0
i = 142
22761
2101
2123
2112.02
0.125194
2.86463
14.3608
0.543532
105.3
94.77
103.104
0.241222
1
0
0.0428388
19
2
i = 143
22763
2103
2121
2112.02
0.100213
2.90195
18.0589
0.540178
130.73
120.555
131.081
0.192077
1
0
0.037182
15
2
i = 144
21184
2104
2117
2112.11
0.113393
2.73983
15.9468
0.566182
105.26
101.98
103.548
0.242665
1
0
0.0842935
10
0
i = 145
21973
2101
2124
2112.15
0.0724658
3.1509
26.0204
0.518259
212.57
192.41
205.461
0.133139
1
0
0.669981
20
1
i = 146
21950
2100
2123
2112.15
0.0902636
3.09
20.6869
0.523342
165.6
150.495
160.165
0.167465
1
0
0.32599
20
1
i = 147
21219
2105
2120
2112.37
0.0912566
2.93406
19.9802
0.538994
144.785
134.215
145.356
0.17651
1
0
0.0714156
12
0
i = 148
22757
2101
2119
2112.37
0.0932671
2.93468
19.5919
0.539755
142.795
131.38
141.526
0.181654
1
0
0.0187079
15
2
i = 149
22794
2105
2122
2112.47
0.12953
3.10317
14.4779
0.523925
111.77
106.445
111.865
0.243279
1
0
0.0187967
14
2
i = 150
22754
2103
2121
2112.59
0.114384
2.99851
16.0862
0.531631
120.565
108.86
120.375
0.216074
1
0
0.00907455
15
2
i = 151
21946
2105
2121
2112.62
0.0771015
2.9316
23.614
0.538344
172.18
157.875
172.459
0.148122
1
0
0.126352
13
1
i = 152
21945
2102
2120
2112.63
0.086681
2.94956
21.0756
0.536833
156.605
141.505
154.304
0.16621
1
0
0.490117
15
1
i = 153
22755
2103
2121
2112.64
0.106899
2.8393
16.7463
0.546136
119.1
108.95
118.844
0.207192
1
0
0.015915
15
2
i = 154
21220
2105
2121
2112.66
0.109292
3.07685
17.0811
0.526154
130.19
124.23
130.538
0.206112
1
0
0.266549
13
0
i = 155
21218
2103
2122
2112.67
0.0795482
2.97246
23.0241
0.533677
170
154.885
171.255
0.150581
1
0
0.0623047
16
0
i = 156
22760
2101
2124
2112.7
0.127226
3.13852
14.7916
0.519279
120.29
108.1
116.329
0.234206
1
0
0.186945
20
2
i = 157
22756
2102
2123
2112.73
0.104798
2.87832
17.1968
0.542244
124.815
112.78
124.027
0.201451
1
0
0.0137088
18
2
i = 158
21222
2105
2119
2112.73
0.0988519
2.88792
18.3808
0.545606
131.35
120.575
129.803
0.196475
1
0
0.164836
11
0
i = 159
21215
2102
2122
2112.77
0.104439
3.3833
18.7172
0.500623
159.47
144.74
157.906
0.185953
1
0
0.198879
17
0
i = 160
21221
2105
2121
2112.78
0.111629
3.06518
16.6879
0.527012
126.58
121.035
127.058
0.210664
1
0
0.233554
13
0
i = 161
22752
2103
2121
2112.8
0.0969148
2.83921
18.4721
0.546194
132.31
119.585
131.025
0.187917
1
0
0.0583395
15
2
i = 162
21223
2105
2123
2112.82
0.0906969
2.79897
19.6004
0.550224
138.505
125.315
137.288
0.177288
1
0
0.0815897
15
0
i = 163
21944
2106
2120
2112.84
0.0761786
2.72666
23.0709
0.559028
155.085
146.145
156.039
0.152738
1
0
0.160251
11
1
i = 164
22751
2102
2121
2112.89
0.0936699
2.95012
19.4856
0.536018
146.295
128.905
143.4
0.178457
1
0
0.164968
16
2
i = 165
21224
2103
2123
2112.89
0.0844973
2.93012
21.5196
0.537449
158.955
141.48
157.949
0.161011
1
0
0.0572328
17
0
i = 166
22750
2105
2121
2112.9
0.0845287
2.65558
20.4823
0.564772
135.275
126.49
135.969
0.169483
1
0
0.0269683
13
2
i = 167
22753
2105
2121
2112.92
0.104481
2.86852
17.2302
0.543881
123.01
111.99
123.204
0.202336
1
0
0.0085428
13
2
i = 168
22748
2103
2120
2112.92
0.0898376
2.945
20.3352
0.537755
149.19
134.325
148.223
0.173127
1
0
0.00951578
14
2
i = 169
21183
2105
2120
2112.96
0.122332
2.69318
14.2627
0.561505
95.315
89.25
95.504
0.244887
1
0
0.0580867
12
0
i = 170
21974
2104
2122
2112.97
0.0805578
2.95067
22.6538
0.535747
166.245
148.94
167.139
0.153182
1
0
0.304437
15
1
i = 171
22749
2102
2123
2112.98
0.0982238
2.71819
17.83
0.557982
123.365
111.3
121.457
0.194289
1
0
0.0389351
18
2
i = 172
22758
2104
2122
2112.98
0.060345
3.07827
30.8936
0.524702
238.055
222.635
237.493
0.112508
1
0
0.124754
15
2
i = 173
21940
2104
2122
2113.01
0.074447
2.96775
24.5845
0.534223
182.125
166.38
182.399
0.141176
1
0
0.0124062
15
1
i = 174
21225
2107
2121
2113.02
0.0878833
2.77936
20.2768
0.555809
138.595
131.7
139.491
0.177561
1
0
0.320151
11
0
i = 175
22747
2102
2121
2113.09
0.101384
2.82484
17.6149
0.547687
127.515
114.68
124.203
0.197249
1
0
0.16511
16
2
i = 176
21941
2105
2122
2113.09
0.0724861
2.98361
25.3275
0.533214
188.285
172.145
188.619
0.13756
1
0
0.0253617
14
1
i = 177
21943
2102
2126
2113.1
0.0778624
3.18766
24.3578
0.515264
202.275
181.46
194.591
0.142228
1
0
0.479645
21
1
i = 178
21939
2107
2119
2113.11
0.071668
2.65846
24.36
0.570203
157.94
153.28
157.97
0.150251
1
0
0.132396
9
1
i = 179
21947
2105
2123
2113.11
0.0574861
3.08199
32.464
0.524739
249.64
238.215
249.891
0.107436
1
0
0.2147
15
1
i = 180
21942
2105
2120
2113.12
0.076938
2.78776
23.0918
0.552532
159.045
150.365
159.484
0.152158
1
0
0.12349
12
1
i = 181
22746
2103
2123
2113.12
0.0995864
2.92238
18.2348
0.538159
135.36
121.575
133.474
0.190013
1
0
0.133286
17
2
i = 182
21227
2103
2122
2113.2
0.095439
3.21383
19.9622
0.513632
161.725
149.81
159.982
0.17432
1
0
0.267383
16
0
i = 183
22795
2104
2120
2113.21
0.145122
3.34485
13.5387
0.508537
110.865
105.39
109.954
0.271787
1
0
0.0210113
13
2
i = 184
21230
2102
2120
2113.21
0.0937904
2.89495
19.3245
0.542752
139.555
129.11
138.186
0.182861
1
0
0.206612
15
0
i = 185
22744
2106
2121
2113.24
0.11341
2.79779
15.6857
0.551223
108.62
102.31
109.207
0.223303
1
0
0.0472732
12
2
i = 186
21226
2104
2122
2113.25
0.0896911
3.04108
20.6589
0.527861
157.605
148.84
156.875
0.168188
1
0
0.614953
15
0
i = 187
21228
2106
2121
2113.28
0.0888483
2.96362
20.6325
0.536548
151.625
138.99
151.53
0.17135
1
0
0.320199
12
0
i = 188
21231
2103
2121
2113.29
0.0838975
2.8852
21.5187
0.542187
155.235
143.535
154.676
0.161854
1
0
0.37557
15
0
i = 189
21938
2107
2119
2113.3
0.0711949
2.77521
25.1809
0.560491
169.155
162.945
168.737
0.148948
1
0
0.271844
9
1
i = 190
22743
2106
2121
2113.3
0.0899911
2.80922
19.8083
0.550124
138.51
129.025
138.42
0.176862
1
0
0.0405039
12
2
i = 191
22745
2106
2121
2113.31
0.0790578
2.73729
22.2489
0.55697
151.525
142.48
151.715
0.156985
1
0
0.0274099
12
2
i = 192
22740
2103
2121
2113.32
0.11386
3.05547
16.3287
0.527393
125.17
118.63
123.898
0.214409
1
0
0.0372631
15
2
i = 193
21229
2107
2120
2113.37
0.0859613
2.79982
20.8039
0.554499
142.85
135.08
142.986
0.17402
1
0
0.159295
10
0
i = 194
22739
2104
2124
2113.39
0.107368
2.8292
16.6415
0.546948
119.67
108.36
117.972
0.208204
1
0
0.0428877
17
2
i = 195
21235
2105
2123
2113.39
0.098541
2.90115
18.3645
0.540343
133.855
122.15
133.303
0.189036
1
0
0.172937
15
0
i = 196
21234
2104
2122
2113.48
0.0935613
2.93277
19.4469
0.537422
143.16
129.86
142.489
0.178513
1
0
0.0314562
15
0
i = 197
22736
2102
2125
2113.48
0.0492039
2.97358
37.2278
0.533482
279.05
251.08
277.449
0.0930524
1
0
0.0605488
20
2
i = 198
21934
2105
2122
2113.5
0.0782516
3.10184
23.9274
0.523198
184.72
175.675
184.815
0.145942
1
0
0.0859705
14
1
i = 199
22738
2104
2124
2113.51
0.113062
2.86502
15.903
0.543519
117.78
103.72
114.157
0.217874
1
0
0.193035
17
2
i = 200
21935
2106
2121
2113.52
0.0678614
2.91726
26.7864
0.540409
191.98
179.34
193.723
0.13149
1
0
0.370296
12
1
i = 201
22735
2104
2124
2113.54
0.0625025
2.93819
29.1327
0.536723
215.82
194.52
214.426
0.118948
1
0
0.067392
17
2
i = 202
22741
2102
2120
2113.57
0.0952745
2.95306
19.2731
0.538877
142.71
128.7
139.537
0.186241
1
0
0.130905
15
2
i = 203
21937
2105
2122
2113.58
0.0703833
2.92079
25.8016
0.538686
187.615
171.39
188.127
0.134741
1
0
0.213032
14
1
i = 204
21931
2103
2121
2113.61
0.0440475
2.96516
41.5853
0.535439
308.92
279.74
306.046
0.0842522
1
0
0.433585
15
1
i = 205
21236
2105
2120
2113.61
0.076771
2.87945
23.5971
0.545427
168.91
155.49
166.789
0.151595
1
0
0.379194
12
0
i = 206
21238
2103
2123
2113.64
0.0464507
2.95651
39.3225
0.535076
293.84
262.29
291.013
0.088139
1
0
0.177334
17
0
i = 207
22734
2105
2121
2113.68
0.0831699
2.92197
21.8634
0.539472
158.22
145.34
158.489
0.160368
1
0
0.0277036
13
2
i = 208
21949
2098
2127
2113.69
0.0735413
3.91481
28.5795
0.46496
284.64
255.39
280.301
0.121225
1
0
1.40507
26
1
i = 209
21239
2101
2122
2113.69
0.0638028
2.98092
28.7541
0.533177
214.905
192.77
213.938
0.120861
1
0
0.0274392
18
0
i = 210
22742
2104
2122
2113.69
0.0629588
2.89923
28.7347
0.540547
208.165
189.705
208.07
0.120842
1
0
0.00615175
15
2
i = 211
21232
2106
2127
2113.7
0.069074
2.89085
26.163
0.541675
192.425
172.565
189.169
0.133147
1
0
0.319708
18
0
i = 212
21936
2101
2125
2113.7
0.0625346
3.06543
29.7409
0.525429
235.055
214.68
228.478
0.116479
1
0
0.499251
21
1
i = 213
21932
2099
2122
2113.72
0.0492187
3.06275
37.7892
0.526163
292.87
274.39
288.559
0.0921018
1
0
0.32118
20
1
i = 214
21933
2105
2125
2113.77
0.0734893
3.07411
25.3489
0.524945
196.61
183.21
195.046
0.136982
1
0
0.162657
17
1
i = 215
21930
2105
2121
2113.77
0.0576059
2.81564
30.9736
0.549232
215.94
200.76
216.717
0.11285
1
0
0.144243
13
1
i = 216
21217
2101
2125
2113.78
0.0632574
3.63926
32.0369
0.482313
293.32
272.615
291.757
0.108218
1
0
0.721572
21
0
i = 217
22733
2104
2122
2113.78
0.10256
2.89482
17.6265
0.540986
129.07
115.755
127.41
0.197044
1
0
0.0810051
15
2
i = 218
21233
2106
2124
2113.81
0.0757281
3.00135
24.3216
0.531802
182.57
172.225
182.374
0.143491
1
0
0.26161
15
0
i = 219
21237
2103
2122
2113.82
0.0476416
2.88826
37.9023
0.541594
274.81
248.5
273.364
0.091632
1
0
0.291449
16
0
i = 220
22732
2105
2120
2113.82
0.0935627
2.80053
19.0985
0.553092
131.685
123.11
131.227
0.187395
1
0
0.037491
12
2
i = 221
21948
2103
2127
2113.93
0.0506839
3.6834
40.2287
0.479475
374.665
344.955
370.969
0.0862342
1
0
1.01464
21
1
i = 222
21929
2107
2124
2113.98
0.0751097
2.8617
23.9681
0.545311
172.96
154.965
171.115
0.146576
1
0
0.526085
14
1
i = 223
21240
2105
2122
2113.99
0.088569
3.05752
20.9901
0.526996
161.36
151.655
159.632
0.16641
1
0
0.202354
14
0
i = 224
21928
2107
2122
2114.03
0.0813284
2.82536
21.9912
0.54886
154.1
144.31
154.557
0.159785
1
0
0.0650691
12
1
i = 225
21975
2104
2124
2114.03
0.0855447
2.99896
21.5046
0.53126
161.91
146.825
161.499
0.161145
1
0
0.125043
17
1
i = 226
22737
2106
2124
2114.1
0.0546609
3.0124
33.7478
0.530606
253.87
243.28
254.081
0.103191
1
0
0.188266
15
2
i = 227
21241
2103
2123
2114.1
0.0957464
3.04806
19.3724
0.527114
151.65
140.02
147.585
0.179127
1
0
0.315799
17
0
i = 228
22731
2107
2120
2114.14
0.119872
2.84818
15.1152
0.551474
104.69
99.88
104.384
0.243996
1
0
0.0513413
10
2
i = 229
21182
2107
2121
2114.16
0.119544
2.80024
14.9104
0.552216
103.445
96.835
103.15
0.237632
1
0
0.172974
11
0
i = 230
22730
2105
2121
2114.18
0.125702
2.87394
14.3618
0.544585
102.36
95.215
102.019
0.245667
1
0
0.00451656
13
2
i = 231
21216
2102
2126
2114.22
0.0643444
3.85993
32.4381
0.468381
313.285
291.7
313.171
0.106941
1
0
0.442689
21
0
i = 232
21927
2107
2120
2114.25
0.0925022
2.7607
19.2573
0.559286
130.095
124.36
129.221
0.189944
1
0
0.0989516
10
1
i = 233
21242
2106
2123
2114.29
0.105099
2.9548
17.3809
0.535668
129.125
116.52
128.216
0.200191
1
0
0.246231
14
0
i = 234
22796
2106
2123
2114.33
0.122304
2.94145
14.9015
0.536844
108.72
100.29
109.441
0.233415
1
0
0.0319767
14
2
i = 235
22729
2106
2124
2114.33
0.0877262
2.87539
20.5364
0.542744
147.82
135.79
147.768
0.169023
1
0
0.0126164
15
2
i = 236
21926
2106
2123
2114.36
0.0794939
2.83625
22.5088
0.546515
160.655
146.98
159.577
0.154263
1
0
0.125203
14
1
i = 237
21243
2108
2122
2114.39
0.0972812
2.82864
18.4489
0.550351
129.04
120.505
129.118
0.193863
1
0
0.171809
11
0
i = 238
22728
2106
2121
2114.54
0.103002
2.93435
17.7619
0.540533
128.68
118.88
127.823
0.201868
1
0
0.0551998
12
2
i = 239
21925
2103
2122
2114.55
0.0773751
3.07691
24.1295
0.52599
185.185
175.25
183.927
0.145741
1
0
0.15589
16
1
i = 240
21244
2109
2122
2114.57
0.0808048
2.64949
21.5736
0.570183
140.715
133.49
141.147
0.168425
1
0
0.109792
10
0
i = 241
21245
2108
2121
2114.67
0.0933364
2.78216
19.0938
0.556051
130.66
122.435
130.175
0.189236
1
0
0.11923
10
0
i = 242
21246
2107
2121
2114.79
0.0969856
2.87617
18.6995
0.54675
132.61
122.7
131.469
0.193211
1
0
0.114806
11
0
i = 243
22727
2106
2121
2114.86
0.111347
2.86032
16.2428
0.547947
114.56
105.89
113.635
0.22189
1
0
0.0156482
12
2
i = 244
21924
2104
2121
2115.01
0.0905569
2.76961
19.6419
0.556553
133.56
127.295
133.216
0.182959
1
0
0.0580112
14
1
i = 245
21181
2108
2123
2115.01
0.111888
2.88405
16.1586
0.543625
116.145
107.09
115.768
0.218257
1
0
0.11385
12
0
i = 246
22797
2107
2122
2115.09
0.113958
2.91804
15.9686
0.540841
115.53
106.79
115.023
0.221716
1
0
0.00325468
12
2
i = 247
22759
2102
2126
2115.12
0.0465419
3.7488
44.1985
0.475329
413.18
390.725
414.13
0.0785328
1
0
0.298639
21
2
i = 248
21247
2106
2122
2115.19
0.103181
2.86008
17.4523
0.545837
124.235
115.235
123.415
0.202031
1
0
0.137905
13
0
i = 249
22726
2104
2123
2115.24
0.116009
2.83193
15.4152
0.547102
109.585
101.105
108.88
0.225606
1
0
0.0196019
16
2
i = 250
21976
2106
2125
2115.39
0.0879001
2.95817
20.7861
0.534954
156.75
138.49
153.918
0.166779
1
0
0.390729
16
1
i = 251
21923
2108
2123
2115.49
0.0894264
2.83644
20.0316
0.547573
141.6
130.295
141.166
0.17504
1
0
0.44076
12
1
i = 252
21180
2107
2122
2115.51
0.111081
2.9329
16.462
0.540562
119.745
109.82
118.473
0.217564
1
0
0.102429
12
0
i = 253
22725
2105
2123
2115.55
0.119113
3.03669
15.5674
0.5293
117.59
112.525
117.204
0.225526
1
0
0.0128204
15
2
i = 254
22798
2108
2124
2115.79
0.108197
2.95227
16.886
0.536448
124.055
112.48
124.119
0.207114
1
0
0.0119757
13
2
i = 255
22724
2106
2122
2115.85
0.127393
3.03608
14.6916
0.533406
109.58
105.64
108.319
0.24969
1
0
0.00894365
13
2
i = 256
21248
2108
2125
2115.87
0.102706
2.92349
17.6941
0.538641
130.265
116.655
129.208
0.196861
1
0
0.134594
14
0
i = 257
21922
2107
2130
2116.05
0.0872623
3.07162
21.3374
0.525063
169.86
155.4
164.138
0.162592
1
0
0.386462
20
1
i = 258
21179
2106
2123
2116.43
0.123651
3.05727
15.1207
0.529914
116.405
109.355
113.192
0.238165
1
0
0.263015
14
0
i = 259
21249
2106
2126
2116.53
0.0845218
3.16332
22.3553
0.517385
179.34
165.23
176.829
0.155171
1
0
0.225915
17
0
i = 260
22799
2105
2122
2116.54
0.123946
2.87495
14.7952
0.550164
104.26
97.71
102.212
0.253776
1
0
0.0537588
14
2
i = 261
21977
2106
2123
2116.55
0.0864771
2.88259
20.9491
0.544783
149.79
137.28
148.49
0.170188
1
0
0.310285
14
1
i = 262
22723
2107
2127
2116.56
0.100814
3.09038
18.5242
0.523397
144.16
135.515
143.331
0.187162
1
0
0.0248856
17
2
i = 263
21921
2109
2124
2116.6
0.0715249
2.87361
25.2156
0.544241
179.655
165.765
179.773
0.139344
1
0
0.0468085
12
1
i = 264
21250
2107
2123
2116.72
0.0746933
2.89197
24.3314
0.544617
173.76
160.345
172.401
0.147637
1
0
0.0666099
13
0
i = 265
22721
2108
2125
2116.83
0.0864632
2.86536
20.8021
0.543814
147.72
135.785
148.796
0.167042
1
0
0.0606078
14
2
i = 266
21251
2108
2123
2116.86
0.0771261
2.88898
23.5821
0.545496
168
154.555
166.429
0.153277
1
0
0.0702586
12
0
i = 267
21920
2107
2123
2116.86
0.067555
2.98913
27.4548
0.537143
202.31
183.46
199.686
0.132956
1
0
0.0734757
13
1
i = 268
21919
2108
2123
2116.89
0.0735936
2.94265
24.9854
0.541168
179.925
166.31
179.055
0.14573
1
0
0.136291
12
1
i = 269
22722
2107
2126
2116.95
0.074662
3.04434
24.8274
0.527421
189.225
178.83
188.951
0.139748
1
0
0.0615971
16
2
i = 270
22720
2106
2125
2117.12
0.097941
2.90016
18.4787
0.54068
134.025
123.1
133.62
0.188293
1
0
0.00426507
16
2
i = 271
21252
2105
2123
2117.14
0.086448
2.92602
21.2753
0.543643
155.52
142.38
150.903
0.173022
1
0
0.264372
15
0
i = 272
22719
2106
2127
2117.21
0.112943
3.04745
16.419
0.527018
126.765
119.195
125.278
0.211062
1
0
0.0346733
18
2
i = 273
21918
2110
2124
2117.32
0.0847142
2.83733
21.196
0.549067
147.805
139.68
148.176
0.167942
1
0
0.11341
11
1
i = 274
21253
2107
2123
2117.5
0.0954507
2.75595
18.7042
0.560254
127.555
120.175
124.803
0.196983
1
0
0.112333
13
0
i = 275
21178
2107
2123
2117.61
0.110432
2.87587
16.6394
0.550559
117.64
108.915
114.707
0.226948
1
0
0.159088
13
0
i = 276
22800
2106
2125
2117.66
0.112038
2.95317
16.3171
0.536563
123.96
108.755
119.577
0.214804
1
0
0.289798
16
2
i = 277
22718
2110
2126
2117.67
0.125488
2.7934
14.1548
0.550998
98.81
91.09
98.7105
0.245976
1
0
0.0270179
13
2
i = 278
21978
2108
2124
2117.75
0.0843199
2.95908
21.8384
0.53908
158.205
146.04
157.83
0.165701
1
0
0.193207
13
1
i = 279
21254
2109
2125
2117.8
0.0957333
2.97436
19.1765
0.535136
141.275
128.12
141.166
0.183631
1
0
0.0676801
13
0
i = 280
22717
2107
2128
2117.85
0.121566
2.87211
14.8087
0.542829
110.26
96.155
106.569
0.233938
1
0
0.158686
18
2
i = 281
21917
2109
2126
2117.88
0.0968711
2.84888
18.5134
0.545372
131.555
119.66
131.668
0.187672
1
0
0.13244
14
1
i = 282
21255
2110
2128
2118.08
0.0956011
3.04738
19.4096
0.527648
148.095
141.04
147.775
0.179586
1
0
0.195545
15
0
i = 283
21916
2112
2127
2118.09
0.0957828
2.76197
18.5267
0.55692
128.005
119.275
127.069
0.193147
1
0
0.376006
12
1
i = 284
21915
2111
2125
2118.14
0.0847594
2.70518
20.6492
0.561081
137.585
131.78
138.443
0.170397
1
0
0.134363
11
1
i = 285
22716
2107
2127
2118.17
0.109638
2.97529
16.714
0.53348
129.13
112.25
124.34
0.207539
1
0
0.298347
17
2
i = 286
22715
2107
2126
2118.2
0.109942
2.93983
16.5768
0.537169
122.195
111.355
121.384
0.210194
1
0
0.0226495
16
2
i = 287
21177
2109
2124
2118.48
0.113033
3.04345
16.8111
0.536438
123.22
121.625
121.948
0.228122
1
0
0.135718
12
0
i = 288
21256
2111
2128
2118.49
0.102786
2.97894
17.8604
0.534156
132.755
120.62
132.736
0.196073
1
0
0.0470148
14
0
i = 289
22801
2109
2127
2118.5
0.104727
2.93528
17.3811
0.537202
127.4
116.41
127.449
0.199749
1
0
0.00945226
15
2
i = 290
22714
2107
2125
2118.54
0.123717
3.0026
14.976
0.534683
114.435
107.265
110.112
0.240387
1
0
0.307266
15
2
i = 291
21257
2111
2128
2118.65
0.104754
2.99171
17.5583
0.532865
131.25
118.365
131.068
0.199151
1
0
0.0437254
14
0
i = 292
21914
2110
2128
2118.8
0.0972854
3.03644
19.0315
0.52825
146.77
135.54
144.412
0.182545
1
0
0.44125
15
1
i = 293
21979
2108
2126
2118.98
0.0877396
3.03715
21.1683
0.530138
160.145
152.265
158.644
0.167361
1
0
0.416212
15
1
i = 294
22713
2109
2130
2119.23
0.120048
3.23927
15.9264
0.51121
132.365
119.795
129.166
0.217658
1
0
0.252795
18
2
i = 295
22802
2110
2129
2119.41
0.112471
2.82055
15.8622
0.547797
112.455
103.465
112.056
0.218452
1
0
0.0157802
16
2
i = 296
21176
2109
2130
2119.51
0.116159
3.13972
16.2043
0.519213
127.65
120.265
127.413
0.21385
1
0
0.145784
18
0
i = 297
22711
2110
2130
2120.21
0.0686421
3.03165
26.9458
0.528401
205.845
194.7
204.514
0.12862
1
0
0.0552934
17
2
i = 298
21258
2110
2131
2120.28
0.0932525
3.70874
21.949
0.478243
204.71
191.165
203.102
0.15871
1
0
0.62435
18
0
i = 299
22710
2113
2128
2120.3
0.11438
2.81016
15.5875
0.550041
108.245
101.91
108.961
0.224772
1
0
0.0528439
12
2
i = 300
21911
2111
2129
2120.32
0.0736689
3.06164
25.2382
0.526137
193.74
183.235
192.859
0.137736
1
0
0.228385
15
1
i = 301
21175
2111
2129
2120.35
0.11964
2.91491
15.1609
0.539016
109.96
101.645
110.463
0.228878
1
0
0.167548
15
0
i = 302
21980
2108
2129
2120.39
0.087331
3.11138
21.4629
0.521914
168
158.505
166.647
0.161973
1
0
0.360534
18
1
i = 303
22803
2112
2129
2120.46
0.119067
3.01562
15.5009
0.530363
116.695
111.195
116.573
0.224727
1
0
0.0624875
14
2
i = 304
21910
2111
2130
2120.47
0.0807178
2.81127
22.0657
0.548697
155.51
143.375
155.368
0.157033
1
0
0.0764999
16
1
i = 305
21261
2112
2130
2120.48
0.09566
2.8533
18.7596
0.544779
135.44
122.81
133.967
0.184929
1
0
0.100374
15
0
i = 306
22708
2112
2129
2120.6
0.101256
2.91662
17.9218
0.539064
130.66
119.38
130.486
0.193974
1
0
0.0962269
14
2
i = 307
22709
2111
2127
2120.62
0.115137
2.91053
15.8263
0.542635
114.76
105.125
112.999
0.22639
1
0
0.0769996
13
2
i = 308
21262
2108
2130
2120.67
0.0932538
2.8479
19.2235
0.545154
141.165
124.69
137.103
0.180247
1
0
0.169576
19
0
i = 309
21909
2109
2132
2120.71
0.0809125
2.96147
22.5926
0.534571
169.11
151.245
167.688
0.153331
1
0
0.104969
20
1
i = 310
21263
2112
2127
2120.91
0.0936268
2.67234
18.6159
0.565434
122.53
115.32
122.472
0.190794
1
0
0.14452
12
0
i = 311
21260
2111
2134
2120.97
0.0773255
3.54286
25.8646
0.489041
233.29
215.135
229.301
0.134326
1
0
0.519519
20
0
i = 312
21912
2110
2133
2121.03
0.0645062
3.77568
32.0042
0.473659
302.985
283.53
302.212
0.108481
1
0
1.75679
20
1
i = 313
21913
2110
2132
2121.04
0.0873779
4.30451
25.2769
0.445034
267.035
257.2
269.723
0.139588
1
0
2.21894
19
1
i = 314
21174
2113
2129
2121.07
0.106505
2.85299
16.8561
0.545309
119.2
111.685
119.859
0.206733
1
0
0.199232
13
0
i = 315
22707
2114
2131
2121.1
0.0985226
2.82428
18.1422
0.54853
127.84
118.895
127.946
0.192933
1
0
0.0395429
14
2
i = 316
21908
2109
2135
2121.18
0.0867916
3.16751
21.7825
0.516892
181.59
161.455
172.941
0.159032
1
0
0.490276
23
1
i = 317
21264
2113
2127
2121.23
0.095878
2.79357
18.6927
0.555612
127.255
121.99
126.994
0.195154
1
0
0.179888
11
0
i = 318
22706
2114
2129
2121.4
0.121569
2.88611
14.8691
0.543135
106.48
98.255
106.528
0.236469
1
0
0.141617
12
2
i = 319
22804
2114
2133
2121.45
0.105658
2.98592
17.3969
0.533567
130.705
117.71
129.709
0.201382
1
0
0.0707947
16
2
i = 320
21907
2114
2131
2121.53
0.0989122
2.90535
18.3215
0.540567
133.455
121.475
132.935
0.19057
1
0
0.409207
14
1
i = 321
21259
2111
2136
2121.57
0.0621132
3.82813
33.4735
0.470543
320.63
298.33
320.561
0.103876
1
0
0.775456
22
0
i = 322
21265
2113
2131
2121.62
0.0983716
2.88551
18.3452
0.541733
134.81
120.885
132.458
0.189111
1
0
0.262116
15
0
i = 323
21906
2114
2130
2121.65
0.0941663
2.8446
19.0383
0.546175
135.895
124.385
135.103
0.183147
1
0
0.142764
13
1
i = 324
22705
2111
2128
2121.66
0.115158
2.84368
15.6272
0.548567
110.525
101.795
109.224
0.228309
1
0
0.018118
14
2
i = 325
22704
2111
2129
2121.69
0.131374
2.94112
13.8868
0.53765
102.805
92.555
101.352
0.252369
1
0
0.0668182
15
2
i = 326
21981
2110
2129
2121.72
0.0840592
3.11266
22.3604
0.523485
175.03
164.43
171.942
0.158133
1
0
0.422177
16
1
i = 327
21266
2114
2129
2121.82
0.0983474
2.77792
18.0227
0.553132
123.935
116.19
124.354
0.194244
1
0
0.160982
12
0
i = 328
22703
2111
2129
2122.14
0.109248
2.93816
16.7158
0.538816
122.32
112.49
121.281
0.211552
1
0
0.0279542
15
2
i = 329
21905
2114
2130
2122.18
0.068096
2.68741
25.5783
0.561478
170.645
162.225
171.674
0.135788
1
0
0.100191
13
1
i = 330
22702
2113
2133
2122.28
0.0789868
2.93552
23.0426
0.536986
169.99
154.525
169.445
0.15041
1
0
0.0291402
17
2
i = 331
21173
2112
2132
2122.29
0.10622
3.06336
17.5041
0.525675
138.2
125.74
134.212
0.198025
1
0
0.518921
17
0
i = 332
22805
2113
2132
2122.33
0.11068
3.03519
16.7221
0.528174
128.38
120.67
126.998
0.207406
1
0
0.0544579
16
2
i = 333
21267
2114
2130
2122.41
0.0696023
2.84016
25.7378
0.546618
181.18
169.245
181.981
0.135496
1
0
0.0920371
13
0
i = 334
22712
2108
2135
2122.53
0.057202
3.90753
36.7098
0.465425
360.32
333.725
359.158
0.094407
1
0
0.390404
24
2
i = 335
21904
2115
2135
2122.57
0.0493003
2.86409
36.4887
0.54425
267.44
239.22
261.352
0.0955133
1
0
0.661018
17
1
i = 336
22700
2115
2130
2122.64
0.0990921
2.83172
18.0627
0.548027
126.115
117.855
127.011
0.194118
1
0
0.10421
12
2
i = 337
21903
2115
2131
2122.74
0.0525129
2.79036
33.8054
0.551262
234.79
217.715
235.483
0.10296
1
0
0.069953
13
1
i = 338
21902
2113
2129
2122.8
0.0763011
2.8979
23.8638
0.544419
170.975
157.15
169.136
0.151113
1
0
0.078859
13
1
i = 339
21270
2116
2128
2122.81
0.100394
2.80159
18.12
0.560171
121.775
117.115
120.808
0.212931
1
0
0.12881
9
0
i = 340
22701
2114
2131
2122.82
0.0447004
2.94338
40.7871
0.536711
298.595
271.685
299.389
0.0853129
1
0
0.1347
14
2
i = 341
22699
2116
2130
2122.85
0.116482
2.86467
15.49
0.546547
109.28
100.68
109.584
0.23001
1
0
0.0776855
11
2
i = 342
22698
2112
2130
2122.86
0.0977486
2.71002
17.902
0.55953
121.07
112.275
120.769
0.194719
1
0
0.0202298
15
2
i = 343
21269
2116
2130
2122.88
0.0728317
2.83009
24.6113
0.549535
170.63
159.245
172.192
0.14429
1
0
0.49104
11
0
i = 344
21271
2116
2130
2122.98
0.0930664
2.69639
18.7732
0.561906
124.78
117.46
125.599
0.187268
1
0
0.113133
11
0
i = 345
21268
2116
2136
2123
0.055621
3.01753
33.2794
0.531785
254.315
239.22
250.144
0.106373
1
0
1.167
17
0
i = 346
22697
2112
2133
2123.03
0.105189
2.83164
16.9933
0.546695
121.975
111.18
120.567
0.203864
1
0
0.0433622
18
2
i = 347
21272
2113
2131
2123.07
0.0982909
2.89813
18.4057
0.540837
134.47
122.02
133.026
0.188982
1
0
0.120205
15
0
i = 348
21901
2114
2133
2123.17
0.0905748
3.04755
20.476
0.527127
154.3
149.31
156.141
0.169421
1
0
0.282073
16
1
i = 349
21982
2107
2130
2123.18
0.0644412
3.06993
29.0227
0.528059
228.845
211.635
219.027
0.123061
1
0
0.53343
20
1
i = 350
21899
2117
2128
2123.32
0.10247
2.72125
17.7414
0.572404
113.79
113.28
112.922
0.227353
1
0
0.444605
8
1
i = 351
21900
2115
2130
2123.32
0.0930168
2.83414
19.2789
0.548643
133.35
127.86
134.89
0.183424
1
0
0.552483
12
1
i = 352
22806
2114
2130
2123.35
0.106455
2.89532
17.0387
0.543129
121.95
113.42
121.584
0.208249
1
0
0.0122705
13
2
i = 353
21273
2109
2134
2123.4
0.100773
2.91513
17.9976
0.538805
139.725
118.635
131.478
0.192481
1
0
0.428474
22
0
i = 354
21172
2117
2130
2123.4
0.0957922
3.02668
19.5391
0.536835
143.65
140.145
143.425
0.192123
1
0
0.49469
10
0
i = 355
21274
2109
2131
2123.43
0.0994735
3.04063
18.6475
0.52876
151.47
134.105
140.746
0.187906
1
0
1.32683
19
0
i = 356
22696
2114
2131
2123.43
0.121055
2.82206
14.7491
0.548207
103.83
96.38
103.696
0.236114
1
0
0.0296625
14
2
i = 357
21275
2114
2131
2123.61
0.104601
2.7511
16.8529
0.555209
115.44
107.93
115.517
0.206597
1
0
0.0233518
14
0
i = 358
22695
2113
2131
2123.75
0.118469
2.98607
15.5242
0.533896
116.17
103.875
114.841
0.226447
1
0
0.023058
15
2
i = 359
21898
2117
2131
2123.77
0.0892506
2.79894
19.9682
0.552381
137.025
129.435
138.367
0.177509
1
0
0.262096
11
1
i = 360
22694
2114
2130
2123.87
0.114026
2.88078
15.9253
0.546134
114.26
104.04
112.144
0.226685
1
0
0.0601032
13
2
i = 361
21171
2115
2130
2123.9
0.0682606
2.98232
27.1508
0.537997
197.47
181.83
196.804
0.134762
1
0
0.125201
12
0
i = 362
21276
2118
2130
2123.91
0.0979598
2.6198
17.6721
0.573732
113.135
107.65
113.4
0.205809
1
0
0.0756528
9
0
i = 363
22693
2115
2131
2123.92
0.132347
2.99125
13.9185
0.533946
102.94
92.955
102.861
0.253837
1
0
0.0123361
13
2
i = 364
22692
2114
2132
2123.94
0.0978459
2.97047
18.72
0.534272
140.455
124.515
138.62
0.185915
1
0
0.192032
15
2
i = 365
22807
2113
2132
2123.95
0.0573234
3.00921
32.1638
0.530887
241.625
229.56
241.179
0.108276
1
0
0.0415083
16
2
i = 366
22691
2115
2132
2123.97
0.101779
2.75754
17.3344
0.554221
119.085
110.045
119.422
0.200245
1
0
0.034444
14
2
i = 367
21897
2117
2132
2123.97
0.0870353
2.92436
20.9277
0.540192
150.875
138.515
151.877
0.16906
1
0
0.128905
12
1
i = 368
21896
2116
2130
2123.99
0.0851567
2.89021
21.3997
0.546297
151.845
139.475
150.508
0.170471
1
0
0.00986738
11
1
i = 369
21983
2113
2135
2124.05
0.0505529
3.06268
36.7734
0.525672
282.745
268.535
282.202
0.0942082
1
0
0.0306066
19
1
i = 370
21278
2110
2134
2124.07
0.102435
3.28463
18.7957
0.507702
164.995
141.63
154.446
0.184491
1
0
1.03015
21
0
i = 371
21279
2110
2137
2124.09
0.109408
3.41289
17.9366
0.497964
164.26
138.795
153.423
0.193133
1
0
0.757487
24
0
i = 372
21893
2112
2132
2124.12
0.0538056
2.99784
34.2073
0.532019
259.345
233.12
255.321
0.101931
1
0
0.304726
17
1
i = 373
21894
2111
2133
2124.13
0.0711318
2.92799
25.5554
0.537728
190.14
171.81
187.18
0.135684
1
0
0.286485
19
1
i = 374
20484
2115
2130
2124.14
0.0829824
2.80116
21.6038
0.55433
150.125
140.42
147.528
0.167964
1
0
0.137574
12
0
i = 375
22685
2115
2132
2124.15
0.118317
2.76016
14.9194
0.554023
102.59
96.255
102.818
0.232794
1
0
0.0128429
14
2
i = 376
21277
2115
2133
2124.17
0.0955054
2.97987
19.2033
0.533158
144.25
129.36
143.001
0.180775
1
0
0.159758
15
0
i = 377
22690
2116
2133
2124.2
0.115688
2.80943
15.3932
0.549104
108.715
100.155
108.14
0.225544
1
0
0.0156057
14
2
i = 378
20483
2115
2131
2124.23
0.0904088
2.92776
20.17
0.539997
145.565
135.465
145.64
0.175705
1
0
0.0715273
13
0
i = 379
22689
2116
2131
2124.24
0.11716
2.81631
15.2504
0.550086
106.94
99.335
106.194
0.231212
1
0
0.0244142
12
2
i = 380
22683
2117
2131
2124.28
0.0822297
2.79683
21.6664
0.552618
149.06
141.235
149.579
0.163646
1
0
0.122754
11
2
i = 381
22687
2113
2134
2124.28
0.065235
3.01448
28.2725
0.529889
214.14
203.7
213.395
0.122569
1
0
0.00894138
18
2
i = 382
22686
2117
2131
2124.31
0.121397
2.93276
15.0605
0.541012
108.27
101.095
108.424
0.238595
1
0
0.137765
11
2
i = 383
20482
2118
2133
2124.31
0.104213
2.90916
17.4921
0.543131
127.195
115.81
126.072
0.205578
1
0
0.396108
12
0
i = 384
21892
2114
2133
2124.32
0.0739747
2.9758
24.775
0.533483
182.995
167.965
184.249
0.140073
1
0
0.175583
16
1
i = 385
20481
2117
2131
2124.33
0.0695342
2.80517
25.666
0.551922
177.955
167.105
177.586
0.138318
1
0
0.143771
11
0
i = 386
22688
2113
2131
2124.34
0.0665012
2.88821
27.237
0.54367
196.06
180.505
194.021
0.130116
1
0
0.0236117
15
2
i = 387
20485
2113
2132
2124.34
0.0876448
2.80464
20.3059
0.549776
145.19
131.315
142.019
0.171298
1
0
0.296791
16
0
i = 388
21895
2118
2134
2124.37
0.0935679
2.88225
19.3726
0.545124
138.515
127.84
138.695
0.184625
1
0
0.288005
13
1
i = 389
20480
2117
2130
2124.38
0.0656277
2.73654
27.0471
0.561938
181.095
173.08
179.632
0.135564
1
0
0.070854
10
0
i = 390
22684
2117
2133
2124.4
0.0894226
2.81153
19.9335
0.549444
139.395
129.85
139.883
0.175037
1
0
0.108786
13
2
i = 391
21170
2113
2137
2124.47
0.07391
3.25986
25.9493
0.509524
217.285
196.985
211.992
0.133504
1
0
0.307749
21
0
i = 392
21890
2116
2136
2124.47
0.0725865
2.88615
24.8652
0.54168
181.44
164.31
179.715
0.139535
1
0
0.124389
17
1
i = 393
21891
2117
2133
2124.48
0.0832503
2.79821
21.3579
0.550644
148.495
138.5
149.199
0.163202
1
0
0.0386026
13
1
i = 394
22682
2117
2132
2124.49
0.106131
2.87098
16.9851
0.544461
121.09
111.885
121.053
0.206808
1
0
0.0156218
12
2
i = 395
22808
2115
2136
2124.5
0.0840029
3.17516
22.5352
0.516403
181.07
168.265
179.171
0.153909
1
0
0.0808839
18
2
i = 396
22681
2117
2135
2124.54
0.0926933
2.86715
19.4183
0.543999
140.04
127.615
139.188
0.179544
1
0
0.0352631
15
2
i = 397
21888
2117
2132
2124.58
0.0771637
2.89831
23.4774
0.542061
169.22
155.47
168.725
0.149865
1
0
0.084463
12
1
i = 398
20486
2116
2131
2124.6
0.0933558
2.7968
19.0983
0.552711
131.885
123.305
131.548
0.185959
1
0
0.0820126
12
0
i = 399
21889
2116
2134
2124.6
0.078837
3.01693
23.4098
0.529967
177.585
168.44
176.547
0.148422
1
0
0.207762
15
1
i = 400
21887
2117
2131
2124.61
0.0785271
2.69823
22.2805
0.562327
149.05
140.385
148.388
0.158742
1
0
0.0609758
11
1
i = 401
22680
2117
2133
2124.75
0.114334
2.93802
15.9403
0.537705
117.145
105.93
116.641
0.219317
1
0
0.0283015
13
2
i = 402
22679
2116
2132
2124.76
0.127815
2.85315
14.0548
0.545744
100.775
91.685
99.5766
0.24901
1
0
0.121668
13
2
i = 403
20488
2113
2136
2124.77
0.0921781
3.0356
20.0781
0.528006
155.22
144.695
152.743
0.172536
1
0
0.09251
20
0
i = 404
20487
2118
2132
2124.78
0.0997766
2.86641
18.0915
0.546447
127.015
118.515
128.092
0.197071
1
0
0.244783
11
0
i = 405
21886
2117
2133
2124.83
0.0694586
2.90962
26.1074
0.540184
191.025
170.325
189.258
0.133732
1
0
0.418627
13
1
i = 406
20489
2117
2137
2124.92
0.0728374
2.88739
24.7912
0.541821
181.955
161.96
179.12
0.14028
1
0
0.177787
17
0
i = 407
22678
2117
2135
2124.95
0.0829967
2.8539
21.6284
0.544922
154.845
140.51
154.436
0.160691
1
0
0.0527427
15
2
i = 408
22677
2117
2135
2125.01
0.0721315
2.88004
25.0003
0.542453
181.895
165.295
180.128
0.139031
1
0
0.141108
15
2
i = 409
21885
2117
2133
2125.01
0.0644962
2.86396
27.8893
0.544294
200.035
183.595
199.075
0.124982
1
0
0.346441
13
1
i = 410
20490
2117
2134
2125.31
0.0776554
2.89684
23.2888
0.540877
168.31
154.625
168.538
0.149239
1
0
0.0945862
14
0
i = 411
22676
2117
2134
2125.32
0.105688
2.80571
16.8382
0.549445
119.24
108.925
118.128
0.206147
1
0
0.157311
14
2
i = 412
21984
2115
2135
2125.35
0.0647191
3.12257
29.0056
0.520701
226.14
214.86
226.606
0.119539
1
0
0.0281777
17
1
i = 413
21884
2117
2132
2125.38
0.0665793
2.88664
27.2069
0.544137
194.665
179.735
193.409
0.130639
1
0
0.168165
12
1
i = 414
20491
2117
2132
2125.53
0.0759231
3.02071
24.4887
0.53351
183.855
176.295
180.814
0.147599
1
0
0.332853
12
0
i = 415
22675
2116
2133
2125.64
0.072524
2.90237
24.9814
0.541028
181.95
164.565
180.116
0.140013
1
0
0.0961401
14
2
i = 416
20492
2115
2132
2125.71
0.068454
2.98352
27.0138
0.536889
200.34
181.345
196.853
0.133996
1
0
0.116406
14
0
i = 417
22674
2116
2133
2125.79
0.0720584
2.85811
24.9521
0.545244
176.945
162.76
177.106
0.140237
1
0
0.0356751
14
2
i = 418
20493
2118
2137
2125.8
0.085685
2.86028
20.9755
0.54441
150.86
136.855
150.109
0.165841
1
0
0.0816349
16
0
i = 419
21883
2117
2133
2125.82
0.0574309
2.85699
31.305
0.545475
222.315
203.305
221.959
0.111903
1
0
0.0930747
13
1
i = 420
21882
2116
2136
2125.86
0.0682839
2.82095
26.1282
0.547735
185.045
168.52
184.679
0.132594
1
0
0.0241146
17
1
i = 421
20494
2119
2133
2125.88
0.101667
2.71481
17.247
0.560147
115.995
109.01
116.168
0.204124
1
0
0.178555
11
0
i = 422
21169
2115
2135
2125.9
0.0994187
3.10832
18.8403
0.521977
147.65
137.79
146.377
0.18418
1
0
0.106692
17
0
i = 423
22672
2119
2134
2125.9
0.120952
2.79136
14.698
0.552167
101.555
94.155
102.127
0.239033
1
0
0.023227
12
2
i = 424
22673
2117
2134
2125.93
0.105063
2.92088
17.2869
0.538767
125.91
113.745
125.91
0.201277
1
0
0.00539066
14
2
i = 425
21881
2118
2134
2126.01
0.09337
2.97312
19.6371
0.534609
145.4
133.07
145.221
0.178171
1
0
0.0415503
13
1
i = 426
22671
2119
2136
2126.05
0.111215
2.84309
16.1289
0.54687
114.99
106.095
114.46
0.217347
1
0
0.0565431
14
2
i = 427
22670
2119
2136
2126.17
0.104937
2.79166
16.9298
0.551516
117.59
110.125
118.081
0.206339
1
0
0.0171679
14
2
i = 428
21880
2118
2132
2126.18
0.0865131
2.93832
21.333
0.543271
153.095
143.395
151.46
0.173863
1
0
0.0216764
11
1
i = 429
22809
2115
2137
2126.22
0.111925
3.07196
16.6346
0.524878
130.01
121.175
128.033
0.208265
1
0
0.0740753
19
2
i = 430
20495
2119
2133
2126.28
0.0949218
2.74908
18.5986
0.557009
126.21
119.86
126.406
0.189946
1
0
0.131805
11
0
i = 431
20496
2120
2133
2126.39
0.0975462
2.66936
17.8563
0.566248
117.375
112.33
117.646
0.199633
1
0
0.0973193
10
0
i = 432
20497
2118
2133
2126.42
0.103566
2.64725
16.7125
0.566751
109.955
104.22
109.7
0.209771
1
0
0.0779849
12
0
i = 433
22669
2117
2134
2126.43
0.106188
2.8755
16.9754
0.543228
121.985
112.145
121.501
0.205415
1
0
0.0121301
14
2
i = 434
21879
2115
2133
2126.46
0.0800406
2.90829
22.7299
0.542272
164.53
151.11
162.647
0.156694
1
0
0.0363231
15
1
i = 435
22668
2117
2133
2126.57
0.111236
2.80995
16.0659
0.551357
112.135
104.155
111.217
0.220955
1
0
0.00777909
13
2
i = 436
20498
2119
2133
2126.58
0.115256
2.7263
15.2627
0.559593
103.87
96.605
102.639
0.232099
1
0
0.0738152
11
0
i = 437
21878
2115
2135
2126.68
0.0943592
3.0103
19.5391
0.530609
149.09
140.125
146.764
0.177929
1
0
0.127521
17
1
i = 438
20499
2115
2134
2126.82
0.116412
3.00344
15.8499
0.532554
120.67
112.67
117.808
0.222255
1
0
0.120492
16
0
i = 439
22667
2120
2133
2126.88
0.120039
2.74969
14.7611
0.559195
99.66
93.92
99.3547
0.244564
1
0
0.0431657
10
2
i = 440
21877
2114
2135
2126.95
0.0976811
3.12072
19.2286
0.521593
151.73
141.36
149.277
0.181608
1
0
0.224272
18
1
i = 441
21985
2116
2138
2126.98
0.0676452
3.01915
27.2857
0.529445
208.945
194.67
206.433
0.126964
1
0
0.0829176
19
1
i = 442
20500
2117
2137
2127.05
0.102241
2.92125
17.758
0.538262
130.525
118.935
129.939
0.195114
1
0
0.0366023
17
0
i = 443
22666
2118
2134
2127.06
0.118013
2.78549
15.044
0.55247
103.92
97.775
103.954
0.232954
1
0
0.0164183
13
2
i = 444
21876
2118
2134
2127.13
0.0786844
2.88937
23.0038
0.543103
165.76
152.675
164.314
0.153333
1
0
0.285077
13
1
i = 445
21168
2119
2135
2127.14
0.0956171
2.81306
18.6417
0.549061
130.61
121.775
130.755
0.186756
1
0
0.0129006
13
0
i = 446
20501
2113
2136
2127.15
0.0925613
3.09531
20.1949
0.523134
161.41
147.53
156.163
0.171925
1
0
0.381493
20
0
i = 447
22810
2118
2136
2127.15
0.0806359
2.87641
22.3442
0.542554
160.815
148.025
160.759
0.155217
1
0
0.0561625
15
2
i = 448
22665
2118
2136
2127.21
0.110095
2.99486
16.7008
0.531845
126
113.04
124.964
0.207908
1
0
0.0349694
15
2
i = 449
20502
2116
2136
2127.39
0.0935231
3.00634
19.6979
0.530816
149.69
140.485
147.933
0.17626
1
0
0.164967
17
0
i = 450
22648
2117
2137
2127.45
0.0453824
3.67417
44.9158
0.480916
409.715
390.96
410.294
0.0779081
1
0
0.462859
17
2
i = 451
20503
2119
2136
2127.48
0.10081
2.84464
17.7757
0.545714
126.425
116.82
126.362
0.195345
1
0
0.188391
14
0
i = 452
22664
2118
2134
2127.5
0.0984133
2.91421
18.5124
0.541929
133.365
123.065
132.587
0.192799
1
0
0.0123451
13
2
i = 453
21875
2120
2134
2127.51
0.0782672
2.79801
22.7843
0.552844
157.905
147.68
156.978
0.156169
1
0
0.086723
11
1
i = 454
20504
2119
2137
2127.65
0.107296
2.88425
16.8156
0.541845
122.465
110.83
121.362
0.206301
1
0
0.174982
15
0
i = 455
22662
2120
2136
2127.66
0.125399
3.04092
14.7961
0.529056
112.425
106.13
111.845
0.237487
1
0
0.136793
13
2
i = 456
22663
2116
2135
2127.68
0.110481
2.99183
16.66
0.533274
126.5
111.98
123.56
0.210783
1
0
0.118563
16
2
i = 457
21874
2119
2136
2127.7
0.0880191
3.18549
21.5665
0.516633
171.995
160.5
170.679
0.162478
1
0
0.258945
14
1
i = 458
21873
2120
2136
2127.72
0.0867006
3.00866
21.2805
0.531683
160.92
150.88
159.25
0.164797
1
0
0.723074
13
1
i = 459
22661
2119
2136
2127.73
0.116886
3.00035
15.7501
0.531703
117.585
112.195
117.783
0.221158
1
0
0.0369648
14
2
i = 460
22660
2120
2137
2127.83
0.114768
2.98409
16.0015
0.533347
119.855
106.82
119.179
0.218103
1
0
0.0627551
14
2
i = 461
21872
2120
2135
2127.85
0.0782229
2.70693
22.3608
0.560044
150.595
139.795
150.557
0.156146
1
0
0.0696163
12
1
i = 462
20505
2119
2139
2127.94
0.102119
3.01772
18.0722
0.529721
138.435
127.64
136.559
0.191948
1
0
0.221579
17
0
i = 463
20506
2114
2136
2127.95
0.0965815
3.09276
19.3583
0.523869
155.46
140.87
149.005
0.180257
1
0
0.493452
19
0
i = 464
20507
2118
2134
2127.96
0.0981942
3.02946
19.0652
0.534408
144.96
136.85
139.963
0.193352
1
0
0.518925
13
0
i = 465
21167
2119
2137
2127.97
0.104743
2.90442
17.2853
0.53995
126.9
112.785
125.577
0.200678
1
0
0.0627754
15
0
i = 466
20515
2113
2135
2127.99
0.0644867
3.5168
31.2848
0.495998
272.825
262.21
267.089
0.117856
1
0
1.01919
19
0
i = 467
22811
2121
2139
2128.06
0.109046
2.85906
16.4972
0.545396
120.07
108.725
117.748
0.212611
1
0
0.371811
15
2
i = 468
22659
2117
2138
2128.08
0.102716
2.9532
17.7722
0.535338
134.45
119.32
131.466
0.19495
1
0
0.161055
18
2
i = 469
21871
2117
2136
2128.17
0.0806324
2.93219
22.5717
0.537825
167.81
150.565
164.9
0.154304
1
0
0.310035
16
1
i = 470
21869
2119
2135
2128.23
0.0845608
3.0128
21.9011
0.532916
165.11
157.575
162.27
0.162823
1
0
0.214855
13
1
i = 471
21870
2118
2137
2128.24
0.0850833
3.07544
21.8998
0.524857
171.1
159.71
168.199
0.158592
1
0
0.315485
16
1
i = 472
21863
2115
2139
2128.26
0.0529421
3.63028
38.2342
0.482974
350.985
329.165
347.085
0.0907366
1
0
1.53723
21
1
i = 473
20508
2118
2140
2128.3
0.092168
3.04089
20.0979
0.527559
157.23
145.245
153.15
0.172385
1
0
0.197621
19
0
i = 474
22658
2119
2137
2128.34
0.114839
2.92448
15.8207
0.538143
116.085
105.415
115.641
0.21935
1
0
0.17338
15
2
i = 475
22657
2120
2138
2128.43
0.108147
2.86726
16.6344
0.543478
119.73
109.385
119.362
0.208604
1
0
0.0244572
15
2
i = 476
21868
2119
2135
2128.5
0.090156
3.01088
20.5756
0.533923
155.46
147.79
151.708
0.174894
1
0
0.381462
13
1
i = 477
20516
2116
2137
2128.52
0.0513596
3.38315
38.0935
0.50123
324.135
297.845
320.131
0.0919353
1
0
0.719748
18
0
i = 478
22654
2121
2137
2128.55
0.11251
2.91487
16.136
0.539866
117.195
106.99
117.211
0.216729
1
0
0.117621
13
2
i = 479
22656
2120
2136
2128.56
0.109204
2.89487
16.568
0.541745
118.715
109.765
119.163
0.21112
1
0
0.0380044
13
2
i = 480
21986
2114
2138
2128.56
0.0671159
3.25297
28.5507
0.510259
241.59
215.52
232.125
0.121562
1
0
0.731141
21
1
i = 481
20509
2119
2137
2128.58
0.102897
2.99195
17.8621
0.532198
134.335
120.345
133.387
0.194564
1
0
0.116172
15
0
i = 482
20514
2119
2135
2128.63
0.103199
3.06301
18.1756
0.530319
138.325
132.505
135.705
0.200117
1
0
0.297297
13
0
i = 483
22655
2121
2137
2128.74
0.117549
2.89863
15.3975
0.541201
111.185
101.175
111.237
0.226743
1
0
0.123475
13
2
i = 484
22652
2121
2138
2128.77
0.114548
2.95821
15.9622
0.535647
118.14
106.28
117.888
0.218586
1
0
0.0541882
14
2
i = 485
20510
2118
2139
2128.78
0.107036
3.13509
17.5724
0.5196
142.435
128.61
137.945
0.197207
1
0
0.334795
18
0
i = 486
22649
2116
2139
2128.78
0.103953
3.27982
18.507
0.508034
156.055
140.81
151.924
0.187298
1
0
0.500987
20
2
i = 487
21867
2120
2137
2128.84
0.079399
2.96843
23.0617
0.534509
172.58
153.09
170.642
0.150981
1
0
0.251983
14
1
i = 488
20511
2118
2138
2128.85
0.0935731
3.03473
19.7777
0.528201
152.385
141.25
150.12
0.175343
1
0
0.246398
17
0
i = 489
21866
2121
2139
2128.86
0.077868
2.91605
23.3072
0.539261
171.55
153.18
169.949
0.149363
1
0
0.126529
15
1
i = 490
22653
2121
2138
2128.86
0.0995085
2.99585
18.4918
0.532307
138.615
123.425
138.251
0.188745
1
0
0.162735
14
2
i = 491
21862
2116
2139
2128.86
0.0408567
3.35845
47.6511
0.502096
407.42
368.52
400.336
0.0727746
1
0
1.38853
20
1
i = 492
21864
2119
2138
2128.87
0.0755012
3.26747
25.442
0.509368
210.295
193.845
207.394
0.136729
1
0
1.08065
16
1
i = 493
20512
2121
2139
2128.92
0.0906849
3.03097
20.4093
0.52917
154.845
145.775
154.536
0.170949
1
0
0.112095
15
0
i = 494
22812
2120
2137
2128.93
0.0857633
2.73358
20.4811
0.556605
139.55
128.775
139.926
0.16942
1
0
0.0387476
14
2
i = 495
20513
2122
2137
2129.04
0.107655
2.91092
16.875
0.541252
121.61
112.98
121.945
0.209271
1
0
0.0972665
12
0
i = 496
21865
2119
2136
2129.04
0.0896824
2.9469
20.3862
0.537844
152.035
136.135
148.482
0.173153
1
0
0.424359
14
1
i = 497
22651
2122
2137
2129.07
0.113635
2.88622
15.9144
0.543364
113.83
105.88
114.096
0.221474
1
0
0.115822
12
2
i = 498
21166
2122
2135
2129.18
0.0936849
2.73091
18.8818
0.561678
125.62
121.255
125.705
0.192412
1
0
0.172368
10
0
i = 499
22650
2122
2136
2129.18
0.102936
2.81826
17.3759
0.550619
120.485
113.93
120.884
0.204248
1
0
0.0856093
11
2
i = 500
22647
2119
2140
2129.31
0.0543155
2.91019
33.3631
0.539268
244.765
222.22
243.3
0.103838
1
0
0.073886
18
2
i = 501
20517
2120
2137
2129.32
0.0558099
3.03465
33.1979
0.529208
251.41
240.645
250.171
0.10546
1
0
0.110485
14
0
i = 502
21861
2121
2139
2129.68
0.0419092
2.98179
43.7769
0.533012
327.67
293.46
326.39
0.0793181
1
0
0.170278
15
1
i = 503
20518
2120
2136
2129.75
0.0480884
2.89981
37.8579
0.544036
270.805
249.62
268.77
0.0950453
1
0
0.0331887
13
0
i = 504
22645
2118
2138
2129.78
0.0554786
2.90937
32.6672
0.539637
238.865
215.175
237.313
0.106328
1
0
0.0286614
17
2
i = 505
22646
2119
2139
2129.83
0.0528814
2.917
34.3092
0.538693
252.405
225.875
250.496
0.101022
1
0
0.0520059
17
2
i = 506
21165
2115
2138
2129.88
0.0662182
2.98267
27.717
0.533137
213.615
185.505
206.162
0.125521
1
0
0.672985
20
0
i = 507
22813
2122
2139
2129.9
0.053222
2.8937
33.9674
0.541314
245.375
222.43
245.598
0.102458
1
0
0.0841775
14
2
i = 508
21860
2118
2139
2129.92
0.0606873
3.04729
30.5586
0.527129
234.995
219.65
232.871
0.113503
1
0
0.10293
18
1
i = 509
21987
2121
2140
2129.95
0.0538745
3.00443
34.1804
0.530896
257.02
242.93
257.029
0.101493
1
0
0.0146224
16
1
i = 510
22644
2119
2136
2129.96
0.103476
2.83004
17.3903
0.55092
121.64
111.84
120.342
0.207396
1
0
0.024863
14
2
i = 511
20519
2120
2139
2129.97
0.0592632
2.98062
30.9482
0.532981
231.85
205.55
230.707
0.112061
1
0
0.0677771
16
0
i = 512
21859
2117
2139
2130.02
0.0742389
3.01427
24.8447
0.53001
189.84
179.01
187.275
0.139607
1
0
0.109727
19
1
i = 513
22643
2119
2138
2130.12
0.0776128
2.83533
23.0535
0.546708
164.255
151.64
163.11
0.150763
1
0
0.0747687
16
2
i = 514
20520
2119
2144
2130.25
0.086575
3.21021
21.9838
0.51345
186
164.58
176.875
0.157585
1
0
1.03515
22
0
i = 515
20521
2123
2137
2130.31
0.0951381
2.89306
19.0738
0.544289
135.82
126.77
135.677
0.187609
1
0
0.0593925
11
0
i = 516
22642
2123
2138
2130.35
0.117145
2.75567
15.0664
0.555172
102.55
97.22
103.38
0.231951
1
0
0.0467015
12
2
i = 517
20522
2122
2137
2130.37
0.0956279
2.79807
18.6292
0.552029
129.055
121.16
128.758
0.189572
1
0
0.0407153
12
0
i = 518
21858
2123
2139
2130.46
0.0828479
2.91645
21.9217
0.539804
159.095
146.17
159.321
0.159661
1
0
0.117966
13
1
i = 519
22641
2123
2137
2130.5
0.106491
2.80619
16.7719
0.552106
115.96
109.02
115.86
0.212293
1
0
0.0173469
11
2
i = 520
22639
2123
2141
2130.52
0.123311
2.95049
14.8128
0.536536
111.095
98.925
109.17
0.23599
1
0
0.182817
15
2
i = 521
21164
2121
2140
2130.56
0.077719
3.0295
23.7916
0.528661
183.405
170.815
180.319
0.145765
1
0
0.22371
16
0
i = 522
22638
2121
2139
2130.56
0.108849
2.85363
16.4877
0.544758
117.185
108.36
117.607
0.210432
1
0
0.0165772
15
2
i = 523
20524
2122
2138
2130.59
0.0934606
2.96236
19.5918
0.535868
144.13
131.53
143.942
0.179104
1
0
0.0703598
13
0
i = 524
20523
2122
2140
2130.61
0.0961599
3.02026
19.2032
0.529679
145.27
138.355
144.978
0.180939
1
0
0.0296758
15
0
i = 525
22640
2122
2140
2130.62
0.103129
2.82304
17.3078
0.547642
122.145
112.62
122.308
0.200355
1
0
0.0130251
15
2
i = 526
21857
2122
2139
2130.63
0.0914176
2.90155
19.7988
0.540437
143.63
131.16
143.426
0.175543
1
0
0.10029
14
1
i = 527
21856
2122
2140
2130.64
0.0893874
2.99649
20.5759
0.531732
155.36
138.975
154.149
0.168802
1
0
0.107514
15
1
i = 528
20527
2122
2138
2130.66
0.0841784
2.76104
20.9818
0.554331
143.66
134.66
144.229
0.16612
1
0
0.101962
13
0
i = 529
20525
2123
2141
2130.72
0.0985925
3.01859
18.7386
0.530432
143.29
134
141.263
0.186516
1
0
0.260453
15
0
i = 530
22637
2121
2141
2130.72
0.102283
2.84339
17.5124
0.545574
125.59
113.835
124.764
0.197835
1
0
0.0390673
17
2
i = 531
20526
2123
2136
2130.72
0.099646
2.82514
18.2917
0.556176
125.045
118.745
123.534
0.207729
1
0
0.0432396
10
0
i = 532
21853
2120
2137
2130.75
0.0841468
2.93229
21.7705
0.541273
158.72
144.605
156.114
0.16575
1
0
0.0897843
14
1
i = 533
22636
2120
2138
2130.77
0.114272
2.80308
15.5776
0.550341
109.75
99.915
108.586
0.224146
1
0
0.0482701
15
2
i = 534
22814
2123
2139
2130.81
0.0871049
2.91819
20.85
0.53943
150.945
138.185
151.577
0.167516
1
0
0.0504956
13
2
i = 535
22635
2121
2139
2130.81
0.0822045
2.87175
21.903
0.543135
157.125
143.1
157.082
0.158545
1
0
0.00878808
15
2
i = 536
21854
2121
2138
2130.84
0.086697
2.92655
20.9975
0.539206
152.605
138.65
152.289
0.167263
1
0
0.0331023
14
1
i = 537
21852
2123
2140
2130.84
0.0749248
2.86454
24.0059
0.54403
173.16
155.79
171.871
0.144935
1
0
0.282061
14
1
i = 538
20528
2124
2137
2130.85
0.0890609
2.77334
19.9884
0.557063
135.36
127.705
135.594
0.181049
1
0
0.151283
10
0
i = 539
21855
2123
2139
2130.87
0.0886832
3.10373
21.1422
0.523911
162.985
152.875
162.815
0.166575
1
0
0.513124
13
1
i = 540
22633
2123
2139
2130.95
0.106605
2.78922
16.648
0.551329
115.515
106.23
115.882
0.208984
1
0
0.017194
13
2
i = 541
22634
2121
2137
2131.01
0.107501
2.9539
17.1682
0.540672
125.72
115.49
123.179
0.213428
1
0
0.14194
13
2
i = 542
22632
2123
2140
2131.02
0.115643
2.89879
15.6456
0.540791
113.35
104.175
113.319
0.222345
1
0
0.0156701
14
2
i = 543
20529
2124
2136
2131.04
0.104591
2.73691
17.2371
0.566774
113.01
110.615
111.945
0.224453
1
0
0.104445
9
0
i = 544
20530
2122
2137
2131.08
0.0853504
2.77071
20.8609
0.55681
143.115
134.94
141.274
0.172918
1
0
0.262384
12
0
i = 545
21851
2117
2142
2131.09
0.0795816
3.27529
24.1571
0.508337
208.18
182.635
198.187
0.143426
1
0
1.00713
22
1
i = 546
21850
2117
2140
2131.26
0.068193
3.11265
27.4901
0.521744
221.565
202.1
213.642
0.126384
1
0
0.731744
20
1
i = 547
22631
2123
2139
2131.27
0.0778611
2.92115
23.3385
0.539198
169.695
156.1
169.574
0.149714
1
0
0.00406375
13
2
i = 548
21988
2123
2143
2131.31
0.0652889
3.22484
29.2454
0.513122
237.425
221.035
235.623
0.119429
1
0
0.272754
17
1
i = 549
20531
2122
2143
2131.38
0.0561889
2.89201
32.1504
0.540987
239.83
212.735
232.982
0.10778
1
0
0.881023
18
0
i = 550
22630
2123
2140
2131.46
0.0425253
2.86636
42.3005
0.543676
302.815
278.635
302.936
0.0821135
1
0
0.059915
14
2
i = 551
21849
2122
2138
2131.52
0.0473419
2.85312
38.0482
0.547315
270.375
248.9
267.268
0.0934359
1
0
0.160855
13
1
i = 552
21848
2124
2138
2131.57
0.0585515
2.85795
30.8189
0.547714
217.025
201.6
216.199
0.116264
1
0
0.208987
11
1
i = 553
22629
2121
2138
2131.66
0.0868048
2.83457
20.6955
0.549379
146.48
134.755
144.23
0.172276
1
0
0.114702
14
2
i = 554
20532
2119
2142
2131.66
0.0556345
3.09064
33.567
0.523299
264.95
242.97
259.865
0.103217
1
0
1.09256
20
0
i = 555
20533
2123
2145
2131.79
0.0823943
3.09108
22.6718
0.523511
178.72
163.62
175.44
0.15317
1
0
0.659304
19
0
i = 556
21847
2123
2139
2131.8
0.0858492
3.05673
21.6954
0.528368
164.225
156.64
163.741
0.163117
1
0
0.0783538
13
1
i = 557
22628
2121
2138
2131.88
0.115468
2.92533
15.8669
0.542419
116.155
104.75
113.228
0.228673
1
0
0.120605
14
2
i = 558
20534
2124
2141
2131.9
0.0985403
3.01847
18.7447
0.530352
140.39
133.62
141.16
0.186274
1
0
0.170056
14
0
i = 559
21163
2123
2139
2131.93
0.103773
2.9942
17.7605
0.533708
132.46
118.255
131.367
0.198976
1
0
0.0263166
13
0
i = 560
22815
2124
2139
2131.95
0.103694
2.87475
17.4041
0.544389
123.86
113.96
123.84
0.202406
1
0
0.0780474
12
2
i = 561
22627
2121
2139
2132.04
0.120241
3.01292
15.3849
0.532272
116.005
110.885
114.372
0.230288
1
0
0.0690283
15
2
i = 562
21846
2122
2138
2132.13
0.0890438
2.8498
20.331
0.549986
142.955
133.81
141
0.179289
1
0
0.0472421
13
1
i = 563
20535
2126
2137
2132.25
0.104972
2.72669
17.2993
0.571634
111.765
110.62
110.551
0.232361
1
0
0.170914
8
0
i = 564
22625
2125
2139
2132.38
0.092719
2.78192
19.1654
0.554094
131.575
123.885
131.545
0.185014
1
0
0.0630445
11
2
i = 565
22626
2124
2142
2132.41
0.119073
3.0038
15.4664
0.53117
116.235
110.8
116.148
0.224746
1
0
0.0432966
15
2
i = 566
21845
2124
2139
2132.44
0.0851815
2.82677
21.0335
0.549566
148.035
137.215
146.61
0.168482
1
0
0.0997087
12
1
i = 567
20536
2124
2141
2132.51
0.0910673
2.93787
20.0001
0.537149
146.31
134.03
146.669
0.173876
1
0
0.0339691
14
0
i = 568
21844
2123
2139
2132.73
0.0894063
2.99098
20.7194
0.536432
154.155
138.545
151.197
0.175103
1
0
0.238779
13
1
i = 569
20537
2122
2144
2132.76
0.0916569
2.92604
19.8245
0.5378
146.95
131.215
145.379
0.174743
1
0
0.0302815
19
0
i = 570
22624
2123
2141
2132.78
0.101367
2.868
17.7505
0.543472
128.66
116.155
127.155
0.195603
1
0
0.137575
15
2
i = 571
21989
2123
2142
2133.06
0.0750977
3.2785
25.6247
0.508603
208.815
197.05
209.426
0.135879
1
0
0.0751205
16
1
i = 572
22816
2125
2143
2133.08
0.103883
2.89684
17.4092
0.540865
127.87
115.525
126.161
0.19963
1
0
0.104121
15
2
i = 573
20538
2121
2143
2133.08
0.0947964
2.91627
19.1361
0.538711
144.15
127.31
139.802
0.181047
1
0
0.21416
19
0
i = 574
22623
2125
2141
2133.22
0.120268
2.79249
14.766
0.551045
102.745
95.945
102.816
0.235703
1
0
0.0139243
13
2
i = 575
22622
2124
2141
2133.23
0.108598
2.75191
16.2307
0.554878
111.035
104.56
111.495
0.214035
1
0
0.0158388
14
2
i = 576
21162
2125
2142
2133.31
0.105748
3.18996
17.9635
0.516284
144.035
134.235
142.524
0.19509
1
0
0.157239
14
0
i = 577
21843
2125
2142
2133.32
0.0960104
2.9283
18.9395
0.538022
138.46
126.415
138.499
0.183607
1
0
0.0840736
14
1
i = 578
22621
2125
2141
2133.33
0.121611
2.91124
14.917
0.540106
107.885
99.815
108.008
0.23422
1
0
0.0537676
13
2
i = 579
20539
2123
2142
2133.34
0.0942626
2.75106
18.692
0.554699
129.735
119.885
128.708
0.185422
1
0
0.0581691
16
0
i = 580
21842
2125
2140
2133.45
0.093726
2.91551
19.4387
0.541845
140.035
129.145
139.29
0.183617
1
0
0.0726396
12
1
i = 581
22820
2119
2145
2133.61
0.0603508
4.98001
39.4343
0.414346
480.615
461.93
484.677
0.0902288
1
0
6.11795
23
2
i = 582
21841
2123
2141
2133.61
0.0934493
3.20964
20.4348
0.515788
164.505
153.555
161.812
0.173533
1
0
0.208118
15
1
i = 583
20540
2127
2139
2133.67
0.0983577
2.55722
17.4296
0.581139
108.405
105.44
108.244
0.20989
1
0
0.122806
9
0
i = 584
22620
2125
2144
2133.81
0.115099
2.90248
15.7245
0.540091
116.07
103.6
114.285
0.220521
1
0
0.101204
16
2
i = 585
20541
2126
2141
2134.02
0.0953536
2.79832
18.6649
0.551416
129.415
121.655
129.47
0.188109
1
0
0.0495986
12
0
i = 586
22619
2126
2141
2134.1
0.113779
2.63325
15.1619
0.567759
99.795
94.5
99.3
0.230163
1
0
0.0627053
12
2
i = 587
21840
2126
2140
2134.19
0.0941555
2.72719
18.7648
0.561409
126.41
119.52
124.968
0.192533
1
0
0.15648
11
1
i = 588
22817
2122
2143
2134.19
0.103006
2.89903
17.56
0.540403
131.375
116.155
127.351
0.197455
1
0
0.216894
18
2
i = 589
20542
2120
2143
2134.19
0.098965
3.08348
18.8521
0.524142
150.44
137.785
145.214
0.184181
1
0
0.237887
20
0
i = 590
20543
2120
2141
2134.25
0.101687
3.12656
18.5887
0.523883
146.475
137.685
142.439
0.19347
1
0
0.177726
18
0
i = 591
22618
2124
2145
2134.27
0.108827
2.89602
16.6108
0.540584
121.3
110.15
120.548
0.208558
1
0
0.0203522
18
2
i = 592
21161
2126
2143
2134.41
0.103031
3.11253
18.2051
0.522342
141.96
134.515
141.107
0.191897
1
0
0.194304
14
0
i = 593
21839
2127
2141
2134.41
0.0933111
2.75119
18.9327
0.556958
128.915
121.08
128.619
0.186901
1
0
0.106753
11
1
i = 594
22617
2126
2143
2134.58
0.111327
2.9516
16.3992
0.535931
120.51
109.82
120.783
0.212119
1
0
0.0164834
14
2
i = 595
21990
2124
2143
2134.61
0.068175
3.20079
27.8976
0.514927
224.87
209.55
222.278
0.125045
1
0
0.278754
16
1
i = 596
20544
2128
2140
2134.64
0.106865
2.77086
16.8363
0.56188
112.445
108.185
111.818
0.225445
1
0
0.0866187
9
0
i = 597
21159
2123
2144
2134.65
0.0691979
4.07775
31.119
0.457914
314.41
305.72
312.939
0.114345
1
0
7.43823
18
0
i = 598
21838
2126
2141
2134.7
0.0879144
2.84332
20.4764
0.548854
144.25
132.985
142.912
0.174662
1
0
0.0242969
12
1
i = 599
22615
2126
2141
2135.01
0.119224
2.85397
15.1758
0.549147
106.65
100.08
105.624
0.239016
1
0
0.0154667
12
2
i = 600
22616
2125
2143
2135.03
0.117669
3.03618
15.7419
0.528686
119.73
114.12
118.967
0.221571
1
0
0.016676
15
2
i = 601
21160
2124
2142
2135.06
0.0873804
3.27643
22.1739
0.512268
183.24
168.82
177.649
0.163133
1
0
1.69199
15
0
i = 602
20545
2129
2141
2135.11
0.102247
2.60867
16.891
0.574792
107.605
104.725
107.771
0.215
1
0
0.178093
9
0
i = 603
21837
2126
2143
2135.13
0.0868286
2.9233
20.9289
0.53866
153.255
139.55
152.42
0.166435
1
0
0.49104
14
1
i = 604
22818
2127
2143
2135.16
0.09462
2.83526
18.9135
0.546973
133.155
124.32
133.653
0.18418
1
0
0.0895673
13
2
i = 605
21836
2124
2146
2135.2
0.0889484
3.14412
21.1759
0.518827
172.095
155.61
166.791
0.16361
1
0
0.964587
19
1
i = 606
20546
2126
2143
2135.36
0.0976408
2.873
18.4517
0.543393
132.96
121.46
132.016
0.188852
1
0
0.0983718
14
0
i = 607
20547
2122
2144
2135.37
0.0926188
3.00118
19.8728
0.531257
153.195
141.975
149.013
0.174684
1
0
0.218655
19
0
i = 608
22613
2128
2143
2135.38
0.111034
2.84847
16.1692
0.546498
113.995
106.525
114.444
0.217022
1
0
0.0239642
12
2
i = 609
22614
2127
2143
2135.38
0.105816
2.82625
16.887
0.547906
118.55
110.45
118.858
0.206406
1
0
0.0148656
13
2
i = 610
22612
2127
2144
2135.53
0.108971
2.79858
16.3099
0.550124
114.63
105.38
114.106
0.212786
1
0
0.00991546
14
2
i = 611
21158
2123
2144
2135.61
0.0747167
3.96428
28.5299
0.465776
281.845
262.94
276.847
0.126895
1
0
3.89277
18
0
i = 612
21991
2123
2145
2135.69
0.0504902
3.08762
36.9718
0.523654
288.72
270.415
285.546
0.0937952
1
0
0.386276
19
1
i = 613
20548
2127
2142
2135.75
0.0761911
2.87972
23.804
0.545874
169.055
156.555
167.866
0.151036
1
0
0.13924
12
0
i = 614
21992
2122
2143
2135.86
0.0603467
4.01774
36.3312
0.467488
361.96
348.07
348.01
0.106595
1
0
6.51175
18
1
i = 615
21835
2126
2145
2135.9
0.0826185
2.90891
21.93
0.539459
161.125
142.095
159.639
0.158072
1
0
0.794407
16
1
i = 616
22819
2121
2146
2135.92
0.0632881
3.12192
29.657
0.520689
240.23
216.575
231.843
0.116844
1
0
0.5086
22
2
i = 617
20549
2127
2144
2135.95
0.0750044
3.01097
24.5919
0.530887
185.86
174.04
184.359
0.141811
1
0
0.239125
14
0
i = 618
20550
2127
2144
2136.04
0.0923382
2.91385
19.6465
0.539452
144.125
130.705
142.702
0.177165
1
0
0.109361
14
0
i = 619
22611
2126
2144
2136.06
0.0599166
2.92818
30.352
0.538112
222.02
203.655
221.553
0.114662
1
0
0.0720626
15
2
i = 620
21834
2124
2149
2136.08
0.0656577
3.08162
28.4009
0.524046
227.01
206.89
219.371
0.121972
1
0
0.569048
22
1
i = 621
21833
2127
2145
2136.15
0.0766457
2.94865
23.8021
0.535934
176.7
159.75
175.447
0.145798
1
0
0.133912
15
1
i = 622
22610
2127
2143
2136.18
0.107187
2.78959
16.5814
0.552295
114.75
107.67
114.596
0.211828
1
0
0.00470388
13
2
i = 623
21832
2128
2145
2136.19
0.0904891
2.85112
19.8265
0.545141
141.635
130.28
141.298
0.175214
1
0
0.140898
14
1
i = 624
22609
2129
2143
2136.2
0.102338
2.66951
16.9851
0.564612
111.72
107.34
112.446
0.206772
1
0
0.0845687
11
2
i = 625
22608
2129
2146
2136.22
0.123
2.74492
14.3183
0.555973
98.12
92.17
98.2541
0.243481
1
0
0.06411
14
2
i = 626
20552
2128
2143
2136.27
0.115613
2.95836
15.8684
0.537806
115.96
106.885
115.481
0.22465
1
0
0.0347459
12
0
i = 627
20551
2130
2142
2136.39
0.102246
2.6483
17.0616
0.571573
110.205
106.72
109.805
0.215248
1
0
0.0376018
9
0
i = 628
21831
2129
2145
2136.4
0.0930308
2.79632
19.1073
0.550885
135.08
123.055
133.387
0.182518
1
0
0.313099
13
1
i = 629
22607
2129
2144
2136.48
0.128841
2.8768
14.006
0.543944
99.82
92.485
100.015
0.250878
1
0
0.0842839
12
2
i = 630
21830
2130
2144
2136.58
0.0989443
2.719
17.7447
0.560018
120.42
112.295
119.772
0.198994
1
0
0.115221
11
1
i = 631
22606
2128
2146
2136.62
0.126206
2.75101
13.961
0.55472
96.35
89.17
96.1742
0.248291
1
0
0.00825593
15
2
i = 632
22605
2128
2146
2136.63
0.12337
2.93087
14.743
0.537569
108.33
97.945
108.089
0.23541
1
0
0.0330149
15
2
i = 633
21993
2121
2146
2136.64
0.0992226
5.23516
25.2038
0.409509
325.285
311.08
315.508
0.15349
1
0
13.9121
22
1
i = 634
20553
2127
2144
2136.68
0.114796
3.08804
16.3024
0.525408
126.255
119.075
124.457
0.216509
1
0
0.0883487
14
0
i = 635
21829
2123
2147
2136.91
0.102796
3.11127
18.2276
0.521577
151.5
132.14
142.013
0.190106
1
0
0.817442
21
1
i = 636
22604
2130
2144
2136.96
0.107751
2.88742
16.8155
0.544573
119.315
110.2
119.747
0.212248
1
0
0.056175
11
2
i = 637
20554
2130
2143
2137.06
0.102156
2.73941
17.3284
0.560534
115.985
111.59
115.933
0.209018
1
0
0.0923956
10
0
i = 638
20555
2130
2145
2137.17
0.0956716
2.80319
18.6138
0.550764
129.395
121.415
129.841
0.188305
1
0
0.0678103
12
0
i = 639
22603
2128
2145
2137.36
0.106931
2.88968
16.8984
0.541872
121.585
112.21
121.567
0.206306
1
0
0.0125777
14
2
i = 640
21828
2130
2145
2137.37
0.0898898
2.73822
19.5707
0.556858
133.88
125.225
133.475
0.178438
1
0
0.117581
12
1
i = 641
21827
2130
2146
2137.42
0.0799828
2.76851
22.1112
0.553547
151.975
142.92
152.878
0.157583
1
0
0.103509
13
1
i = 642
20556
2130
2148
2137.42
0.0926818
2.98209
19.8206
0.533939
149.135
133.32
147.545
0.176807
1
0
0.160952
15
0
i = 643
22602
2130
2146
2137.45
0.107449
2.88092
16.7967
0.542992
120.5
111.06
120.657
0.20812
1
0
0.00630694
13
2
i = 644
22821
2128
2144
2137.51
0.0966743
3.13927
19.6532
0.524071
151.905
145.82
150.258
0.185542
1
0
0.0424148
13
2
i = 645
21826
2130
2146
2137.74
0.0825188
2.8794
21.8595
0.542937
156.055
144.09
156.922
0.159614
1
0
0.107945
13
1
i = 646
20557
2130
2146
2137.8
0.0940029
3.01227
19.6384
0.531342
146.785
140.545
147.107
0.178536
1
0
0.0609906
13
0
i = 647
22601
2129
2148
2137.83
0.101107
2.81081
17.6149
0.548776
124.535
113.225
124.022
0.196768
1
0
0.0887622
16
2
i = 648
21157
2128
2146
2137.84
0.0912862
3.16472
20.7213
0.518028
163.035
154.58
163.057
0.168639
1
0
0.234367
15
0
i = 649
21825
2124
2146
2138.01
0.0873279
2.95219
20.9101
0.535914
157.99
140.365
153.902
0.166432
1
0
0.262168
19
1
i = 650
22600
2129
2148
2138.14
0.109405
2.8277
16.3275
0.547115
115.86
107.165
115.643
0.212247
1
0
0.0427084
16
2
i = 651
20558
2129
2146
2138.15
0.0967276
2.89159
18.6836
0.541541
134.69
124.195
134.645
0.186325
1
0
0.0201662
14
0
i = 652
22599
2131
2145
2138.21
0.108543
2.83608
16.5348
0.549063
115.295
109.045
115.665
0.215005
1
0
0.0684196
11
2
i = 653
22598
2131
2149
2138.36
0.114433
2.91894
15.879
0.539538
116.435
106.095
115.758
0.220382
1
0
0.0587927
15
2
i = 654
20559
2129
2147
2138.36
0.0932097
2.91949
19.4753
0.538602
143.675
129.405
142.109
0.178187
1
0
0.0760581
15
0
i = 655
21824
2130
2152
2138.4
0.0908701
3.04049
20.3908
0.527968
163.1
146.19
155.151
0.170496
1
0
0.626686
19
1
i = 656
21823
2128
2147
2138.62
0.0880339
3.02125
20.9807
0.529635
160.295
149.835
158.175
0.165684
1
0
0.152439
16
1
i = 657
22597
2130
2148
2138.66
0.120981
2.94282
15.0649
0.536484
111.415
100.59
110.888
0.230397
1
0
0.0285359
15
2
i = 658
20560
2131
2148
2138.71
0.0927418
2.86468
19.3965
0.544109
138.265
126.735
138.862
0.179531
1
0
0.0527774
14
0
i = 659
22588
2127
2148
2138.89
0.0828943
3.92435
25.4692
0.466439
246.55
232.865
246.871
0.139177
1
0
0.900541
18
2
i = 660
22822
2131
2145
2138.89
0.0893729
2.85669
20.2332
0.548743
141.25
131.565
141.151
0.178851
1
0
0.0929003
11
2
i = 661
21822
2131
2147
2138.96
0.0954889
2.91416
19.0051
0.539757
137.965
123.84
137.935
0.183697
1
0
0.268691
13
1
i = 662
20561
2132
2145
2138.96
0.105712
2.82406
17.0266
0.552966
117.34
109.18
117.119
0.21458
1
0
0.125876
10
0
i = 663
21156
2127
2146
2139.01
0.0980607
3.00399
18.8327
0.532947
144.455
134.83
139.675
0.187903
1
0
0.573876
16
0
i = 664
22596
2132
2148
2139.03
0.119634
2.86483
15.0548
0.544991
107.65
99.595
107.503
0.23329
1
0
0.0580289
13
2
i = 665
20568
2128
2149
2139.24
0.0654065
3.75078
31.4836
0.475842
294.685
278.15
293.781
0.110991
1
0
0.508226
18
0
i = 666
20562
2129
2153
2139.28
0.119756
3.24959
15.9904
0.510375
133.95
120.63
130.191
0.216742
1
0
0.267515
21
0
i = 667
22595
2132
2148
2139.3
0.125853
2.87263
14.3225
0.543899
103.07
94.54
102.591
0.244372
1
0
0.057326
13
2
i = 668
21821
2131
2147
2139.31
0.0992373
2.88034
18.1804
0.542875
131.22
119.8
130.327
0.191962
1
0
0.197373
13
1
i = 669
22594
2130
2147
2139.34
0.124405
2.9246
14.6138
0.538707
106.51
97.69
106.351
0.238739
1
0
0.0124386
14
2
i = 670
22587
2127
2151
2139.5
0.050375
3.44425
39.1351
0.495714
340.165
309.71
337.617
0.0885352
1
0
0.775897
21
2
i = 671
21820
2131
2145
2139.52
0.102018
2.77163
17.567
0.559065
118.45
112.755
117.659
0.210602
1
0
0.248636
11
1
i = 672
20563
2129
2148
2139.54
0.116812
3.0968
16.0098
0.523222
127.175
116.165
123.642
0.217306
1
0
0.294116
16
0
i = 673
21815
2124
2150
2139.56
0.0618024
3.66039
32.8917
0.481077
309.925
284.235
300.815
0.105575
1
0
1.43398
23
1
i = 674
21814
2129
2152
2139.56
0.0582972
3.53366
34.2563
0.489514
303.27
290.08
303.066
0.101255
1
0
0.956735
20
1
i = 675
21819
2132
2145
2139.65
0.0998304
2.82785
18.234
0.555503
124.555
118.72
123.538
0.207343
1
0
0.114655
10
1
i = 676
22593
2133
2148
2139.65
0.130891
2.91354
13.9063
0.541748
100.26
92.03
100.523
0.255911
1
0
0.0309437
12
2
i = 677
20564
2131
2147
2139.69
0.107435
2.85326
16.7193
0.545653
119.445
108.925
118.52
0.209163
1
0
0.0750924
13
0
i = 678
22823
2129
2150
2139.69
0.112938
2.98547
16.2517
0.532432
122.785
109.2
121.55
0.213181
1
0
0.0223104
18
2
i = 679
20567
2128
2148
2139.74
0.0971817
3.3237
19.9571
0.50578
167.53
154.105
164.668
0.175644
1
0
0.481161
17
0
i = 680
21994
2127
2152
2139.76
0.0837821
3.41204
23.4199
0.498031
209.31
182.655
200.239
0.147921
1
0
0.902278
22
1
i = 681
20569
2124
2151
2139.78
0.0608758
3.32391
31.8135
0.5046
267.945
245.615
264.903
0.108904
1
0
0.407364
24
0
i = 682
20565
2133
2146
2139.82
0.096988
2.70631
18.1036
0.563009
120.145
113.785
120.271
0.198146
1
0
0.0900841
10
0
i = 683
21155
2131
2148
2139.83
0.107263
3.01875
17.2173
0.530165
131.485
123.675
129.459
0.202476
1
0
0.403235
14
0
i = 684
22592
2131
2148
2139.93
0.116883
2.94164
15.5946
0.536907
114.96
103.13
114.358
0.223214
1
0
0.0147906
14
2
i = 685
20566
2132
2146
2140.09
0.100353
2.80621
17.8752
0.553887
122.59
116.875
122.29
0.203017
1
0
0.0553018
11
0
i = 686
22591
2131
2147
2140.14
0.109276
2.87459
16.5199
0.544435
117.51
109.75
117.432
0.213384
1
0
0.0285836
13
2
i = 687
21818
2133
2147
2140.15
0.0921095
2.77642
19.2634
0.554372
131.045
125.515
132.252
0.183573
1
0
0.290344
11
1
i = 688
21816
2131
2147
2140.29
0.0888654
3.00062
20.802
0.534075
153.895
149.765
153.435
0.171574
1
0
0.249721
13
1
i = 689
22590
2133
2147
2140.3
0.10996
2.74544
16.0443
0.557362
108.535
103.27
108.902
0.220158
1
0
0.0489971
11
2
i = 690
22589
2133
2149
2140.4
0.11828
2.97426
15.5132
0.534862
114.125
105.32
114.857
0.226339
1
0
0.0590031
13
2
i = 691
21817
2133
2149
2140.46
0.0937788
2.90421
19.3247
0.540893
139.145
128.615
139.886
0.181037
1
0
0.302883
13
1
i = 692
22824
2133
2146
2140.62
0.116901
2.84238
15.6102
0.554119
107.095
102.26
106.313
0.242248
1
0
0.0472283
10
2
i = 693
20570
2131
2148
2140.63
0.0809759
2.91423
22.421
0.53997
163.665
148.885
162.277
0.156067
1
0
0.177343
14
0
i = 694
21154
2130
2149
2140.89
0.107254
3.1031
17.4604
0.52297
137.015
127.73
134.861
0.199797
1
0
0.160264
16
0
i = 695
21813
2134
2149
2141.1
0.0794988
3.00143
23.2235
0.533612
171.295
167.31
172.605
0.152935
1
0
0.154631
12
1
i = 696
22586
2134
2148
2141.13
0.105678
2.79564
16.8513
0.552615
116.2
109.84
116.431
0.210148
1
0
0.0331695
11
2
i = 697
21995
2131
2151
2141.16
0.0851336
3.00057
21.6142
0.531119
164.125
154.88
162.395
0.160331
1
0
0.303275
17
1
i = 698
20571
2129
2148
2141.29
0.0970637
2.97096
18.9415
0.536445
142.13
127.635
138.538
0.187883
1
0
0.179621
16
0
i = 699
22585
2133
2149
2141.38
0.106508
2.8875
16.9618
0.542267
122.29
112.26
121.833
0.205882
1
0
0.0105469
13
2
i = 700
22825
2132
2150
2141.69
0.109633
3.0169
16.8361
0.530086
126.81
121.12
126.683
0.2066
1
0
0.0466767
15
2
i = 701
20572
2134
2149
2141.77
0.0987574
2.81545
18.0718
0.549587
125.81
117.07
126.301
0.19399
1
0
0.0473235
12
0
i = 702
22584
2134
2150
2141.79
0.119242
2.86445
15.0869
0.544284
107.955
98.495
107.759
0.231119
1
0
0.0199184
13
2
i = 703
21812
2135
2147
2141.86
0.0968845
2.78626
18.7307
0.561637
125.09
120.085
124.158
0.205928
1
0
0.126091
9
1
i = 704
21811
2128
2149
2141.97
0.0946612
3.00011
19.4917
0.533158
150.07
138.93
144.478
0.181301
1
0
0.366808
18
1
i = 705
22583
2133
2150
2142
0.11593
2.84389
15.4568
0.545882
110.11
99.84
109.701
0.224849
1
0
0.0138644
14
2
i = 706
20573
2134
2147
2142.08
0.0967986
2.68872
18.4218
0.57048
119.33
116.695
117.972
0.207442
1
0
0.0496325
10
0
i = 707
20574
2132
2148
2142.17
0.104601
2.84718
17.3071
0.5504
121.92
113.855
119.823
0.210988
1
0
0.0367489
13
0
i = 708
21153
2131
2154
2142.22
0.107247
3.33475
18.0876
0.503786
154.25
139.375
151.111
0.191558
1
0
0.227117
20
0
i = 709
22582
2134
2152
2142.27
0.11167
2.88225
16.1528
0.542128
117.105
106.965
116.495
0.214952
1
0
0.0112695
15
2
i = 710
21810
2128
2153
2142.28
0.0974145
3.082
19.1435
0.524022
150.575
140.18
147.828
0.180968
1
0
0.100388
22
1
i = 711
22581
2134
2151
2142.44
0.117127
2.86436
15.3527
0.543864
109.855
101.125
109.88
0.226239
1
0
0.00348605
14
2
i = 712
21809
2133
2149
2142.56
0.104079
2.85647
17.3219
0.547135
122.655
113.87
121.734
0.205534
1
0
0.0535439
13
1
i = 713
20575
2133
2152
2142.58
0.105035
2.982
17.4653
0.532824
131.09
117.125
130.332
0.198511
1
0
0.0755873
16
0
i = 714
22826
2135
2153
2142.6
0.10557
2.89319
17.1272
0.541555
124.54
113.28
123.87
0.20358
1
0
0.0547255
15
2
i = 715
21996
2133
2150
2142.61
0.0810415
3.03201
22.8662
0.529825
172.99
164.24
171.771
0.15371
1
0
0.242024
14
1
i = 716
22580
2135
2153
2142.61
0.115983
2.81225
15.3662
0.549086
110.19
99.345
108.096
0.226475
1
0
0.141339
15
2
i = 717
20576
2133
2149
2142.71
0.107559
3.02649
17.3346
0.533496
131.37
124.815
127.874
0.209805
1
0
0.324165
13
0
i = 718
21808
2134
2150
2142.77
0.0928466
3.03976
19.9987
0.529672
152.95
144.005
150.227
0.17665
1
0
0.345871
13
1
i = 719
21152
2134
2151
2142.85
0.119539
3.12033
15.7133
0.521805
121.775
115.165
121.892
0.222587
1
0
0.04245
14
0
i = 720
22579
2134
2150
2142.89
0.114121
2.83425
15.6914
0.547659
111.37
101.51
110.363
0.223253
1
0
0.0532731
13
2
i = 721
20577
2132
2149
2143.03
0.10239
2.99885
18.1949
0.537167
136.94
123.56
132.192
0.202709
1
0
0.46532
14
0
i = 722
21807
2134
2153
2143.12
0.0915959
3.23402
20.8626
0.511939
172
157.16
168.58
0.166651
1
0
0.481073
16
1
i = 723
22578
2132
2153
2143.23
0.126646
2.8098
14.0597
0.548817
100.985
91.245
98.9777
0.246404
1
0
0.0531396
18
2
i = 724
22827
2134
2150
2143.34
0.113355
2.98284
16.2598
0.535666
119.29
110.575
119.214
0.219511
1
0
0.0374576
13
2
i = 725
22577
2135
2153
2143.38
0.117356
2.87692
15.3553
0.542588
111.72
101.08
110.547
0.22603
1
0
0.0348593
15
2
i = 726
20578
2134
2153
2143.45
0.093225
3.01741
19.7946
0.529711
150.645
142.055
149.454
0.175185
1
0
0.0795824
16
0
i = 727
22576
2135
2150
2143.45
0.100015
2.85969
18.0271
0.54668
127.835
118.85
126.945
0.197146
1
0
0.11863
12
2
i = 728
21806
2136
2153
2143.53
0.0954752
2.83565
18.7472
0.546957
133.81
122.25
132.861
0.185872
1
0
0.158225
14
1
i = 729
21805
2137
2150
2143.54
0.100587
2.75847
17.6297
0.558049
118.95
113.655
119.456
0.204175
1
0
0.148882
10
1
i = 730
20579
2136
2153
2143.57
0.0963329
2.80981
18.4934
0.54937
129.99
119.825
129.908
0.188255
1
0
0.0481748
14
0
i = 731
22574
2133
2153
2143.59
0.117194
2.90188
15.4409
0.540069
113.035
102.18
112.196
0.224419
1
0
0.0227195
17
2
i = 732
22575
2134
2151
2143.63
0.111267
2.77496
15.9132
0.552891
110.69
102.02
109.969
0.218945
1
0
0.0141163
14
2
i = 733
21151
2134
2155
2143.64
0.105262
3.29346
18.3167
0.507099
154.435
139.65
150.992
0.189455
1
0
0.244268
18
0
i = 734
21997
2134
2152
2143.65
0.0725724
3.18052
26.1252
0.516631
206.805
195.215
206.768
0.133607
1
0
0.0433176
15
1
i = 735
21804
2135
2151
2143.67
0.0936707
2.93148
19.445
0.538637
140.74
130.415
141.388
0.180383
1
0
0.18535
13
1
i = 736
20580
2134
2150
2143.7
0.0988794
2.77638
17.9697
0.554807
124.96
115.19
122.822
0.197799
1
0
0.100562
13
0
i = 737
22571
2134
2150
2143.77
0.108458
2.8617
16.6654
0.547402
117.41
109.445
116.888
0.215352
1
0
0.0666456
13
2
i = 738
20582
2133
2154
2143.8
0.086688
2.85969
20.7219
0.544006
152.445
134.47
148.484
0.16718
1
0
0.220834
18
0
i = 739
21803
2135
2152
2143.87
0.0889842
3.07503
20.9513
0.525485
160.865
151.755
160.286
0.1667
1
0
0.0819427
14
1
i = 740
20583
2134
2152
2143.89
0.0976856
2.936
18.6396
0.537302
138.99
122.64
136.517
0.186547
1
0
0.187869
15
0
i = 741
22570
2134
2152
2143.9
0.127083
2.91542
14.2769
0.53916
103.27
94.5
103.858
0.243474
1
0
0.0357345
15
2
i = 742
21802
2135
2151
2143.91
0.0813447
3.03872
22.8344
0.530027
172.1
164.115
171.213
0.155145
1
0
0.0856972
13
1
i = 743
20581
2133
2156
2143.92
0.0886351
2.97496
20.6711
0.533359
162.4
136.815
154.13
0.167586
1
0
0.591619
20
0
i = 744
22572
2136
2150
2143.92
0.0954512
2.90142
19.1206
0.545126
135.56
125.685
135.102
0.190525
1
0
0.0442782
11
2
i = 745
20593
2134
2150
2143.95
0.305448
3.2098
6.35175
0.521035
51.965
47.715
48.973
0.593666
1
0
0.402769
13
0
i = 746
22573
2135
2151
2143.97
0.114947
3.04311
16.1758
0.529796
121.93
116.215
121.364
0.219358
1
0
0.00633282
13
2
i = 747
21801
2137
2157
2144.05
0.0928521
2.92923
19.6215
0.539165
148.21
131.325
143.376
0.179365
1
0
0.525113
17
1
i = 748
20585
2136
2151
2144.05
0.0987751
2.83837
18.1535
0.547778
128.8
118.92
127.554
0.193899
1
0
0.0696407
12
0
i = 749
21799
2136
2151
2144.06
0.0953582
2.85149
18.8502
0.546618
132.36
125.035
132.993
0.186916
1
0
0.167551
12
1
i = 750
20590
2136
2150
2144.07
0.0941716
2.73235
18.7595
0.560449
126.99
119.77
125.442
0.191716
1
0
0.0914106
11
0
i = 751
22569
2137
2150
2144.07
0.125429
2.86573
14.4882
0.549848
101.09
96.085
100.697
0.254656
1
0
0.0236031
10
2
i = 752
21800
2136
2154
2144.1
0.102432
2.8858
17.6218
0.541874
127.78
117.27
127.227
0.197177
1
0
0.140006
15
1
i = 753
21798
2136
2152
2144.1
0.0808833
2.84852
22.178
0.545728
156.39
146.725
157.449
0.157112
1
0
0.109579
13
1
i = 754
20586
2136
2151
2144.1
0.0877153
2.96997
20.9436
0.536498
154.61
141.505
153.262
0.169737
1
0
0.0736292
12
0
i = 755
22567
2133
2153
2144.11
0.0857148
2.84647
20.9095
0.545331
151.335
137.075
148.961
0.165768
1
0
0.0763551
17
2
i = 756
22828
2136
2152
2144.15
0.0857319
2.92853
21.2219
0.538502
154
142.76
154.645
0.164617
1
0
0.0398188
13
2
i = 757
20584
2131
2153
2144.16
0.105301
2.92098
17.2423
0.538375
128.535
114.67
125.985
0.201106
1
0
0.116962
19
0
i = 758
20589
2135
2151
2144.17
0.0848005
2.89577
21.3726
0.54262
154.255
142.065
152.908
0.16523
1
0
0.0457694
13
0
i = 759
22568
2135
2154
2144.17
0.114735
2.84749
15.6234
0.545215
114.5
102.21
111.423
0.22182
1
0
0.206756
16
2
i = 760
20592
2136
2151
2144.18
0.12922
2.91546
14.0803
0.541219
101.85
94.175
101.244
0.251817
1
0
0.141227
12
0
i = 761
21797
2136
2150
2144.19
0.0839945
2.88767
21.7443
0.547388
153.58
144.55
152.124
0.169407
1
0
0.0441795
11
1
i = 762
22563
2136
2150
2144.2
0.106301
2.86674
17.1113
0.549202
120.66
113.045
118.928
0.214862
1
0
0.153058
11
2
i = 763
20591
2137
2152
2144.22
0.103343
2.87449
17.4575
0.544255
124.875
115.375
124.663
0.201465
1
0
0.0498339
12
0
i = 764
22565
2135
2152
2144.23
0.0952494
2.84109
18.8059
0.546265
133.415
123.56
133.214
0.185
1
0
0.0160017
14
2
i = 765
22564
2135
2151
2144.25
0.0935443
2.91392
19.4465
0.541237
140.42
129.83
139.777
0.182169
1
0
0.00206716
13
2
i = 766
22566
2134
2153
2144.28
0.111569
2.9041
16.2268
0.539959
120.83
107.08
117.848
0.21373
1
0
0.176798
16
2
i = 767
21795
2137
2155
2144.29
0.0853842
2.8398
20.9852
0.546813
150.92
137.42
148.923
0.166453
1
0
0.325027
15
1
i = 768
22562
2136
2151
2144.31
0.11714
2.96517
15.6849
0.537349
115.05
106.065
114.313
0.227664
1
0
0.12988
12
2
i = 769
22560
2137
2154
2144.34
0.12911
2.9369
14.1194
0.538013
104.32
94.44
103.472
0.248145
1
0
0.247656
14
2
i = 770
21794
2136
2152
2144.34
0.0977283
3.04783
19.0079
0.528495
143.46
138.43
143.626
0.184934
1
0
0.0347977
13
1
i = 771
20587
2137
2151
2144.36
0.0877236
2.91132
20.761
0.542837
148.265
139.01
148.421
0.172815
1
0
0.0785344
11
0
i = 772
21793
2135
2150
2144.37
0.121255
3.15085
15.9913
0.527877
122.845
118.505
119.754
0.24181
1
0
0.187471
12
1
i = 773
21796
2137
2155
2144.38
0.0800863
2.90875
22.647
0.540409
164.945
150.355
164.551
0.154412
1
0
0.356854
15
1
i = 774
22561
2136
2154
2144.42
0.118855
2.93097
15.3041
0.537614
113.92
101.79
112.208
0.226892
1
0
0.198077
15
2
i = 775
20588
2137
2154
2144.47
0.081236
2.95786
22.5165
0.536
165.435
151.515
166.196
0.155446
1
0
0.0537639
14
0
i = 776
21150
2134
2154
2144.72
0.0821694
3.16295
22.9947
0.517453
185.625
169.855
181.794
0.150908
1
0
0.314405
17
0
i = 777
21998
2131
2153
2144.8
0.0628768
2.97367
29.1437
0.533877
216.75
195.06
216.224
0.119302
1
0
0.0342307
19
1
i = 778
22829
2137
2156
2144.96
0.073664
2.80533
24.1583
0.549535
169.415
154.635
169.658
0.143754
1
0
0.021277
16
2
i = 779
16272
2135
2152
2145.13
0.153099
3.31501
12.7501
0.509901
103.21
98.805
103.036
0.285719
1
0
0.107784
14
1
i = 780
17919
2134
2151
2145.32
0.13165
2.947
14.0795
0.542941
103.395
94.145
99.9695
0.265246
1
0
0.149766
14
2
i = 781
17918
2134
2155
2145.42
0.10713
2.96174
17.0648
0.534583
130.06
114.13
126.555
0.203063
1
0
0.196566
18
2
i = 782
17917
2136
2152
2145.46
0.109937
2.84414
16.3507
0.547925
115.11
107.46
114.639
0.216864
1
0
0.043321
13
2
i = 783
15875
2138
2152
2145.47
0.0988383
2.8049
18.0635
0.552158
125.22
116.81
124.783
0.19696
1
0
0.131984
11
0
i = 784
15874
2139
2151
2145.48
0.103937
2.84492
17.5558
0.555447
120.12
115.075
119.573
0.218024
1
0
0.187414
9
0
i = 785
21149
2135
2154
2145.5
0.0849527
2.99553
21.6468
0.531811
162.485
146.595
161.927
0.160446
1
0
0.0278045
16
0
i = 786
15873
2138
2151
2145.53
0.208457
3.01985
9.09148
0.540029
65.59
65.525
65.1733
0.427486
1
0
0.0594183
10
0
i = 787
16271
2135
2155
2145.69
0.0952244
2.99305
19.3001
0.53182
148.655
129.65
144.56
0.179609
1
0
0.378044
17
1
i = 788
15876
2137
2152
2145.71
0.0978611
2.94417
18.7578
0.540318
136.54
124.465
134.976
0.192582
1
0
0.0626612
12
0
i = 789
17916
2138
2154
2145.75
0.113678
2.69587
15.3466
0.560627
102.87
96.67
103.398
0.22638
1
0
0.0321196
13
2
i = 790
16270
2138
2151
2145.76
0.0837045
2.61357
20.7612
0.575324
131.78
127.595
131.281
0.177387
1
0
0.141489
10
1
i = 791
17915
2139
2152
2145.8
0.11121
2.7634
15.9712
0.557843
108.275
102.065
108.084
0.226075
1
0
0.0266542
10
2
i = 792
22830
2137
2156
2145.86
0.0855566
2.73993
20.552
0.555801
141.255
129.89
141.081
0.168609
1
0
0.00963782
16
2
i = 793
16269
2139
2153
2145.87
0.0833146
2.76473
21.2491
0.555443
144.015
135.185
145.549
0.166261
1
0
0.359799
11
1
i = 794
15877
2133
2152
2145.91
0.100164
2.94962
18.3862
0.540557
136.075
121.47
132.066
0.19817
1
0
0.156497
16
0
i = 795
21999
2137
2155
2145.91
0.0677438
2.97263
27.0396
0.533791
198.965
180.48
200.959
0.128368
1
0
0.123174
15
1
i = 796
17914
2138
2152
2145.97
0.11527
2.77027
15.4303
0.556606
105.355
98.295
104.638
0.23306
1
0
0.0461578
11
2
i = 797
15878
2138
2152
2146.08
0.0963015
2.71169
18.2683
0.562397
121.86
116.595
121.33
0.196508
1
0
0.0350241
11
0
i = 798
15879
2138
2155
2146.18
0.0844286
2.82004
21.1328
0.548091
149.06
138.08
149.011
0.164319
1
0
0.0270121
14
0
i = 799
16268
2139
2156
2146.19
0.0874527
2.89145
20.6843
0.54226
149.985
137.53
149.261
0.169448
1
0
0.353583
14
1
i = 800
17913
2139
2156
2146.23
0.115827
2.8881
15.6067
0.542506
112.9
103.82
112.507
0.224428
1
0
0.0536822
14
2
i = 801
17912
2138
2157
2146.26
0.104478
2.96251
17.5053
0.534831
131.09
118.12
129.767
0.198524
1
0
0.0846509
16
2
i = 802
16267
2138
2156
2146.35
0.0898346
3.07883
20.7587
0.524833
161.6
151.045
159.666
0.167728
1
0
0.276409
15
1
i = 803
15880
2136
2155
2146.38
0.0793747
2.90377
22.8074
0.540011
167.14
151.325
165.584
0.152091
1
0
0.0730628
16
0
i = 804
21148
2138
2157
2146.43
0.0965402
3.09148
19.3551
0.523676
151.155
141.715
149.628
0.179755
1
0
0.08206
16
0
i = 805
16266
2135
2156
2146.44
0.0827336
3.13524
22.736
0.519646
181.8
167.29
178.337
0.152501
1
0
0.273169
18
1
i = 806
17911
2139
2154
2146.57
0.0915355
2.91276
19.8427
0.540803
142.84
131.91
143.271
0.177464
1
0
0.0696125
12
2
i = 807
15881
2137
2152
2146.62
0.0896874
2.76788
20.0046
0.559912
136.755
128.56
133.49
0.185975
1
0
0.235514
12
0
i = 808
22831
2138
2156
2146.72
0.108492
3.00115
16.9656
0.531308
127.21
120.8
127.289
0.204703
1
0
0.0642634
15
2
i = 809
16265
2137
2153
2146.74
0.0793889
2.84378
22.6836
0.548875
160.105
148.28
158.288
0.157803
1
0
0.152976
13
1
i = 810
17910
2138
2155
2146.81
0.104999
2.89862
17.2299
0.54074
124.06
113.67
124.631
0.201774
1
0
0.0286665
14
2
i = 811
15882
2139
2154
2146.93
0.0989879
2.70761
17.6738
0.560035
118.775
111.24
118.97
0.19767
1
0
0.0790154
12
0
i = 812
17909
2140
2157
2146.94
0.12433
2.80515
14.3313
0.550577
102.03
91.285
100.355
0.244656
1
0
0.216012
14
2
i = 813
17908
2137
2156
2147.04
0.123886
2.90753
14.6216
0.539601
108.42
96.915
106.366
0.237111
1
0
0.108457
16
2
i = 814
16264
2138
2160
2147.06
0.0942462
3.00094
19.5267
0.53116
149.02
139.955
146.781
0.177586
1
0
0.0630544
19
1
i = 815
15883
2137
2160
2147.09
0.100751
2.89442
17.9375
0.540735
131.765
119.19
130.124
0.193134
1
0
0.0333969
20
0
i = 816
16263
2138
2160
2147.2
0.103767
2.99708
17.7233
0.531475
135
120.245
133.068
0.195611
1
0
0.104434
19
1
i = 817
17907
2139
2157
2147.27
0.114144
2.93008
15.9342
0.537752
117.26
106.555
116.786
0.218035
1
0
0.0100684
15
2
i = 818
15884
2136
2161
2147.34
0.0918895
2.88394
19.6316
0.541708
146.175
129.425
141.913
0.176456
1
0
0.144875
22
0
i = 819
21147
2138
2161
2147.36
0.101396
3.25164
18.8947
0.510387
158.555
143.025
153.82
0.183727
1
0
0.272429
20
0
i = 820
16262
2140
2153
2147.43
0.0896528
2.6579
19.4791
0.56937
126.02
122.06
126.036
0.186705
1
0
0.212816
10
1
i = 821
22000
2134
2159
2147.44
0.071996
3.29388
26.7778
0.506886
225.14
205.36
221.007
0.129373
1
0
0.245122
22
1
i = 822
17906
2139
2157
2147.46
0.100666
2.93256
18.0742
0.537459
133.48
120.46
132.588
0.192102
1
0
0.151967
15
2
i = 823
17905
2136
2158
2147.6
0.12074
3.03639
15.3305
0.527947
121.28
109.93
116.617
0.225986
1
0
0.213612
19
2
i = 824
22832
2140
2157
2147.61
0.0874798
2.92246
20.7757
0.538946
151.22
138.095
151.621
0.167998
1
0
0.0364308
14
2
i = 825
16261
2137
2155
2147.7
0.084139
2.78856
21.0983
0.551649
148.045
135.34
146.419
0.165304
1
0
0.122804
15
1
i = 826
15885
2138
2160
2147.78
0.0844628
2.94753
21.5922
0.535856
166.78
142.035
159.489
0.160465
1
0
0.722996
19
0
i = 827
17904
2139
2158
2147.87
0.0919262
2.83559
19.4594
0.546379
139.095
125.68
138.207
0.178126
1
0
0.123022
16
2
i = 828
16260
2136
2157
2147.91
0.080524
2.93733
22.6101
0.536841
169.015
148.77
166.198
0.153316
1
0
0.10013
18
1
i = 829
15886
2138
2157
2147.91
0.0852779
2.86102
21.0702
0.543934
154.87
135.87
150.893
0.164493
1
0
0.297557
16
0
i = 830
16259
2139
2158
2148.07
0.0817338
3.01642
22.5745
0.529829
172.72
162.28
170.42
0.153656
1
0
0.142986
16
1
i = 831
17903
2140
2159
2148.23
0.105242
3.00078
17.4916
0.53149
131.505
125.33
131.303
0.198829
1
0
0.0863769
16
2
i = 832
15887
2140
2156
2148.37
0.0836594
2.85254
21.4601
0.545449
153.425
140.765
152.391
0.162531
1
0
0.0568618
13
0
i = 833
21146
2138
2160
2148.4
0.0916028
3.09127
20.3888
0.523246
160.095
148.63
157.93
0.16993
1
0
0.246374
19
0
i = 834
16258
2140
2162
2148.47
0.0841608
2.95637
21.7063
0.535278
163.49
144.825
160.669
0.159943
1
0
0.171577
19
1
i = 835
17902
2140
2159
2148.64
0.10115
2.92082
17.9501
0.538443
131.34
119.115
131.265
0.193266
1
0
0.051825
16
2
i = 836
15888
2140
2155
2148.65
0.0813737
2.80123
21.9355
0.552453
151.45
141.96
151.193
0.1622
1
0
0.0400607
12
0
i = 837
22833
2140
2157
2148.7
0.085526
3.02724
21.6228
0.529401
162.705
155.885
163.098
0.161189
1
0
0.0287453
14
2
i = 838
16257
2140
2155
2148.72
0.0900242
2.86665
20.0899
0.546885
142.99
130.765
141.187
0.178521
1
0
0.107692
12
1
i = 839
22001
2139
2159
2148.8
0.0639319
3.29406
30.1612
0.507082
250.985
229.72
248.44
0.115085
1
0
0.405002
17
1
i = 840
17901
2140
2158
2148.84
0.0945466
2.85692
18.9918
0.544387
135.55
123.46
135.779
0.182593
1
0
0.0217183
15
2
i = 841
17900
2138
2155
2148.91
0.115403
2.79793
15.4874
0.553606
108.28
99.365
106.188
0.23174
1
0
0.0955591
14
2
i = 842
15889
2141
2155
2148.98
0.0853044
2.8787
21.3119
0.54723
149.565
138.68
149.397
0.170887
1
0
0.137736
11
0
i = 843
21145
2138
2158
2149.15
0.078992
2.9694
23.1753
0.533999
172.71
156.515
172.083
0.149664
1
0
0.105494
17
0
i = 844
17899
2140
2157
2149.26
0.115563
2.87492
15.594
0.543143
112.58
103.295
111.699
0.223315
1
0
0.0699881
14
2
i = 845
16256
2141
2162
2149.4
0.0963781
3.11524
19.4634
0.521728
153.91
143.27
151.665
0.17885
1
0
0.10241
18
1
i = 846
15890
2136
2157
2149.44
0.0922885
3.07527
20.2186
0.525937
157.54
147.26
154.205
0.173591
1
0
0.213323
18
0
i = 847
22834
2142
2160
2149.57
0.0815009
2.9444
22.3861
0.537008
164.51
149.775
164.679
0.156029
1
0
0.0152836
15
2
i = 848
15891
2138
2163
2149.66
0.0906518
3.04738
20.4557
0.526981
165.74
146.965
156.248
0.169348
1
0
0.604546
22
0
i = 849
17898
2140
2158
2149.73
0.109205
2.9516
16.7165
0.53582
123.18
111.47
123.145
0.20789
1
0
0.00474101
15
2
i = 850
16255
2141
2158
2149.77
0.0869586
2.98343
21.1101
0.533174
157.64
141.55
157
0.164953
1
0
0.0261661
14
1
i = 851
15892
2141
2156
2149.91
0.0810229
2.88308
22.4347
0.546218
158.91
146.98
157.876
0.161406
1
0
0.117242
12
0
i = 852
16254
2140
2157
2149.99
0.0825205
2.80581
21.5914
0.5504
151.77
138.195
150.352
0.162217
1
0
0.0612057
14
1
i = 853
17897
2141
2157
2150.01
0.0846702
2.87626
21.318
0.544031
152.1
141.42
151.834
0.16495
1
0
0.058797
13
2
i = 854
21144
2137
2160
2150.17
0.0924868
3.26255
20.7475
0.509425
172.345
158.235
169.322
0.167147
1
0
0.226257
20
0
i = 855
22002
2141
2159
2150.23
0.0660718
3.25903
29.0465
0.510387
235.74
221.72
235.677
0.12018
1
0
0.0630245
15
1
i = 856
17896
2142
2159
2150.26
0.110639
2.96845
16.5493
0.534474
122.28
111.985
122.629
0.210325
1
0
0.0140654
14
2
i = 857
15893
2142
2158
2150.34
0.0832686
2.82592
21.4576
0.547913
150.48
140.675
151.044
0.162402
1
0
0.0527034
13
0
i = 858
15894
2143
2158
2150.55
0.0883683
2.78321
20.0744
0.55252
138.43
129.535
138.947
0.174246
1
0
0.0343151
12
0
i = 859
16253
2141
2158
2150.56
0.0894693
2.87438
20.147
0.543466
144.43
132.715
144.022
0.173295
1
0
0.0244784
14
1
i = 860
17895
2143
2159
2150.68
0.120114
2.97649
15.2762
0.534423
113.29
102.3
113.174
0.2293
1
0
0.0761073
13
2
i = 861
22835
2141
2160
2150.85
0.0856935
2.90508
21.129
0.539807
154.305
139.2
153.622
0.164054
1
0
0.0468565
16
2
i = 862
15895
2143
2159
2150.92
0.0844746
2.91671
21.4929
0.539535
155.515
141.395
156.138
0.162456
1
0
0.0612155
13
0
i = 863
17894
2142
2160
2150.93
0.103222
3.10291
18.1338
0.52266
140.675
132.6
140.49
0.191757
1
0
0.0363268
15
2
i = 864
16252
2143
2159
2151.11
0.0918833
2.98163
19.9846
0.533894
148.27
135.505
148.132
0.175154
1
0
0.107398
13
1
i = 865
16251
2143
2159
2151.17
0.0831411
2.92729
21.8787
0.538619
159.25
146.555
159.349
0.159681
1
0
0.0558393
13
1
i = 866
17893
2140
2160
2151.21
0.0958842
2.97229
19.102
0.533757
142.275
129.525
141.95
0.181607
1
0
0.0319637
17
2
i = 867
21143
2139
2160
2151.29
0.0921625
3.18579
20.581
0.515844
165.94
153.84
163.553
0.169014
1
0
0.205365
18
0
i = 868
16250
2142
2161
2151.37
0.0843849
2.91637
21.4982
0.538755
156.47
143.53
156.974
0.161227
1
0
0.0560399
16
1
i = 869
15896
2144
2161
2151.4
0.0832024
2.9017
21.7713
0.541045
156.58
145.25
157.732
0.160586
1
0
0.0835295
14
0
i = 870
17892
2142
2159
2151.41
0.110362
2.86573
16.3046
0.544107
116.36
107.84
116.338
0.213772
1
0
0.0597904
14
2
i = 871
15897
2145
2158
2151.68
0.0890309
2.77596
19.9927
0.556599
135.645
128.745
136.025
0.180602
1
0
0.151707
10
0
i = 872
17891
2141
2158
2151.73
0.103287
2.9414
17.764
0.540441
130.5
118.31
127.779
0.20315
1
0
0.100246
14
2
i = 873
16249
2140
2161
2151.79
0.0905142
3.11661
20.7208
0.521254
164.725
151.145
161.465
0.167421
1
0
0.217353
18
1
i = 874
22836
2143
2161
2151.79
0.0940753
2.87308
19.1411
0.542871
138.465
124.915
137.61
0.181195
1
0
0.0415683
15
2
i = 875
22003
2141
2160
2151.79
0.0762803
3.27039
25.217
0.509803
205.26
191.91
204.808
0.138884
1
0
0.0340829
16
1
i = 876
15898
2145
2160
2152.08
0.0909574
2.94234
20.085
0.538528
146.735
134.995
146.585
0.176118
1
0
0.138565
12
0
i = 877
17890
2145
2158
2152.14
0.122473
2.92545
15.0362
0.545367
106.525
101.26
106.161
0.248466
1
0
0.058745
10
2
i = 878
16248
2144
2157
2152.18
0.0969568
2.77729
18.8826
0.563482
125.885
122.06
123.581
0.207856
1
0
0.229731
10
1
i = 879
15899
2145
2160
2152.39
0.0812626
2.90784
22.3317
0.541239
161.575
148.195
161.111
0.157653
1
0
0.0888266
12
0
i = 880
17889
2143
2160
2152.49
0.0984469
2.85105
18.232
0.545542
130.525
119.35
129.391
0.191238
1
0
0.0248689
14
2
i = 881
17888
2141
2161
2152.5
0.0916497
2.90474
19.7566
0.539951
144.865
130.66
143.442
0.175627
1
0
0.0400191
17
2
i = 882
16247
2146
2159
2152.51
0.0771887
2.69815
22.696
0.563511
149.72
144.105
150.852
0.157489
1
0
0.378143
10
1
i = 883
21142
2140
2161
2152.57
0.107845
3.16098
17.5227
0.518013
139.84
129.985
138.018
0.198801
1
0
0.105111
18
0
i = 884
15900
2145
2159
2152.72
0.0863619
2.83777
20.8318
0.549826
145.295
135.995
144.913
0.172339
1
0
0.0664685
11
0
i = 885
16245
2144
2161
2152.85
0.088159
2.94094
20.6724
0.536939
152.825
136.485
151.604
0.168333
1
0
0.15017
14
1
i = 886
16246
2146
2161
2152.9
0.0769478
2.86604
23.4251
0.545371
167.35
151.425
166.846
0.150623
1
0
0.418025
12
1
i = 887
17887
2143
2162
2152.95
0.110932
3.00818
16.61
0.530552
127.47
117.71
124.945
0.208828
1
0
0.138334
16
2
i = 888
15901
2145
2162
2153.06
0.0896657
2.80031
19.8289
0.550023
138.345
129.45
138.868
0.175131
1
0
0.090819
14
0
i = 889
16244
2144
2160
2153.12
0.104692
2.93344
17.4276
0.539249
127.36
116.73
126.233
0.202886
1
0
0.108786
13
1
i = 890
22837
2145
2161
2153.26
0.111456
2.94674
16.377
0.536949
119.35
110.38
119.976
0.213552
1
0
0.0783831
13
2
i = 891
17886
2142
2161
2153.28
0.105512
2.80701
16.8738
0.549504
118.53
109.91
118.15
0.206064
1
0
0.0208082
16
2
i = 892
17885
2146
2163
2153.31
0.123841
2.90801
14.6459
0.5406
106.57
97.475
106.308
0.239044
1
0
0.0754808
14
2
i = 893
15902
2144
2162
2153.34
0.0970318
2.87124
18.5522
0.543058
133.4
122.785
133.198
0.18697
1
0
0.195791
15
0
i = 894
15903
2144
2161
2153.64
0.114392
2.94894
15.9687
0.536921
117.065
107.295
116.864
0.219424
1
0
0.106288
14
0
i = 895
17884
2145
2163
2153.68
0.137236
2.92605
13.2423
0.537998
97.41
87.81
96.9282
0.262056
1
0
0.0111475
15
2
i = 896
16243
2143
2161
2153.8
0.106669
2.72897
16.4618
0.557571
114.34
103.045
111.843
0.211729
1
0
0.152468
15
1
i = 897
22004
2140
2163
2153.9
0.0810497
3.32174
23.8967
0.505168
200.165
183.33
198.043
0.145548
1
0
0.092588
20
1
i = 898
17883
2143
2162
2154.08
0.147086
3.02251
12.5651
0.529868
97.87
90.315
94.5416
0.277563
1
0
0.194357
16
2
i = 899
16242
2146
2161
2154.09
0.103863
2.64349
16.6423
0.566685
109.425
103.97
109.404
0.20974
1
0
0.0556552
12
1
i = 900
21141
2145
2161
2154.09
0.108574
3.05873
17.184
0.528859
130.285
125.64
129.311
0.207409
1
0
0.162798
13
0
i = 901
17882
2145
2164
2154.2
0.125333
2.90542
14.4473
0.539773
106.31
96.18
105.107
0.239921
1
0
0.0371109
16
2
i = 902
15904
2147
2164
2154.26
0.1147
3.05473
16.2262
0.5282
124.775
117.325
123.433
0.217386
1
0
0.271631
14
0
i = 903
16241
2144
2164
2154.34
0.103685
3.04381
17.8747
0.527356
137.875
129.38
136.184
0.193912
1
0
0.142045
17
1
i = 904
15905
2147
2161
2154.43
0.11101
2.80529
16.0819
0.552058
111.695
104.09
111.157
0.221087
1
0
0.0621341
11
0
i = 905
17881
2143
2164
2154.43
0.123762
2.88077
14.5681
0.542029
107.075
96.135
105.113
0.237834
1
0
0.0464534
18
2
i = 906
22838
2144
2163
2154.51
0.102785
2.97825
17.8392
0.533334
133.295
120.135
132.693
0.194661
1
0
0.0052739
16
2
i = 907
17880
2144
2161
2154.59
0.116418
2.84936
15.4684
0.547856
110.005
101.235
108.42
0.230264
1
0
0.0282601
14
2
i = 908
15906
2146
2161
2154.64
0.0938889
2.7825
18.9422
0.554148
130.8
121.59
129.787
0.187529
1
0
0.00917648
12
0
i = 909
16240
2144
2168
2154.83
0.0912675
3.09154
20.4645
0.523211
167.79
148.285
158.565
0.169285
1
0
0.671853
21
1
i = 910
15907
2141
2163
2155
0.0711889
2.97842
25.7657
0.533599
195.715
173.95
191.262
0.135131
1
0
0.171902
19
0
i = 911
17879
2145
2162
2155.07
0.0835777
2.92622
21.7968
0.539699
159.585
145.905
157.671
0.161878
1
0
0.0657108
14
2
i = 912
16239
2147
2163
2155.21
0.0646587
2.70329
27.0183
0.55986
181.365
172.05
182.359
0.128589
1
0
0.121074
13
1
i = 913
21140
2145
2162
2155.35
0.107481
3.09786
17.5124
0.526475
134.57
128.27
132.821
0.205738
1
0
0.264652
14
0
i = 914
15908
2147
2163
2155.46
0.0693817
2.93213
26.2463
0.538361
191.03
175.405
191.165
0.133352
1
0
0.061427
13
0
i = 915
17878
2145
2164
2155.49
0.0757465
3.00727
24.3255
0.530784
184.275
174.725
182.661
0.142793
1
0
0.171197
16
2
i = 916
16238
2147
2165
2155.5
0.0660346
2.62157
26.0463
0.568209
169.58
161.67
171.064
0.133041
1
0
0.141789
15
1
i = 917
22005
2145
2164
2155.64
0.0764115
3.14145
24.6552
0.51965
194.84
182.675
192.942
0.141328
1
0
0.232112
16
1
i = 918
17877
2147
2164
2155.69
0.101385
2.94885
17.9991
0.53619
132.09
120.29
132.41
0.193282
1
0
0.036897
14
2
i = 919
22839
2144
2164
2155.71
0.0998092
2.91312
18.1691
0.539261
134.715
119.855
132.194
0.191121
1
0
0.0744214
17
2
i = 920
16237
2148
2163
2155.74
0.0897935
2.7726
19.7188
0.55359
135.015
126.625
135.872
0.177417
1
0
0.128213
12
1
i = 921
15909
2148
2162
2155.8
0.0881639
2.96695
20.9424
0.539412
151.635
139.915
151.196
0.174511
1
0
0.139011
11
0
i = 922
17876
2148
2164
2155.97
0.125314
2.85621
14.3342
0.545009
101.835
92.905
102.063
0.24312
1
0
0.00562582
13
2
i = 923
15910
2147
2164
2156.11
0.0977212
2.99722
18.8337
0.532166
140.23
128.385
140.47
0.185282
1
0
0.100068
14
0
i = 924
16236
2148
2162
2156.18
0.105679
2.82287
17.0505
0.552817
117.055
112.255
117.022
0.214149
1
0
0.163992
11
1
i = 925
17875
2146
2164
2156.34
0.114671
2.87266
15.7098
0.543378
112.86
103.855
112.423
0.22172
1
0
0.00613804
15
2
i = 926
17874
2145
2165
2156.39
0.12295
2.9762
14.9075
0.533465
112.555
100.475
110.865
0.232829
1
0
0.0456295
17
2
i = 927
21139
2142
2164
2156.46
0.1016
3.04273
18.265
0.528635
142.465
131.645
137.91
0.19195
1
0
0.294581
19
0
i = 928
15911
2147
2165
2156.62
0.0960126
2.87353
18.7576
0.542903
135.97
122.83
134.688
0.185023
1
0
0.131528
15
0
i = 929
15912
2146
2169
2156.63
0.0955745
2.98839
19.2135
0.532162
147.465
129.325
143.906
0.180304
1
0
0.19509
20
0
i = 930
16235
2151
2165
2156.63
0.103941
2.76859
17.1855
0.55849
116.895
109.735
117.464
0.213172
1
0
0.307088
11
1
i = 931
17873
2148
2164
2156.66
0.108503
2.78544
16.3511
0.551974
113.27
105.445
113.339
0.213315
1
0
0.0153438
13
2
i = 932
22840
2147
2164
2156.71
0.100423
2.86443
17.9221
0.544559
127.82
117.295
127.554
0.19509
1
0
0.00796439
14
2
i = 933
16234
2150
2165
2156.8
0.0916944
2.75813
19.2719
0.555448
131.43
122.88
132.387
0.182251
1
0
0.333056
12
1
i = 934
15913
2147
2168
2156.9
0.0917089
3.14082
20.5285
0.519146
162.745
150.85
161.49
0.168842
1
0
0.0554226
18
0
i = 935
17872
2147
2166
2156.92
0.101357
2.82354
17.611
0.54752
124.3
113.565
124.49
0.196782
1
0
0.0119883
16
2
i = 936
17871
2146
2166
2157.07
0.104973
2.90327
17.2433
0.539991
127.665
114.545
125.261
0.201051
1
0
0.155424
17
2
i = 937
16233
2150
2166
2157.1
0.0858966
2.85701
20.9343
0.545584
148.785
138.655
149.123
0.16752
1
0
0.292516
13
1
i = 938
15914
2150
2167
2157.16
0.0883955
2.83667
20.2641
0.547302
144.25
132.995
143.54
0.172682
1
0
0.12745
14
0
i = 939
16232
2151
2163
2157.23
0.089247
2.76205
20.0186
0.561433
133.59
129.895
133.798
0.186574
1
0
0.348898
9
1
i = 940
22006
2148
2167
2157.34
0.0796195
3.2029
23.8829
0.514334
191.025
179.785
191.156
0.145455
1
0
0.0915617
16
1
i = 941
15915
2149
2167
2157.37
0.0803597
2.86803
22.3899
0.543422
162.76
147.405
160.7
0.155006
1
0
0.229204
15
0
i = 942
16231
2151
2164
2157.46
0.082436
2.87192
22.0071
0.548486
154.085
146.01
154.515
0.166122
1
0
0.171468
10
1
i = 943
17870
2147
2165
2157.47
0.112029
2.84242
15.9963
0.546303
114.335
104.385
113.233
0.217836
1
0
0.0347819
15
2
i = 944
17869
2146
2167
2157.59
0.0794088
2.84118
22.5483
0.545793
163.135
147.3
160.452
0.153661
1
0
0.197912
18
2
i = 945
16230
2150
2168
2157.62
0.0834371
3.03975
22.2261
0.52878
168.765
160.82
168.643
0.157559
1
0
0.0803667
15
1
i = 946
21138
2149
2167
2157.64
0.103455
3.24097
18.4993
0.511798
151.865
138.545
149.483
0.188688
1
0
0.366409
15
0
i = 947
15916
2149
2167
2157.71
0.0788579
3.06757
23.6003
0.525631
183.24
170.395
180.873
0.147298
1
0
0.256292
15
0
i = 948
17867
2148
2165
2157.77
0.106136
2.7697
16.6694
0.553547
115.16
106.72
114.876
0.209269
1
0
0.0303566
14
2
i = 949
22841
2147
2167
2157.82
0.110386
2.89012
16.3601
0.541181
118.22
107.255
118.365
0.211836
1
0
0.0111889
17
2
i = 950
17868
2149
2166
2157.86
0.109983
2.78107
16.1096
0.551874
111.63
102.83
111.938
0.215472
1
0
0.0175973
14
2
i = 951
16229
2150
2167
2157.9
0.0924437
2.94153
19.7193
0.537012
144.35
130.96
144.858
0.176683
1
0
0.0685574
14
1
i = 952
17866
2149
2168
2157.91
0.116705
2.94794
15.6292
0.535922
115.31
103.82
115.351
0.221889
1
0
0.0249635
16
2
i = 953
15917
2148
2168
2157.99
0.0926355
3.15669
20.375
0.517882
164.32
149.23
160.952
0.170178
1
0
0.271587
17
0
i = 954
16228
2147
2164
2158.1
0.100803
2.85996
17.9903
0.548983
128.065
118.83
125.237
0.202565
1
0
0.11136
14
1
i = 955
15918
2146
2170
2158.17
0.104497
3.25559
18.3416
0.509856
154.335
138.13
149.635
0.188874
1
0
0.391802
21
0
i = 956
17864
2147
2165
2158.39
0.104963
2.98075
17.5594
0.535954
129.48
118.95
128.598
0.203512
1
0
0.00791425
15
2
i = 957
17865
2151
2167
2158.39
0.117218
2.85501
15.3268
0.545402
108.655
100.925
109.149
0.227983
1
0
0.0702947
13
2
i = 958
15919
2150
2168
2158.41
0.0946937
3.0057
19.4545
0.531004
147.26
139.075
146.187
0.178678
1
0
0.0901789
15
0
i = 959
16227
2151
2168
2158.57
0.0904436
2.85507
19.8582
0.545113
141.905
129.91
141.679
0.175504
1
0
0.072477
14
1
i = 960
22842
2150
2166
2158.63
0.0978185
2.90051
18.5171
0.541317
133.23
122.67
133.357
0.189079
1
0
0.0125595
13
2
i = 961
17863
2151
2165
2158.72
0.0939582
2.84331
19.1684
0.549348
134.14
125.095
133.569
0.187405
1
0
0.0189442
11
2
i = 962
21137
2149
2166
2158.73
0.102536
3.00737
18.0026
0.532098
134.775
128.925
134.051
0.195453
1
0
0.0149403
14
0
i = 963
15920
2150
2172
2158.79
0.0835997
3.13402
22.5008
0.519965
184.69
164.01
176.502
0.154411
1
0
0.829574
19
0
i = 964
22007
2149
2170
2158.81
0.0780384
3.28345
24.668
0.50783
204.95
187.6
202.752
0.14062
1
0
0.147078
18
1
i = 965
16225
2149
2165
2158.84
0.0932224
2.97326
19.8291
0.538332
144.54
133.4
143.62
0.183588
1
0
0.16601
13
1
i = 966
16226
2151
2167
2158.85
0.0841431
2.9972
21.882
0.532586
161.91
146.88
163.125
0.160089
1
0
0.203291
13
1
i = 967
17862
2151
2165
2158.95
0.121036
2.99108
15.3561
0.538089
112.365
102.755
111.286
0.240333
1
0
0.0250942
11
2
i = 968
15921
2144
2172
2158.98
0.091641
3.09887
20.4051
0.522585
167.25
147.225
158.497
0.169766
1
0
0.3875
25
0
i = 969
15922
2151
2167
2159.01
0.0980821
2.79842
18.1249
0.550444
127.345
117.715
126.545
0.191992
1
0
0.132086
13
0
i = 970
16224
2150
2165
2159.14
0.0979671
2.93506
18.8093
0.542987
134.37
126.825
133.698
0.196062
1
0
0.134219
12
1
i = 971
17861
2151
2167
2159.25
0.119247
2.86272
15.0819
0.544457
107.37
99.68
107.518
0.231215
1
0
0.00831698
13
2
i = 972
17860
2151
2169
2159.44
0.106974
2.90934
16.9405
0.539577
123.025
112.81
123.308
0.204917
1
0
0.00465182
15
2
i = 973
15923
2151
2173
2159.49
0.0901189
3.01379
20.4685
0.530218
161.46
146.245
154.416
0.169717
1
0
0.476818
19
0
i = 974
21136
2151
2165
2159.63
0.104297
2.88266
17.6585
0.550329
123.685
116.405
121.777
0.214796
1
0
0.0214101
11
0
i = 975
15924
2150
2170
2159.68
0.0711598
2.9515
25.6462
0.535509
191.14
171.76
189.61
0.135115
1
0
0.224739
17
0
i = 976
17859
2149
2166
2159.72
0.0999521
2.92399
18.2946
0.541877
133.655
121.53
130.92
0.196893
1
0
0.154482
14
2
i = 977
16223
2150
2169
2159.78
0.0798093
3.11018
23.4766
0.521846
183.185
171.65
182.496
0.147838
1
0
0.10829
16
1
i = 978
22843
2150
2167
2159.83
0.109214
2.92461
16.6621
0.539354
121.08
110.115
120.787
0.210719
1
0
0.00490067
14
2
i = 979
17858
2150
2167
2159.95
0.0629575
2.89977
28.7861
0.541767
207.45
188.69
206.771
0.122101
1
0
0.0266651
14
2
i = 980
15925
2153
2168
2160.05
0.0689656
2.76492
25.6432
0.554481
174.675
166.56
176.587
0.136589
1
0
0.320929
12
0
i = 981
16222
2150
2169
2160.13
0.0655878
2.92232
27.6888
0.538256
205.025
184.18
202.395
0.125236
1
0
0.206127
16
1
i = 982
22008
2149
2171
2160.34
0.0731783
3.21665
26.0348
0.512957
209.735
197.045
209.736
0.133091
1
0
0.0729056
19
1
i = 983
16221
2153
2168
2160.34
0.0731087
2.78596
24.2776
0.552286
168.385
157.11
168.316
0.144131
1
0
0.0564306
12
1
i = 984
17857
2149
2169
2160.43
0.109517
2.95871
16.6867
0.535032
124.35
112.255
123.374
0.207991
1
0
0.0169834
17
2
i = 985
15926
2153
2171
2160.48
0.0886084
3.06487
21.0258
0.52693
162.265
152.24
160.726
0.167095
1
0
0.334531
15
0
i = 986
21135
2149
2167
2160.65
0.101382
3.09162
18.6062
0.52815
143.61
135.875
140.04
0.196176
1
0
0.145942
15
0
i = 987
16220
2151
2169
2160.66
0.0826934
3.06335
22.4939
0.526128
175.055
163.465
171.774
0.154747
1
0
0.460557
15
1
i = 988
15927
2152
2171
2160.76
0.0826885
3.03292
22.3766
0.528472
171.82
160.675
169.826
0.155138
1
0
0.166416
16
0
i = 989
17856
2152
2171
2160.84
0.12936
2.95442
14.116
0.535353
105.625
93.665
104.406
0.245717
1
0
0.0421006
16
2
i = 990
17855
2150
2169
2160.86
0.0779926
2.89205
23.1682
0.541263
168.79
151.785
167.283
0.149939
1
0
0.0721346
16
2
i = 991
22844
2152
2168
2160.94
0.0937664
2.88764
19.2858
0.542892
137.755
126.26
137.96
0.18221
1
0
0.0333027
13
2
i = 992
16219
2151
2169
2161.08
0.0734439
2.97213
24.9498
0.534225
187.295
168.105
184.722
0.139629
1
0
0.130869
15
1
i = 993
15928
2153
2168
2161.09
0.0753613
2.85744
23.8796
0.546118
169.185
158.11
168.765
0.14765
1
0
0.33348
12
0
i = 994
17854
2150
2168
2161.15
0.109373
2.86561
16.4781
0.545207
118.675
108.77
116.827
0.21377
1
0
0.0519199
15
2
i = 995
16218
2153
2171
2161.3
0.0781186
3.02329
23.6536
0.529544
179.555
170.525
178.743
0.14708
1
0
0.102159
15
1
i = 996
15929
2148
2168
2161.46
0.0791736
2.99441
23.3489
0.535041
177.705
158.24
171.524
0.153563
1
0
0.476684
17
0
i = 997
17853
2153
2170
2161.61
0.0871081
2.85632
20.6143
0.54462
146.885
134.955
147.087
0.16848
1
0
0.0297741
14
2
i = 998
16217
2154
2174
2161.66
0.0809421
2.97408
22.6537
0.534308
171.535
151.9
168.381
0.154167
1
0
0.356018
17
1
i = 999
17852
2151
2170
2161.68
0.108915
2.87943
16.5528
0.542355
119.805
108.87
119.089
0.209688
1
0
0.0565949
16
2
i = 1000
21134
2154
2172
2161.73
0.0882934
2.95832
20.7092
0.535617
153.345
137.93
153.098
0.168458
1
0
0.157894
15
0
i = 1001
15930
2151
2172
2161.75
0.0856605
3.066
21.714
0.525405
170.36
157.03
166.743
0.159571
1
0
0.240837
18
0
i = 1002
22845
2152
2170
2161.77
0.0794524
2.89358
22.7479
0.541097
164.38
149.545
164.365
0.152676
1
0
0.00677107
15
2
i = 1003
22009
2154
2169
2161.81
0.0679711
2.97105
27.0094
0.536001
197.97
181.455
198.276
0.131059
1
0
0.14488
12
1
i = 1004
17851
2151
2168
2161.81
0.103236
2.93813
17.7766
0.54104
129.35
118.235
127.539
0.203668
1
0
0.0470232
14
2
i = 1005
16216
2155
2171
2161.92
0.0878641
2.85703
20.4753
0.545882
145.87
133.025
145.787
0.171781
1
0
0.0796333
13
1
i = 1006
17850
2152
2170
2162.02
0.114915
2.84528
15.5968
0.545717
110.815
102.74
110.766
0.222773
1
0
0.00687209
15
2
i = 1007
16215
2154
2170
2162.07
0.0963846
3.1205
19.5073
0.522584
151.265
144.62
150.864
0.180681
1
0
0.161766
13
1
i = 1008
15931
2154
2169
2162.24
0.0971443
3.06138
19.2407
0.529515
145.555
140.055
144.386
0.18688
1
0
0.207318
12
0
i = 1009
15932
2152
2171
2162.33
0.112166
3.41154
17.5134
0.499113
150.535
136.905
148.44
0.199887
1
0
0.153538
16
0
i = 1010
15933
2153
2174
2162.38
0.10074
3.05685
18.437
0.526255
143.51
133.7
141.171
0.188039
1
0
0.11334
18
0
i = 1011
16214
2155
2171
2162.43
0.100349
2.7981
17.7191
0.55069
123.795
114.765
123.773
0.196782
1
0
0.0511494
13
1
i = 1012
17849
2154
2172
2162.44
0.125785
2.85526
14.2718
0.544603
102.515
93.62
101.987
0.243105
1
0
0.00905115
15
2
i = 1013
21133
2154
2170
2162.54
0.0925499
2.94689
19.7294
0.537149
143.895
132.605
144.298
0.17764
1
0
0.0951651
13
0
i = 1014
15934
2153
2172
2162.6
0.0941195
2.77048
18.7858
0.552714
131.255
121.08
130.362
0.184437
1
0
0.226178
16
0
i = 1015
22846
2151
2170
2162.67
0.111406
2.97894
16.4842
0.53436
124.895
110.495
121.774
0.212886
1
0
0.164455
16
2
i = 1016
17848
2153
2171
2162.69
0.122235
2.90303
14.8099
0.540198
107.555
97.945
107.375
0.234473
1
0
0.0247265
15
2
i = 1017
16213
2152
2169
2162.72
0.102195
2.76334
17.3453
0.556092
119.2
111.31
118.012
0.204876
1
0
0.117547
14
1
i = 1018
17847
2154
2170
2162.96
0.117467
2.88239
15.381
0.5434
109.76
100.53
109.817
0.228499
1
0
0.0177339
13
2
i = 1019
15935
2149
2169
2163.1
0.104406
2.86168
17.375
0.548826
130.585
113.895
121.025
0.209757
1
0
0.835181
17
0
i = 1020
22010
2154
2172
2163.13
0.0730444
3.02408
25.295
0.529302
191.47
182.835
191.091
0.137309
1
0
0.0393575
15
1
i = 1021
16212
2155
2171
2163.15
0.100695
2.82911
17.7528
0.547548
123.77
117.355
125.194
0.19619
1
0
0.219417
13
1
i = 1022
17846
2155
2170
2163.33
0.11344
2.78753
15.6704
0.552915
108.185
101.73
107.989
0.22502
1
0
0.0172424
12
2
i = 1023
15936
2151
2170
2163.44
0.0999319
3.12663
18.9504
0.524584
149.45
139.725
144.699
0.191293
1
0
0.258811
16
0
i = 1024
16211
2156
2170
2163.46
0.101047
2.84409
17.8012
0.548687
123.79
117.42
124.518
0.200536
1
0
0.276829
11
1
i = 1025
17845
2153
2173
2163.48
0.114195
2.76323
15.4629
0.553426
107.255
99.42
107.043
0.224048
1
0
0.00682305
17
2
i = 1026
21132
2155
2174
2163.66
0.0895383
2.97572
20.4685
0.533497
154.1
137.505
152.455
0.169555
1
0
0.186239
16
0
i = 1027
17844
2154
2171
2163.75
0.107926
2.8424
16.6113
0.546638
117.87
108.555
117.332
0.21043
1
0
0.10862
14
2
i = 1028
15937
2154
2171
2163.92
0.0903211
3.16029
21.0027
0.520357
164.155
155.615
163.262
0.169849
1
0
0.0248026
14
0
i = 1029
22847
2156
2173
2163.93
0.0965913
2.93018
18.8351
0.538003
137.8
123.89
137.848
0.184894
1
0
0.0749701
14
2
i = 1030
16210
2154
2171
2163.99
0.0879109
3.02539
21.0848
0.531152
158.57
150.905
157.406
0.167989
1
0
0.10054
14
1
i = 1031
17843
2153
2172
2164.08
0.085316
2.82314
20.9259
0.54784
148.49
136.87
147.473
0.166022
1
0
0.0931387
16
2
i = 1032
15938
2156
2170
2164.17
0.090137
2.85072
20.1033
0.550396
140.225
132.735
139.168
0.182183
1
0
0.146094
11
0
i = 1033
16209
2157
2171
2164.21
0.0823341
2.74986
21.4429
0.556875
145.26
138.365
145.859
0.164659
1
0
0.0996495
11
1
i = 1034
17842
2153
2172
2164.3
0.11751
2.88425
15.3611
0.542279
113.085
101.68
110.38
0.226742
1
0
0.193285
16
2
i = 1035
16208
2157
2171
2164.38
0.0866324
2.61021
19.8366
0.570782
127.82
122.955
128.445
0.176734
1
0
0.0753196
11
1
i = 1036
15939
2151
2171
2164.44
0.0938074
3.00217
19.7319
0.534346
150.94
141.215
145.334
0.181706
1
0
0.303622
17
0
i = 1037
15940
2150
2175
2164.5
0.0934255
3.1642
20.2255
0.517185
167.725
149.155
160.297
0.171308
1
0
0.465101
22
0
i = 1038
17841
2153
2173
2164.52
0.106563
2.94509
17.1101
0.536286
128.14
114.13
125.9
0.202878
1
0
0.0573739
17
2
i = 1039
22011
2157
2173
2164.54
0.0756839
2.92617
24.0356
0.538882
174.56
159.995
175.236
0.145581
1
0
0.126524
13
1
i = 1040
21131
2155
2173
2164.55
0.0912324
3.178
20.7714
0.516764
166.28
154.525
164.351
0.167922
1
0
0.145694
15
0
i = 1041
17840
2155
2172
2164.58
0.121046
2.91435
14.9978
0.539887
108.81
99.565
108.601
0.233152
1
0
0.00208554
14
2
i = 1042
16207
2157
2170
2164.62
0.0883574
2.6003
19.5656
0.575842
124.73
119.95
123.653
0.186335
1
0
0.0102464
10
1
i = 1043
16206
2154
2173
2164.65
0.0828988
2.89412
21.8031
0.540985
161.09
142.805
157.653
0.159205
1
0
0.338496
16
1
i = 1044
17839
2157
2172
2164.67
0.0999733
2.90142
18.132
0.541822
130.085
120.05
130.373
0.194144
1
0
0.0214645
12
2
i = 1045
15941
2156
2173
2164.75
0.0777066
2.85812
23.1162
0.544471
164.135
150.96
164.984
0.150277
1
0
0.0587651
14
0
i = 1046
22848
2157
2173
2164.78
0.0995764
2.98955
18.4669
0.533256
137.49
123.745
137.355
0.189678
1
0
0.034838
13
2
i = 1047
15942
2155
2173
2164.86
0.0825381
2.91788
21.991
0.538916
160.6
145.055
160.131
0.158042
1
0
0.0579405
15
0
i = 1048
17838
2154
2171
2164.86
0.0853368
2.89661
21.3435
0.54474
152.24
140.385
151.067
0.169327
1
0
0.0264251
14
2
i = 1049
15943
2156
2172
2164.91
0.087649
2.91548
20.734
0.540392
151.765
135.97
149.678
0.169646
1
0
0.150247
13
0
i = 1050
17837
2157
2173
2164.96
0.123977
2.98944
14.831
0.533221
109.96
99.345
110.259
0.236072
1
0
0.0216837
13
2
i = 1051
17836
2155
2174
2165
0.117598
2.86013
15.2771
0.544026
110.13
98.795
109.36
0.226883
1
0
0.0120002
16
2
i = 1052
16205
2151
2178
2165.06
0.0866832
2.99802
21.2183
0.531301
165.17
143.82
159.451
0.16326
1
0
0.248307
24
1
i = 1053
16204
2151
2176
2165.08
0.0875667
3.04275
21.1603
0.527386
166.555
153.025
161.344
0.163713
1
0
0.321025
22
1
i = 1054
16201
2157
2172
2165.2
0.0825021
3.01921
22.4775
0.532723
167.92
162.65
166.711
0.159173
1
0
0.215607
12
1
i = 1055
17835
2155
2175
2165.24
0.0770705
2.84191
23.2353
0.545715
168.69
152
165.419
0.149108
1
0
0.184221
17
2
i = 1056
17834
2157
2172
2165.26
0.111901
2.8072
15.9412
0.550968
110.64
103.905
110.647
0.221173
1
0
0.0272717
12
2
i = 1057
16203
2155
2174
2165.27
0.0787667
2.99349
23.337
0.53191
175.885
158.325
174.58
0.148712
1
0
0.034305
16
1
i = 1058
17833
2156
2172
2165.28
0.116199
2.80105
15.3333
0.551431
106.795
99.76
106.252
0.229667
1
0
0.00693905
13
2
i = 1059
15944
2158
2172
2165.29
0.0804145
2.7229
21.8438
0.559489
147.15
139.215
147.162
0.161441
1
0
0.0769416
11
0
i = 1060
17832
2154
2176
2165.31
0.071724
2.96292
25.4932
0.534444
191.69
171.41
189.278
0.135889
1
0
0.0655401
19
2
i = 1061
15945
2156
2175
2165.35
0.084549
2.9685
21.6478
0.53403
163.37
145.575
160.853
0.16015
1
0
0.219902
16
0
i = 1062
16200
2157
2173
2165.42
0.071373
3.0345
25.9704
0.52965
197.145
187.84
195.339
0.135354
1
0
0.292602
13
1
i = 1063
16202
2158
2173
2165.45
0.0867131
2.96947
21.1598
0.535996
155.39
142.765
155.591
0.167031
1
0
0.0642599
12
1
i = 1064
15947
2154
2175
2165.54
0.068752
3.02847
26.889
0.528692
206.895
193.005
203.814
0.128907
1
0
0.215683
18
0
i = 1065
15946
2152
2179
2165.55
0.0777727
3.12089
24.129
0.520738
197.765
175.9
188.756
0.143566
1
0
0.684354
24
0
i = 1066
15948
2158
2174
2165.57
0.0709229
2.76401
24.9124
0.553889
171.505
159.52
171.976
0.139725
1
0
0.137528
13
0
i = 1067
17826
2158
2172
2165.62
0.118844
2.95771
15.4834
0.539618
112.055
104.215
111.826
0.234347
1
0
0.0454114
11
2
i = 1068
17829
2156
2175
2165.65
0.0858824
2.84949
20.8794
0.545017
149.475
136.215
148.974
0.165972
1
0
0.0164838
16
2
i = 1069
22849
2157
2173
2165.67
0.0896688
2.92834
20.3016
0.538913
148.185
134.725
147.468
0.17275
1
0
0.0180014
13
2
i = 1070
17828
2156
2175
2165.7
0.088572
2.88752
20.3802
0.541431
150.54
133.575
147.321
0.170058
1
0
0.238394
16
2
i = 1071
21130
2156
2174
2165.7
0.0905224
3.04744
20.4949
0.527492
156.74
147.885
155.7
0.169828
1
0
0.10752
15
0
i = 1072
17830
2156
2175
2165.71
0.090368
2.88325
19.9604
0.54183
145.34
130.745
144.074
0.173633
1
0
0.0569371
16
2
i = 1073
16198
2158
2173
2165.73
0.0708565
2.83406
25.273
0.547853
178.7
163.525
177.759
0.138809
1
0
0.257085
12
1
i = 1074
16199
2158
2173
2165.74
0.0727058
2.99311
25.3471
0.534132
189.31
169.64
187.423
0.139798
1
0
0.328619
12
1
i = 1075
17827
2157
2174
2165.75
0.095407
2.93728
19.0892
0.537233
141.005
126.42
139.876
0.182225
1
0
0.0496066
14
2
i = 1076
15949
2159
2174
2165.75
0.0699839
2.6461
24.7173
0.566603
162.895
152.385
163.202
0.141477
1
0
0.112147
12
0
i = 1077
15950
2158
2172
2165.75
0.0732676
2.64938
23.663
0.567428
155.1
146.795
154.724
0.149404
1
0
0.0268
11
0
i = 1078
22012
2156
2174
2165.79
0.073253
3.19611
25.9518
0.515534
208.245
193.645
206.182
0.134723
1
0
0.159703
15
1
i = 1079
16195
2155
2173
2165.84
0.100273
2.99136
18.3634
0.533615
136.52
123.33
135.943
0.191805
1
0
0.0406501
15
1
i = 1080
15954
2156
2174
2165.85
0.101752
3.25256
18.8544
0.511297
152.595
143.02
152.215
0.185923
1
0
0.125567
15
0
i = 1081
16196
2158
2171
2165.85
0.0887929
2.74328
20.2082
0.563959
133.94
128.41
132.678
0.187185
1
0
0.104006
10
1
i = 1082
16197
2158
2172
2165.86
0.0731434
2.82088
24.5412
0.551728
170.81
158.135
169.424
0.146714
1
0
0.0232664
11
1
i = 1083
17825
2158
2174
2165.87
0.123903
2.896
14.6003
0.541394
104.635
96.125
105.362
0.239001
1
0
0.0339515
13
2
i = 1084
15953
2158
2174
2165.88
0.11373
3.16175
16.6475
0.519433
129.93
123.095
130.4
0.212292
1
0
0.0477912
13
0
i = 1085
15951
2157
2175
2165.91
0.086135
2.66509
20.1332
0.563545
134.74
124.595
134.392
0.172107
1
0
0.0439521
15
0
i = 1086
17831
2158
2174
2165.97
0.0788502
2.84492
22.735
0.546055
161.54
145.75
161.27
0.153237
1
0
0.207503
13
2
i = 1087
16194
2157
2176
2166.01
0.107139
3.02419
17.2441
0.529165
131.205
124.49
130.51
0.201186
1
0
0.0452182
16
1
i = 1088
17824
2157
2175
2166.02
0.136113
2.94782
13.4011
0.536003
98.275
90.59
98.7729
0.25894
1
0
0.0221789
15
2
i = 1089
22920
2157
2177
2166.07
0.109952
3.02343
16.8003
0.529196
128.695
121.13
127.195
0.206436
1
0
0.0403512
17
2
i = 1090
15955
2152
2176
2166.11
0.0916115
3.22981
20.8399
0.511974
174.21
156.54
168.421
0.166364
1
0
0.330466
21
0
i = 1091
15952
2157
2174
2166.12
0.0988784
2.85873
18.1712
0.54455
130.18
119.53
129.549
0.191413
1
0
0.150094
14
0
i = 1092
16193
2159
2174
2166.12
0.0966887
2.84256
18.5532
0.547199
130.765
122.205
131.131
0.189389
1
0
0.0289332
12
1
i = 1093
17822
2155
2172
2166.15
0.107245
2.86143
16.9267
0.549106
120.175
111.75
117.742
0.215922
1
0
0.0857134
14
2
i = 1094
17821
2155
2175
2166.19
0.100498
2.94703
18.1471
0.536014
134.445
122.13
133.742
0.191119
1
0
0.0688663
17
2
i = 1095
17823
2157
2176
2166.22
0.109277
2.90517
16.5693
0.539795
120.815
110.625
120.534
0.209192
1
0
0.0201036
16
2
i = 1096
16192
2159
2172
2166.24
0.0911726
2.82508
19.8021
0.553742
135.925
130.225
135.528
0.18637
1
0
0.123865
10
1
i = 1097
16191
2157
2172
2166.31
0.0949526
2.89026
19.2847
0.547583
136.955
128.15
134.687
0.192134
1
0
0.104008
12
1
i = 1098
22066
2158
2176
2166.33
0.124106
3.05861
14.9763
0.526534
115.24
108.765
114.457
0.232421
1
0
0.106626
15
1
i = 1099
17820
2159
2175
2166.43
0.119605
2.80724
14.8911
0.549821
103.94
96.735
104.346
0.234215
1
0
0.0328053
13
2
i = 1100
15956
2158
2175
2166.44
0.0851589
2.99018
21.5799
0.53255
161.89
145.315
160.985
0.161326
1
0
0.274909
14
0
i = 1101
15957
2159
2174
2166.51
0.091306
2.84123
19.6364
0.547137
138.95
127.725
138.591
0.178606
1
0
0.262478
12
0
i = 1102
21129
2152
2174
2166.56
0.0905278
3.09943
20.703
0.524186
164.285
151.705
158.877
0.170056
1
0
0.289975
19
0
i = 1103
22850
2155
2173
2166.62
0.0937827
2.8975
19.3821
0.543735
139.655
128.16
137.857
0.184637
1
0
0.0267602
15
2
i = 1104
21065
2160
2174
2166.63
0.0823242
2.87263
21.9619
0.546098
155.885
144.2
155.86
0.162753
1
0
0.117954
11
0
i = 1105
15958
2159
2179
2166.8
0.0987909
2.9145
18.3669
0.539438
136.27
120.36
133.895
0.189601
1
0
0.170844
17
0
i = 1106
22013
2157
2176
2166.81
0.0687505
2.95426
26.5585
0.535317
195.635
177.555
196.321
0.130541
1
0
0.212601
16
1
i = 1107
17819
2158
2173
2166.89
0.126114
3.00617
14.762
0.536051
109.53
105.47
107.77
0.248388
1
0
0.0613516
12
2
i = 1108
16189
2158
2173
2166.89
0.0950037
2.80649
18.8408
0.552788
130.805
121.795
129.552
0.190522
1
0
0.183264
12
1
i = 1109
22919
2155
2178
2166.89
0.0312295
3.09282
59.8193
0.5231
467.345
435.615
463.607
0.0579119
1
0
0.217148
20
2
i = 1110
16190
2159
2176
2166.89
0.0978698
2.99178
18.7877
0.532634
142.05
124.955
140.283
0.185709
1
0
0.152229
14
1
i = 1111
22065
2157
2178
2166.92
0.0398769
3.09954
46.8995
0.522578
365.16
342.265
364.136
0.0738943
1
0
0.124482
18
1
i = 1112
16188
2158
2176
2166.94
0.087493
2.92211
20.7565
0.538331
152.65
136.76
151.699
0.167143
1
0
0.108638
15
1
i = 1113
15959
2159
2174
2166.95
0.0912411
2.83646
19.6414
0.547825
138.875
127.5
138.04
0.178967
1
0
0.252775
12
0
i = 1114
17818
2157
2174
2166.96
0.124381
2.93499
14.6631
0.538686
108.405
96.795
106.506
0.240135
1
0
0.157134
14
2
i = 1115
17817
2156
2175
2167.22
0.0985917
2.84903
18.1936
0.545482
131.32
119.545
129.26
0.191194
1
0
0.0692278
16
2
i = 1116
17816
2160
2175
2167.26
0.0970981
2.75909
18.1895
0.554882
124.17
117.47
124.981
0.192222
1
0
0.0419415
12
2
i = 1117
21066
2159
2179
2167.28
0.0332882
3.02195
55.4955
0.529628
418.18
401.105
419.595
0.062671
1
0
0.197661
17
0
i = 1118
16187
2160
2176
2167.37
0.0880068
2.87231
20.4782
0.543851
147.795
134.525
146.677
0.170783
1
0
0.22753
13
1
i = 1119
17815
2157
2174
2167.41
0.104934
2.82533
17.0656
0.549478
119.98
111.635
119.027
0.207227
1
0
0.0468812
14
2
i = 1120
22851
2159
2176
2167.43
0.0939734
2.95978
19.4547
0.535207
143.685
130.875
143.716
0.178832
1
0
0.044733
14
2
i = 1121
15960
2159
2180
2167.48
0.0922373
2.99257
19.9274
0.532071
150.98
134.33
149.284
0.174287
1
0
0.0876349
18
0
i = 1122
21128
2159
2175
2167.57
0.0906311
2.94206
20.1308
0.537595
146.66
135.4
146.982
0.174108
1
0
0.144082
13
0
i = 1123
17814
2156
2175
2167.64
0.120314
2.9698
15.2382
0.535091
114.715
102.49
112.28
0.230088
1
0
0.122858
16
2
i = 1124
16186
2161
2175
2167.71
0.0901888
2.80974
19.8036
0.551471
137.805
127.475
137.732
0.179254
1
0
0.0988625
11
1
i = 1125
15962
2157
2176
2167.75
0.091909
3.12728
20.4529
0.520876
160.8
150.42
159.28
0.170449
1
0
0.0458029
16
0
i = 1126
17813
2158
2175
2167.82
0.0917746
2.80729
19.4128
0.550012
136.095
125.315
135.448
0.180004
1
0
0.0437665
14
2
i = 1127
15961
2159
2181
2167.85
0.0945764
3.1242
19.8574
0.520747
158.05
144.28
155.297
0.174909
1
0
0.334467
19
0
i = 1128
15963
2158
2178
2167.99
0.0894529
3.04771
20.7317
0.527009
157.97
148.8
158.2
0.167175
1
0
0.0240906
17
0
i = 1129
16185
2160
2176
2168.03
0.0873766
3.05454
21.2794
0.52782
161.57
155.095
161.377
0.165029
1
0
0.349292
13
1
i = 1130
15964
2159
2176
2168.06
0.0938097
2.83788
19.0817
0.546477
134.56
125.655
135.119
0.182165
1
0
0.0622752
14
0
i = 1131
22064
2159
2180
2168.07
0.0353179
3.09045
52.8817
0.523472
408.33
389
409.229
0.0656116
1
0
0.0816531
18
1
i = 1132
22014
2160
2177
2168.13
0.074002
2.9898
24.8342
0.532661
185.415
169.13
185.311
0.14029
1
0
0.199513
14
1
i = 1133
17811
2161
2175
2168.18
0.11099
2.76201
15.943
0.555718
108.195
103.41
108.916
0.221602
1
0
0.104379
11
2
i = 1134
16184
2161
2176
2168.23
0.086525
2.75834
20.4099
0.554967
139.625
131.535
140.207
0.171329
1
0
0.0493211
12
1
i = 1135
17812
2160
2175
2168.26
0.105557
2.75984
16.749
0.555381
114.295
108.215
114.456
0.209917
1
0
0.0398383
12
2
i = 1136
15965
2158
2174
2168.29
0.103538
3.01346
18.144
0.537522
135.92
130.095
131.367
0.207317
1
0
0.298128
13
0
i = 1137
22852
2159
2176
2168.33
0.091261
2.89625
19.8223
0.54125
143.025
131.655
142.933
0.175864
1
0
0.0298054
14
2
i = 1138
21127
2160
2176
2168.39
0.090862
3.0219
20.3548
0.530658
153.915
146.8
152.547
0.172534
1
0
0.21973
13
0
i = 1139
16183
2160
2175
2168.4
0.0972081
2.77431
18.2459
0.554292
125.725
117.605
125.09
0.193379
1
0
0.0194885
12
1
i = 1140
17810
2161
2177
2168.43
0.124079
3.10099
15.1147
0.52449
116
111.28
116.36
0.233867
1
0
0.0274302
13
2
i = 1141
21067
2158
2177
2168.44
0.0300261
3.07024
62.009
0.52538
474.315
453.11
475.134
0.0560518
1
0
0.0934773
16
0
i = 1142
22918
2159
2178
2168.47
0.0368892
2.97654
49.6833
0.53331
371.185
335.025
370.123
0.0697807
1
0
0.0907424
16
2
i = 1143
16181
2158
2174
2168.48
0.0994365
2.9928
18.899
0.540288
139.83
127.96
135.247
0.201286
1
0
0.451546
13
1
i = 1144
17809
2161
2177
2168.51
0.114762
2.97173
15.9786
0.534958
117.655
108
118.211
0.219458
1
0
0.0570696
13
2
i = 1145
16182
2158
2180
2168.52
0.0995085
3.18915
19.0639
0.515164
156.38
142.03
152.316
0.181757
1
0
0.251805
19
1
i = 1146
15967
2160
2178
2168.67
0.0925666
2.71596
18.9126
0.558268
130.12
118.695
128.641
0.183254
1
0
0.17414
15
0
i = 1147
15966
2158
2175
2168.71
0.0944157
2.90589
19.297
0.543339
142.435
126.825
137.382
0.186218
1
0
0.536191
14
0
i = 1148
17808
2160
2177
2168.72
0.11666
3.06225
15.9454
0.526474
121.61
115.43
121.589
0.218803
1
0
0.0426954
14
2
i = 1149
15968
2161
2175
2168.76
0.0853971
2.62647
20.2091
0.569736
130.93
123.995
131.095
0.174673
1
0
0.180415
11
0
i = 1150
17807
2161
2177
2168.77
0.107133
3.03207
17.2904
0.529711
130.28
124.405
130.321
0.20299
1
0
0.00550256
13
2
i = 1151
16180
2159
2174
2168.81
0.0978675
2.78775
18.5039
0.55946
126.37
118.715
123.421
0.204707
1
0
0.10749
12
1
i = 1152
17806
2158
2179
2168.86
0.119727
2.86354
15.0137
0.543641
112.27
97.085
107.724
0.230743
1
0
0.201802
18
2
i = 1153
22853
2160
2177
2169.08
0.0863588
2.86517
20.8287
0.543928
149.065
137.6
148.844
0.166977
1
0
0.00668407
14
2
i = 1154
16179
2162
2176
2169.19
0.0927249
2.80713
19.2489
0.551616
132.89
125.89
133.43
0.184212
1
0
0.1982
11
1
i = 1155
22063
2161
2180
2169.21
0.038053
2.91304
47.6571
0.539309
347.555
318.99
347.456
0.0728918
1
0
0.245113
16
1
i = 1156
15969
2160
2177
2169.22
0.0915985
2.83254
19.5256
0.547066
136.95
128.505
137.916
0.178146
1
0
0.101518
14
0
i = 1157
17805
2162
2179
2169.24
0.117075
2.75791
15.0787
0.554681
104.28
96.955
103.953
0.231241
1
0
0.123251
14
2
i = 1158
16178
2162
2177
2169.32
0.091894
2.88407
19.6646
0.543346
139.06
131.745
140.828
0.178838
1
0
0.360247
12
1
i = 1159
21126
2162
2175
2169.35
0.0934099
2.90663
19.7017
0.547633
138.77
131.46
137.689
0.190903
1
0
0.0766545
10
0
i = 1160
22917
2158
2178
2169.44
0.0430192
2.86257
41.7817
0.543862
300.5
274.93
299.102
0.083007
1
0
0.0989058
17
2
i = 1161
22015
2158
2177
2169.45
0.0671862
3.00769
27.4556
0.53157
207.375
196.405
205.06
0.127525
1
0
0.140877
16
1
i = 1162
17801
2158
2177
2169.55
0.120044
2.87175
15.0082
0.543673
109.095
98.65
107.224
0.232544
1
0
0.054501
16
2
i = 1163
17802
2161
2178
2169.56
0.10995
2.98292
16.6935
0.53318
124.78
112.345
124.208
0.208514
1
0
0.0144281
14
2
i = 1164
16175
2162
2175
2169.58
0.0854116
2.77879
21.0463
0.559251
141.725
135.845
140.84
0.177353
1
0
0.0808852
10
1
i = 1165
16174
2159
2177
2169.58
0.102137
2.86319
17.6135
0.5445
126.17
115.785
125.446
0.198175
1
0
0.0330508
15
1
i = 1166
15973
2162
2179
2169.61
0.0925497
2.74591
19.0258
0.555556
131.09
120.195
130.685
0.182709
1
0
0.284251
14
0
i = 1167
21068
2160
2177
2169.63
0.036796
2.93801
49.548
0.537866
361.555
330.31
361.369
0.0706809
1
0
0.115804
14
0
i = 1168
15972
2162
2179
2169.73
0.0845929
3.02718
21.8725
0.529778
165.505
156.98
165.145
0.159934
1
0
0.169608
14
0
i = 1169
17800
2159
2179
2169.76
0.116376
2.8868
15.5091
0.541486
112.92
101.39
112.089
0.223449
1
0
0.0542564
17
2
i = 1170
16173
2158
2178
2169.84
0.0948137
3.12371
19.817
0.521243
156.71
144.055
154.087
0.176043
1
0
0.221819
17
1
i = 1171
15974
2161
2182
2169.88
0.0968539
2.85746
18.5405
0.544287
137.05
118.685
132.731
0.186959
1
0
0.703367
18
0
i = 1172
22854
2160
2178
2169.91
0.0976008
2.87973
18.4745
0.542439
133.8
120.525
132.799
0.188066
1
0
0.0686638
15
2
i = 1173
17799
2162
2177
2169.93
0.112005
2.74657
15.7349
0.556223
106.975
98.83
107.344
0.22238
1
0
0.114982
12
2
i = 1174
22916
2162
2179
2169.97
0.0453007
2.82644
39.4337
0.547546
277.78
253.425
278.682
0.0881198
1
0
0.0542118
14
2
i = 1175
22062
2160
2183
2169.99
0.0389481
2.8776
46.2656
0.542313
339.005
300.08
333.674
0.07488
1
0
0.335782
20
1
i = 1176
15970
2159
2179
2169.99
0.0780513
3.38721
25.0641
0.500469
213.32
193.55
211.49
0.139056
1
0
0.120155
17
0
i = 1177
16176
2157
2179
2170.01
0.0659279
3.35993
29.5513
0.502426
251.315
230.135
247.477
0.117861
1
0
0.254787
19
1
i = 1178
21125
2162
2178
2170.08
0.077409
3.00228
23.8058
0.532143
176.61
171.965
177.62
0.147161
1
0
0.151938
13
0
i = 1179
22855
2161
2178
2170.1
0.0577549
2.91833
31.4366
0.539087
228.145
210.565
228.605
0.110772
1
0
0.0288577
14
2
i = 1180
22016
2161
2177
2170.12
0.0583007
2.9275
31.2612
0.539754
226.535
209.625
226.023
0.113056
1
0
0.0727938
13
1
i = 1181
15971
2159
2178
2170.13
0.0657632
3.27327
29.2873
0.51008
239.445
224.555
237.399
0.120213
1
0
0.161146
16
0
i = 1182
17798
2162
2179
2170.14
0.0923153
2.78454
19.2047
0.551533
134.56
124.155
133.753
0.180751
1
0
0.135918
14
2
i = 1183
16172
2163
2179
2170.16
0.0818811
2.9969
22.5129
0.533322
167.99
153.06
167.816
0.156735
1
0
0.34178
13
1
i = 1184
16177
2161
2180
2170.16
0.0737596
3.43815
26.7258
0.496945
230.11
211.055
229.036
0.130658
1
0
0.298623
16
1
i = 1185
17803
2158
2182
2170.22
0.0595177
3.35754
32.7035
0.502061
279.685
253.79
275.114
0.105934
1
0
0.310747
21
2
i = 1186
15975
2162
2181
2170.23
0.0614224
2.84156
29.1577
0.545952
208.275
191.695
207.444
0.119033
1
0
0.33263
16
0
i = 1187
17797
2160
2181
2170.23
0.0645984
2.96372
28.3092
0.534381
211.415
191.02
210.225
0.122381
1
0
0.0348926
18
2
i = 1188
16171
2163
2177
2170.26
0.0536132
2.86294
33.6499
0.546784
237.875
222.075
237.269
0.105962
1
0
0.0794406
11
1
i = 1189
15976
2162
2178
2170.34
0.0438322
2.85602
40.9841
0.545113
290.105
270.75
291.407
0.0851017
1
0
0.207674
13
0
i = 1190
21069
2156
2182
2170.35
0.042457
2.93938
42.8949
0.536576
319.905
287.235
316.024
0.0807581
1
0
0.126077
23
0
i = 1191
17795
2161
2177
2170.37
0.112681
2.88972
16.0821
0.543663
115.135
106.835
114.53
0.220656
1
0
0.0259853
13
2
i = 1192
15977
2162
2176
2170.38
0.0652066
2.85304
27.8985
0.551261
194.075
184.08
192.234
0.13292
1
0
0.2338
11
0
i = 1193
17804
2161
2182
2170.39
0.10173
3.35801
19.1406
0.502349
162.685
148.095
160.79
0.181562
1
0
0.531529
18
2
i = 1194
21124
2161
2177
2170.42
0.073974
3.02431
25.1227
0.532585
187.5
181.685
186.209
0.142999
1
0
0.15787
13
0
i = 1195
22915
2161
2178
2170.44
0.0485168
2.89578
37.2876
0.541391
269.23
247.07
268.655
0.0935764
1
0
0.0208064
14
2
i = 1196
16170
2163
2178
2170.47
0.0468252
2.87182
38.5032
0.544387
274.715
253.645
274.512
0.0912351
1
0
0.0845812
12
1
i = 1197
17796
2162
2181
2170.47
0.0414092
2.92044
43.8458
0.538526
319.38
292.485
320.558
0.079156
1
0
0.0651345
16
2
i = 1198
22061
2160
2184
2170.58
0.0376991
3.06504
49.3307
0.525471
391.66
357.36
378.946
0.0702284
1
0
1.22319
21
1
i = 1199
16169
2159
2177
2170.67
0.0634892
2.96129
28.9929
0.538563
214.485
193.735
210.043
0.12439
1
0
0.23599
15
1
i = 1200
21070
2158
2181
2170.71
0.0447786
2.89939
40.3935
0.540268
296.405
266.21
293.465
0.0857631
1
0
0.0916053
20
0
i = 1201
17794
2160
2181
2170.82
0.129966
2.94249
14.0203
0.536304
103.995
92.695
103.355
0.247103
1
0
0.024363
18
2
i = 1202
15978
2161
2178
2170.88
0.0872226
2.96843
21.0291
0.535662
155.72
140.155
154.478
0.16747
1
0
0.0389665
14
0
i = 1203
22914
2162
2180
2170.89
0.0461111
2.87468
39.062
0.542714
279.93
254.875
280.96
0.0887843
1
0
0.0298124
15
2
i = 1204
22017
2163
2178
2170.92
0.0604083
2.91452
30.0902
0.540893
217.195
197.85
216.861
0.11733
1
0
0.0283249
12
1
i = 1205
22060
2161
2179
2170.93
0.0389841
2.91693
46.5542
0.539041
339.585
305.73
338.78
0.0746815
1
0
0.221079
15
1
i = 1206
21071
2161
2180
2170.96
0.0460704
2.78277
38.464
0.551506
267.39
244.98
268.009
0.0900903
1
0
0.0950679
16
0
i = 1207
15981
2161
2181
2171.07
0.0560857
2.93993
32.4751
0.536553
241.19
218.285
239.131
0.106695
1
0
0.175231
17
0
i = 1208
17788
2159
2179
2171.11
0.062575
2.84484
28.6418
0.545799
205.775
188.685
203.322
0.121356
1
0
0.15885
17
2
i = 1209
15982
2161
2181
2171.11
0.0542292
2.94756
33.6305
0.535861
250.26
226.115
248.269
0.103032
1
0
0.163551
17
0
i = 1210
16164
2162
2177
2171.13
0.056842
2.82866
31.7147
0.551889
221.12
207.965
218.447
0.114736
1
0
0.11509
12
1
i = 1211
16165
2162
2178
2171.15
0.0512216
2.84685
35.0652
0.546941
247.14
231.47
247.029
0.100391
1
0
0.19332
13
1
i = 1212
17790
2162
2178
2171.16
0.0676876
2.84607
26.5326
0.547045
187.15
174.95
186.838
0.132712
1
0
0.0845537
13
2
i = 1213
22913
2159
2182
2171.17
0.0551949
2.92676
32.9248
0.537732
244.99
220.07
241.497
0.105215
1
0
0.117387
20
2
i = 1214
15983
2161
2182
2171.18
0.048236
3.01004
38.2074
0.53026
291.16
274.77
288.141
0.0906815
1
0
0.222342
18
0
i = 1215
17789
2160
2182
2171.2
0.0496178
2.946
36.7457
0.535976
274.94
246.725
271.281
0.0942752
1
0
0.324046
19
2
i = 1216
16163
2162
2178
2171.21
0.0732491
2.81396
24.3766
0.550079
170.855
159.085
169.78
0.144343
1
0
0.0632044
13
1
i = 1217
17791
2164
2178
2171.22
0.114277
2.79898
15.5951
0.552369
107.7
101.58
107.795
0.227268
1
0
0.0235498
11
2
i = 1218
22856
2163
2179
2171.25
0.0895482
2.91991
20.2879
0.5393
147.3
135.76
147.361
0.172205
1
0
0.0126535
13
2
i = 1219
17792
2160
2183
2171.27
0.0419621
3.10453
44.6036
0.522112
348.285
328.24
347.028
0.0776673
1
0
0.0746148
20
2
i = 1220
21123
2162
2178
2171.28
0.0838488
2.90968
21.6814
0.541679
156.525
144.965
155.573
0.163473
1
0
0.171719
13
0
i = 1221
22912
2163
2182
2171.29
0.0541787
2.82523
32.9598
0.547489
232.45
215.815
233.177
0.105266
1
0
0.0697848
16
2
i = 1222
16166
2162
2180
2171.32
0.0614429
2.95912
29.745
0.53502
218.87
200.69
219.934
0.116705
1
0
0.35944
15
1
i = 1223
22059
2162
2177
2171.32
0.0419868
2.81019
42.8871
0.554449
295.64
279.49
292.381
0.0855491
1
0
0.14387
12
1
i = 1224
15984
2160
2181
2171.34
0.062796
2.9355
28.983
0.536957
215.665
193.69
213.075
0.11955
1
0
0.128845
18
0
i = 1225
21072
2161
2183
2171.35
0.046945
2.96734
38.9784
0.53405
292.82
262.2
289.864
0.088879
1
0
0.317202
19
0
i = 1226
15980
2163
2180
2171.41
0.0439775
3.03129
42.0788
0.529037
317.045
304.42
318.05
0.0828206
1
0
0.124921
14
0
i = 1227
16168
2162
2180
2171.43
0.0467836
3.14897
40.3141
0.519005
316.24
299.955
316.367
0.0864055
1
0
0.242838
15
1
i = 1228
16162
2162
2180
2171.43
0.0984832
2.75368
17.8997
0.554458
123.085
114.545
123.335
0.193668
1
0
0.127069
15
1
i = 1229
17787
2161
2179
2171.45
0.0966499
2.81906
18.4636
0.548486
129.535
120.35
129.688
0.188593
1
0
0.0150454
15
2
i = 1230
15985
2161
2178
2171.51
0.0891961
2.82509
20.0858
0.549768
140.73
131.01
139.886
0.176542
1
0
0.0597352
14
0
i = 1231
17786
2164
2179
2171.56
0.115491
2.88729
15.6547
0.543023
112.07
103.41
112.123
0.224599
1
0
0.014266
12
2
i = 1232
17784
2162
2180
2171.68
0.112577
2.94
16.1833
0.536836
118.32
108.29
118.785
0.214663
1
0
0.0269762
15
2
i = 1233
16167
2162
2180
2171.69
0.0459947
3.23015
41.5522
0.512837
333.905
312.68
333.618
0.0841626
1
0
0.47342
15
1
i = 1234
15986
2160
2178
2171.73
0.101999
2.80066
17.5061
0.552674
122.805
112.86
120.547
0.203617
1
0
0.0533099
15
0
i = 1235
22911
2163
2180
2171.74
0.0519833
2.90804
34.8582
0.539864
252.265
230.57
252.986
0.0997343
1
0
0.0366781
14
2
i = 1236
15979
2164
2183
2171.75
0.056326
3.19916
33.7987
0.515842
270.165
252.1
269.633
0.104047
1
0
0.349402
16
0
i = 1237
17785
2165
2179
2171.78
0.123591
2.86456
14.6003
0.546603
103.04
95.38
103.313
0.244147
1
0
0.0274168
11
2
i = 1238
16161
2163
2180
2171.8
0.087212
2.81764
20.4495
0.548317
144.38
131.77
143.929
0.169798
1
0
0.032591
14
1
i = 1239
22857
2163
2183
2171.85
0.0907443
2.95695
20.1313
0.535112
149.575
133.78
149.08
0.172278
1
0
0.0108276
17
2
i = 1240
16160
2163
2180
2171.9
0.0886108
3.01227
20.8196
0.530749
156.79
148.925
156.18
0.167466
1
0
0.0400013
14
1
i = 1241
17793
2160
2181
2171.92
0.0518957
3.39281
37.7251
0.499991
319.06
292.43
319.002
0.0923287
1
0
0.0691589
18
2
i = 1242
15987
2165
2178
2171.93
0.0886302
2.67376
19.6884
0.56624
129.36
121.975
129.231
0.181907
1
0
0.0491501
10
0
i = 1243
17783
2164
2179
2171.95
0.0903331
2.81312
19.7536
0.549958
137.49
127.185
137.775
0.177725
1
0
0.0444105
12
2
i = 1244
15988
2165
2180
2172.02
0.088846
2.83057
20.15
0.548388
141.02
132.695
141.861
0.174442
1
0
0.0938783
12
0
i = 1245
22058
2164
2179
2172.04
0.0444704
2.82061
40.1888
0.549383
280.23
263.655
280.776
0.0874887
1
0
0.193138
12
1
i = 1246
21073
2164
2181
2172.1
0.0483299
2.95581
37.8063
0.535642
277.955
255.71
279.025
0.0920918
1
0
0.246131
14
0
i = 1247
22018
2160
2180
2172.11
0.0637085
2.93226
28.5666
0.537771
210.55
191.81
208.774
0.121868
1
0
0.104303
17
1
i = 1248
16958
2160
2183
2172.13
0.0763949
2.89312
23.6509
0.540849
174.975
157.235
171.487
0.14647
1
0
0.538918
20
1
i = 1249
15989
2162
2179
2172.13
0.0895768
2.93038
20.3573
0.539477
148.25
136.89
147.343
0.173609
1
0
0.097845
14
0
i = 1250
16959
2160
2180
2172.13
0.088542
3.00981
20.8298
0.531001
159.185
149.79
156.054
0.167461
1
0
0.38526
17
1
i = 1251
17781
2164
2180
2172.14
0.10499
2.76406
16.827
0.553784
115.35
108.88
116.055
0.206671
1
0
0.027844
13
2
i = 1252
17782
2163
2181
2172.16
0.117571
2.92317
15.4493
0.53824
113.535
103.32
112.917
0.224572
1
0
0.0316075
15
2
i = 1253
17780
2165
2180
2172.25
0.0780528
2.78983
22.7574
0.551962
157.875
147.7
158.014
0.153846
1
0
0.0169545
12
2
i = 1254
15990
2165
2180
2172.3
0.0711131
2.69808
24.5528
0.56085
164.675
155.865
165.144
0.142059
1
0
0.2149
12
0
i = 1255
21122
2162
2181
2172.38
0.0882381
3.0608
21.0673
0.526147
162.91
152.755
160.983
0.164916
1
0
0.0803214
16
0
i = 1256
17779
2164
2183
2172.39
0.0870194
2.84162
20.5802
0.545895
146.16
134.895
146.442
0.168568
1
0
0.00611958
16
2
i = 1257
15991
2165
2181
2172.49
0.0697427
2.73511
25.2006
0.556778
172.81
160.725
172.208
0.138092
1
0
0.311676
13
0
i = 1258
16957
2162
2181
2172.49
0.0752934
2.9101
24.0707
0.53946
175.75
160.595
175.073
0.144157
1
0
0.242241
16
1
i = 1259
16955
2166
2179
2172.54
0.0869562
2.77795
20.4733
0.556342
138.825
132.6
139.578
0.176247
1
0
0.242978
10
1
i = 1260
16956
2165
2179
2172.55
0.0754809
2.85296
23.8811
0.548097
166.805
157.415
167.318
0.149892
1
0
0.230112
11
1
i = 1261
22858
2161
2181
2172.62
0.0831566
2.89706
21.7463
0.540699
158.3
143.8
157.422
0.159605
1
0
0.0117495
17
2
i = 1262
22910
2164
2180
2172.63
0.0601448
2.93052
30.2766
0.538673
220.295
201.775
220.147
0.115789
1
0
0.0139884
13
2
i = 1263
17778
2163
2182
2172.72
0.0884434
2.87735
20.3738
0.542383
146.035
133.375
146.76
0.170107
1
0
0.0887242
16
2
i = 1264
15992
2165
2181
2172.82
0.0804628
2.94196
22.6651
0.537335
167.795
149.78
166.04
0.154229
1
0
0.494112
13
0
i = 1265
21121
2164
2179
2172.92
0.0818418
2.77189
21.728
0.556064
148.02
138.74
147.665
0.164928
1
0
0.108788
12
0
i = 1266
17777
2165
2182
2172.94
0.102427
2.80552
17.3755
0.549562
121.985
110.77
121.907
0.19995
1
0
0.112265
14
2
i = 1267
22057
2166
2180
2172.95
0.0516161
2.8346
34.7553
0.549116
242.14
224.525
243.431
0.102193
1
0
0.335434
11
1
i = 1268
21074
2165
2180
2172.99
0.0503763
2.88524
35.8967
0.543522
254.95
234.7
256.179
0.0982538
1
0
0.331834
12
0
i = 1269
16954
2160
2182
2172.99
0.090141
2.90974
20.1028
0.53938
149.775
132.375
146.38
0.172438
1
0
0.262847
19
1
i = 1270
22019
2161
2180
2173.04
0.0630208
3.03519
29.4694
0.530441
223.82
213.395
220.57
0.120385
1
0
0.210511
16
1
i = 1271
15993
2163
2182
2173.04
0.0946263
3.14385
19.9094
0.519138
158.74
147.315
156.297
0.174483
1
0
0.365732
16
0
i = 1272
17776
2165
2182
2173.08
0.113232
2.85475
15.855
0.544833
113.005
104.6
113.14
0.219182
1
0
0.0900758
14
2
i = 1273
15994
2165
2181
2173.14
0.101037
2.97548
18.155
0.534427
134.245
122.98
134.29
0.192773
1
0
0.11978
13
0
i = 1274
22859
2165
2184
2173.29
0.0799535
2.90342
22.6433
0.540151
164.93
150.67
164.566
0.153344
1
0
0.0147786
16
2
i = 1275
17775
2165
2182
2173.3
0.11715
2.96909
15.631
0.534407
116.065
105.285
115.842
0.222662
1
0
0.0489977
14
2
i = 1276
22909
2161
2184
2173.33
0.0633178
2.89761
28.5576
0.540431
210.195
189.715
207.376
0.121305
1
0
0.0779589
20
2
i = 1277
16953
2165
2182
2173.33
0.086383
2.74268
20.3674
0.555648
141.095
130.375
139.748
0.170318
1
0
0.213352
14
1
i = 1278
15996
2165
2181
2173.34
0.0892834
2.81061
19.9569
0.549359
139.735
130.14
139.755
0.174545
1
0
0.075589
13
0
i = 1279
16952
2166
2180
2173.34
0.0920545
2.81825
19.4364
0.55078
135.22
127.295
135.022
0.182898
1
0
0.182344
11
1
i = 1280
17774
2164
2181
2173.39
0.108797
2.9274
16.7196
0.538514
122.77
111.59
121.742
0.208799
1
0
0.0184416
14
2
i = 1281
15995
2165
2181
2173.4
0.0944798
3.05143
19.6752
0.528249
149.82
142.515
148.774
0.178782
1
0
0.170864
13
0
i = 1282
17772
2163
2183
2173.52
0.130227
3.1493
14.477
0.518524
115.28
106.795
114.019
0.239586
1
0
0.102736
17
2
i = 1283
17773
2164
2183
2173.54
0.121087
2.95898
15.0912
0.53488
111.97
101.18
111.764
0.229713
1
0
0.00940106
16
2
i = 1284
21120
2166
2181
2173.56
0.0836162
2.7948
21.2607
0.551429
147.225
137.65
147.73
0.164607
1
0
0.0959474
12
0
i = 1285
22020
2161
2179
2173.64
0.0668997
3.01915
28.3985
0.539299
208.995
203.705
203.573
0.136329
1
0
0.240363
15
1
i = 1286
22056
2166
2181
2173.65
0.0523988
2.81092
34.0289
0.549947
236.87
221.335
237.624
0.102941
1
0
0.240807
12
1
i = 1287
16950
2165
2181
2173.67
0.0930326
2.77791
19.0442
0.55271
131.685
122.945
131.657
0.183131
1
0
0.117981
13
1
i = 1288
15997
2166
2182
2173.72
0.0935467
2.83073
19.116
0.547437
135.22
124.19
135.013
0.182277
1
0
0.0655326
13
0
i = 1289
16949
2167
2181
2173.72
0.0902594
2.71086
19.4155
0.560629
130.205
122.845
130.658
0.181463
1
0
0.0695975
11
1
i = 1290
17771
2166
2181
2173.77
0.107923
2.86958
16.7016
0.544684
118.26
109.085
118.798
0.21051
1
0
0.111176
12
2
i = 1291
21075
2166
2182
2173.78
0.0494732
2.93095
36.7921
0.538312
267.96
244.425
268.592
0.0949818
1
0
0.0468612
13
0
i = 1292
16951
2164
2182
2173.79
0.105035
2.98187
17.4706
0.533178
130.115
117.13
129.936
0.199075
1
0
0.0287716
15
1
i = 1293
22860
2162
2181
2173.8
0.0905596
2.90217
20.0124
0.541271
148.16
131.465
144.101
0.175165
1
0
0.21132
16
2
i = 1294
17770
2163
2181
2173.81
0.11767
2.99404
15.6543
0.533333
117.36
104.855
116.019
0.224901
1
0
0.0290041
15
2
i = 1295
15998
2166
2182
2173.83
0.0952285
2.78924
18.6374
0.551345
129.98
119.815
129.759
0.186706
1
0
0.114487
13
0
i = 1296
15999
2167
2181
2173.87
0.090801
2.79206
19.599
0.552938
135.115
126.09
135.458
0.180634
1
0
0.110503
11
0
i = 1297
22908
2166
2185
2173.94
0.0545688
2.84591
32.8493
0.545667
234.49
212.495
233.978
0.105784
1
0
0.0657235
16
2
i = 1298
17769
2166
2181
2173.96
0.105287
2.8453
17.0492
0.547038
119.895
110.6
120.155
0.206308
1
0
0.0418237
12
2
i = 1299
22861
2163
2185
2174.14
0.0924709
3.00868
19.9256
0.530365
154.73
142.68
150.224
0.17386
1
0
0.200936
19
2
i = 1300
16000
2166
2184
2174.18
0.086119
2.85026
20.8285
0.545155
149.82
137.435
148.571
0.166687
1
0
0.275066
15
0
i = 1301
16948
2165
2183
2174.18
0.0870277
2.9674
21.0296
0.534263
157.33
141.5
155.96
0.165056
1
0
0.144669
15
1
i = 1302
21119
2166
2184
2174.2
0.0884278
3.05483
21.0077
0.52693
161.695
152.285
160.344
0.165804
1
0
0.182009
15
0
i = 1303
17768
2164
2184
2174.22
0.105119
3.00688
17.5234
0.530566
131.83
126.175
131.926
0.197766
1
0
0.0067342
17
2
i = 1304
16946
2165
2183
2174.23
0.103559
3.00449
17.7836
0.53101
133.075
127.88
133.472
0.19528
1
0
0.077597
15
1
i = 1305
16002
2160
2181
2174.26
0.0970115
2.96774
18.9373
0.536628
146.17
127.745
138.433
0.187713
1
0
0.560084
18
0
i = 1306
22021
2164
2181
2174.31
0.0683336
2.81832
26.1603
0.549865
183.23
171.175
182.287
0.134788
1
0
0.0994408
14
1
i = 1307
16947
2164
2184
2174.35
0.0911643
3.05629
20.3714
0.526284
158.27
147.485
155.83
0.170155
1
0
0.14689
17
1
i = 1308
17767
2165
2181
2174.39
0.111003
2.79491
16.0391
0.552242
110.625
104.29
110.776
0.220009
1
0
0.0246161
13
2
i = 1309
22055
2165
2182
2174.39
0.0522112
3.0262
35.4396
0.529998
268.265
255.975
266.23
0.0988415
1
0
0.31561
14
1
i = 1310
22862
2166
2185
2174.42
0.0981012
2.88675
18.4003
0.541641
135.36
121.635
132.989
0.18859
1
0
0.173453
16
2
i = 1311
17765
2166
2183
2174.43
0.113173
2.91389
16.027
0.53931
116.935
106.73
116.626
0.216891
1
0
0.0261878
14
2
i = 1312
16003
2160
2183
2174.43
0.0884697
3.03597
20.9264
0.528271
166.53
150.145
158.645
0.165991
1
0
0.529902
20
0
i = 1313
17766
2166
2183
2174.49
0.133767
3.03006
13.831
0.529136
104.825
99.685
104.483
0.25195
1
0
0.0118317
14
2
i = 1314
21076
2166
2182
2174.49
0.0509161
2.83578
35.1585
0.547083
247.975
230.09
248.114
0.0992305
1
0
0.0642028
13
0
i = 1315
16001
2165
2184
2174.5
0.0917454
2.85569
19.5663
0.544425
140.935
128.575
139.921
0.17711
1
0
0.188932
16
0
i = 1316
21118
2167
2182
2174.56
0.091351
2.87213
19.7374
0.544363
140.51
129.72
140.68
0.177988
1
0
0.112832
12
0
i = 1317
17764
2163
2182
2174.57
0.106911
2.82085
16.6991
0.548429
117.855
108.61
117.279
0.208747
1
0
0.00856531
16
2
i = 1318
22907
2163
2181
2174.61
0.0584684
2.83244
30.7027
0.549406
215.905
200.215
214.008
0.11591
1
0
0.0315911
15
2
i = 1319
16945
2167
2183
2174.69
0.0948794
2.86391
18.9599
0.544372
134.485
124.54
135.416
0.183972
1
0
0.0781597
13
1
i = 1320
21117
2168
2181
2174.76
0.0909717
2.8105
19.7076
0.553718
135.66
126.78
135.41
0.184226
1
0
0.129067
10
0
i = 1321
16943
2166
2183
2174.79
0.0834157
3.09666
22.429
0.52368
172.175
163.515
172.794
0.155764
1
0
0.131158
14
1
i = 1322
16944
2167
2185
2174.82
0.0883158
2.83973
20.2764
0.546331
143.18
132.215
144.053
0.171487
1
0
0.0781205
15
1
i = 1323
16004
2167
2182
2174.86
0.0853816
2.87296
21.1264
0.544451
149.61
137.55
150.348
0.166565
1
0
0.325704
12
0
i = 1324
17763
2166
2182
2174.89
0.0998622
2.81849
17.8801
0.549109
125.51
114.83
125.112
0.195778
1
0
0.0291633
13
2
i = 1325
22863
2163
2184
2174.92
0.10654
2.99731
17.2629
0.531476
131.265
114.75
129.434
0.200865
1
0
0.0893321
18
2
i = 1326
16005
2168
2182
2174.95
0.0803266
2.83035
22.315
0.54949
155.205
143.675
156.086
0.159105
1
0
0.231411
11
0
i = 1327
16006
2165
2182
2175
0.0773907
3.01639
23.9145
0.531924
178.595
172.665
178.016
0.148081
1
0
0.0890565
14
0
i = 1328
17760
2167
2182
2175.08
0.100705
2.79373
17.6602
0.551922
122.32
114.98
122.253
0.198915
1
0
0.0205489
12
2
i = 1329
22022
2166
2187
2175.09
0.0714502
3.16135
26.4391
0.517628
211.765
196.745
209.239
0.131305
1
0
0.264871
18
1
i = 1330
21116
2164
2181
2175.09
0.0953089
2.81538
18.8534
0.552817
131.38
123.335
129.489
0.192255
1
0
0.0724959
14
0
i = 1331
16942
2167
2183
2175.12
0.0708662
3.07542
26.331
0.526152
200.88
193.135
200.872
0.133534
1
0
0.0677061
13
1
i = 1332
17734
2165
2187
2175.17
0.0633135
3.78152
32.6455
0.473626
306.875
290.525
308.311
0.106724
1
0
0.245226
19
2
i = 1333
16007
2166
2184
2175.19
0.0902112
3.03469
20.5178
0.528398
156.15
148.59
155.508
0.169314
1
0
0.133856
15
0
i = 1334
17759
2165
2182
2175.19
0.126925
2.88413
14.2499
0.543649
102.085
94.79
101.575
0.24768
1
0
0.0522738
14
2
i = 1335
22864
2166
2184
2175.2
0.0933626
2.86556
19.2619
0.543575
138.355
127.175
138.061
0.180047
1
0
0.0149993
15
2
i = 1336
17752
2166
2185
2175.22
0.0870596
3.08023
21.4171
0.524346
164.965
157.03
165.03
0.162009
1
0
0.0265875
16
2
i = 1337
22906
2166
2186
2175.23
0.0627855
2.86734
28.6496
0.543316
204.71
189.735
205.815
0.120956
1
0
0.0312223
17
2
i = 1338
22054
2166
2183
2175.27
0.0499185
2.95054
36.5813
0.53635
269.95
245.335
268.567
0.095386
1
0
0.240901
14
1
i = 1339
16940
2165
2181
2175.29
0.108207
2.91421
16.9994
0.545412
121.64
113.52
119.678
0.218206
1
0
0.0556821
13
1
i = 1340
16014
2166
2185
2175.3
0.0808416
2.95104
22.5738
0.5356
167.445
152.09
166.766
0.153571
1
0
0.0458741
16
0
i = 1341
17761
2166
2185
2175.31
0.0889158
3.03665
20.8203
0.528049
159.155
150.585
158.2
0.166584
1
0
0.0398201
16
2
i = 1342
21077
2167
2184
2175.32
0.056052
2.89727
32.2669
0.540834
232.985
214.85
233.541
0.107711
1
0
0.0663759
14
0
i = 1343
16008
2168
2181
2175.33
0.0961017
2.84905
18.9077
0.552139
130.705
124.875
130.045
0.196787
1
0
0.157977
10
0
i = 1344
17762
2166
2184
2175.35
0.0904583
2.96797
20.2345
0.534239
149.855
136.51
150.037
0.171584
1
0
0.0194835
15
2
i = 1345
22023
2167
2184
2175.36
0.0722722
3.00526
25.493
0.531259
190.9
183.12
191.121
0.136623
1
0
0.0284974
14
1
i = 1346
17753
2165
2183
2175.38
0.085801
2.90965
21.134
0.540047
153.835
141.015
153.055
0.165024
1
0
0.105806
15
2
i = 1347
16934
2169
2183
2175.38
0.0788702
2.7109
22.2399
0.561134
148.915
141.505
149.693
0.159219
1
0
0.24015
11
1
i = 1348
17758
2166
2182
2175.39
0.133966
2.89423
13.5397
0.543327
96.585
90.065
96.5318
0.262325
1
0
0.0138422
13
2
i = 1349
16013
2168
2184
2175.42
0.0761691
2.90942
23.816
0.540473
171.695
158.94
172.688
0.146988
1
0
0.103147
13
0
i = 1350
16935
2166
2185
2175.45
0.0744473
3.11587
25.1902
0.521355
200.29
184.735
196.264
0.137764
1
0
0.48697
16
1
i = 1351
16941
2167
2183
2175.47
0.0814833
2.95376
22.4334
0.536483
165.305
150.115
164.515
0.156163
1
0
0.0504418
13
1
i = 1352
22865
2165
2186
2175.5
0.0943428
2.86846
19.0697
0.543173
140.545
125.035
137.075
0.181663
1
0
0.175997
18
2
i = 1353
16936
2162
2189
2175.6
0.0864978
3.26341
22.1849
0.50924
193.41
167.5
181.468
0.156147
1
0
0.905192
24
1
i = 1354
17755
2166
2182
2175.6
0.108785
2.73786
16.2036
0.558155
110.145
103.29
109.506
0.218179
1
0
0.0193947
13
2
i = 1355
16015
2166
2181
2175.61
0.110097
2.70429
16.0634
0.565596
106.585
101.625
105.134
0.229397
1
0
0.0734305
12
0
i = 1356
16012
2168
2183
2175.61
0.0981044
2.87763
18.3973
0.543886
131.26
120.875
131.329
0.191031
1
0
0.114644
12
0
i = 1357
17750
2165
2186
2175.61
0.122166
2.89641
14.7982
0.540547
109.34
97.745
107.4
0.234104
1
0
0.0500185
18
2
i = 1358
17754
2166
2184
2175.61
0.110382
2.7435
15.9409
0.555505
109.575
101.43
109.403
0.217501
1
0
0.00693169
15
2
i = 1359
16009
2168
2185
2175.63
0.0606666
3.03226
30.5303
0.529464
230.51
219.585
230.85
0.114729
1
0
0.14836
14
0
i = 1360
17751
2167
2183
2175.64
0.126772
2.85011
14.1598
0.545883
100.035
92.995
100.311
0.246803
1
0
0.0350412
13
2
i = 1361
16937
2166
2183
2175.68
0.0489916
3.06521
38.0499
0.527235
290.825
276.52
288.519
0.0926443
1
0
0.199655
14
1
i = 1362
22905
2167
2184
2175.7
0.0639596
2.89777
28.2802
0.540792
203.865
187.055
204.572
0.122901
1
0
0.0366505
14
2
i = 1363
21115
2168
2181
2175.72
0.101224
2.82976
18.0238
0.555771
122.67
117.365
121.902
0.210929
1
0
0.127481
10
0
i = 1364
16933
2170
2184
2175.73
0.100465
2.70342
17.5152
0.563984
117.145
110.18
117.246
0.206525
1
0
0.145037
11
1
i = 1365
16939
2167
2183
2175.75
0.0800061
2.87108
22.5257
0.544101
161.425
147.385
160.541
0.155462
1
0
0.0601398
13
1
i = 1366
17756
2164
2187
2175.77
0.0421116
3.05579
44.0948
0.526259
340.96
318.685
337.674
0.0785625
1
0
0.105312
20
2
i = 1367
16011
2168
2182
2175.78
0.0645045
2.8083
27.7416
0.552577
191.495
178.865
191.032
0.129265
1
0
0.0832001
11
0
i = 1368
16931
2168
2184
2175.81
0.102092
2.80695
17.4404
0.549653
121.945
112.63
122.171
0.199612
1
0
0.0864637
13
1
i = 1369
17749
2165
2186
2175.82
0.129758
3.02652
14.242
0.528816
110.89
101.86
107.964
0.243279
1
0
0.127126
18
2
i = 1370
16010
2168
2186
2175.84
0.0417266
2.96305
43.8504
0.535093
325.435
291.85
324.754
0.0794842
1
0
0.330501
15
0
i = 1371
16938
2168
2183
2175.86
0.0445903
2.88011
40.5056
0.54382
289.945
264.81
288.919
0.0869123
1
0
0.0361274
12
1
i = 1372
17757
2165
2184
2175.87
0.0550651
3.06756
33.8089
0.525884
260.66
245.025
258.318
0.103077
1
0
0.173622
16
2
i = 1373
16932
2169
2183
2175.87
0.106301
2.88489
17.0381
0.544816
121.105
112.185
121.289
0.209491
1
0
0.138784
11
1
i = 1374
16016
2166
2182
2175.87
0.112986
2.88894
16.0992
0.545475
115.615
106.015
113.63
0.224508
1
0
0.210065
13
0
i = 1375
17748
2168
2183
2175.88
0.11857
2.78981
14.983
0.552062
103.44
95.83
103.749
0.233895
1
0
0.027421
12
2
i = 1376
22053
2166
2184
2175.9
0.0509506
2.86426
35.2936
0.543875
254.26
228.125
252.389
0.0984194
1
0
0.238513
15
1
i = 1377
21078
2168
2183
2175.91
0.0582568
2.90883
31.1687
0.541373
224.405
205.455
224.251
0.113216
1
0
0.111149
12
0
i = 1378
17747
2168
2184
2175.93
0.111837
2.81517
15.9439
0.548852
111.985
102.465
111.978
0.218347
1
0
0.0035997
13
2
i = 1379
16029
2166
2184
2175.93
0.0605281
3.38499
32.3705
0.501881
270.625
253.68
270.979
0.109079
1
0
1.02236
15
0
i = 1380
22866
2166
2185
2175.95
0.0937505
2.93436
19.4106
0.537133
143.69
127.94
142.504
0.178617
1
0
0.054334
16
2
i = 1381
22024
2169
2183
2175.95
0.0618764
2.88649
29.2773
0.544652
206.84
191.19
208.433
0.121895
1
0
0.564331
11
1
i = 1382
16018
2166
2182
2175.97
0.104965
2.91733
17.4467
0.543509
125.24
115.315
123.939
0.208758
1
0
0.172427
13
0
i = 1383
16930
2168
2183
2176.01
0.0943266
2.60833
18.1984
0.570293
117.66
112.96
118.191
0.191467
1
0
0.0850375
12
1
i = 1384
16929
2169
2184
2176.02
0.0899723
2.66746
19.2978
0.564117
126.9
122.065
128.427
0.180847
1
0
0.264201
12
1
i = 1385
16017
2168
2182
2176.04
0.106513
2.93332
17.2701
0.543003
123.85
116.115
122.867
0.212944
1
0
0.159131
11
0
i = 1386
16019
2166
2183
2176.04
0.0959279
2.90608
18.9192
0.541382
135.92
126.845
136.043
0.186157
1
0
0.101014
14
0
i = 1387
21114
2169
2183
2176.07
0.0935244
2.80005
19.0564
0.552194
131.42
124.48
131.909
0.185853
1
0
0.0799202
11
0
i = 1388
17746
2165
2185
2176.1
0.11274
3.02499
16.3896
0.529099
126.325
117.88
123.941
0.211686
1
0
0.0873087
17
2
i = 1389
16928
2170
2181
2176.1
0.0894023
2.71114
20.1239
0.572136
129.53
128.46
128.762
0.196823
1
0
0.439407
8
1
i = 1390
16919
2161
2184
2176.13
0.0629368
3.58738
32.1472
0.488776
287.805
273.835
283.389
0.111477
1
0
1.58695
20
1
i = 1391
22904
2167
2184
2176.18
0.0661484
2.94163
27.5606
0.53706
201.61
185.49
201.866
0.126484
1
0
0.0425536
14
2
i = 1392
17744
2167
2184
2176.23
0.0891634
2.88277
20.2385
0.542397
145.235
134.425
145.371
0.172059
1
0
0.0255898
14
2
i = 1393
17745
2169
2185
2176.23
0.109217
2.85499
16.4536
0.54558
117.44
108.275
117.155
0.21273
1
0
0.103918
13
2
i = 1394
21113
2165
2185
2176.27
0.0749897
2.90893
24.162
0.539506
177.14
161.085
175.782
0.143532
1
0
0.0757143
17
0
i = 1395
16020
2168
2184
2176.28
0.0885937
2.93963
20.5779
0.53758
149.86
138.63
150.394
0.169927
1
0
0.110869
13
0
i = 1396
22867
2167
2187
2176.29
0.0807291
3.00066
22.7945
0.531151
172.18
163.55
171.306
0.152082
1
0
0.0243678
17
2
i = 1397
17743
2167
2186
2176.32
0.0899922
2.88598
20.0532
0.541573
146.255
132.75
144.921
0.172829
1
0
0.0385093
16
2
i = 1398
16021
2169
2184
2176.34
0.084799
2.91723
21.4373
0.540445
154.31
143.56
155.144
0.164355
1
0
0.212254
12
0
i = 1399
16920
2165
2183
2176.37
0.0931372
3.1818
20.524
0.520234
162.5
154.195
159.324
0.177069
1
0
0.700485
15
1
i = 1400
16022
2165
2184
2176.39
0.0919096
3.04732
20.2033
0.528149
154.525
146.535
152.849
0.173381
1
0
0.111274
16
0
i = 1401
22052
2166
2189
2176.39
0.0547288
2.89152
33.0047
0.541002
245.175
218.095
239.195
0.104962
1
0
0.3432
20
1
i = 1402
16927
2168
2183
2176.4
0.0825364
2.89111
21.967
0.543792
155.78
146.865
156.343
0.161926
1
0
0.281067
12
1
i = 1403
21079
2168
2185
2176.4
0.0634495
2.94909
28.7612
0.536155
210.845
193.525
211.738
0.120943
1
0
0.121355
14
0
i = 1404
16023
2163
2182
2176.42
0.107373
3.02385
17.5933
0.537504
133.9
126.195
127.24
0.216229
1
0
0.388804
16
0
i = 1405
21112
2164
2185
2176.46
0.0656451
3.10278
28.5145
0.522661
226.995
209.085
220.745
0.121946
1
0
0.710733
18
0
i = 1406
17740
2167
2185
2176.46
0.138484
3.05917
13.4211
0.52639
102.965
97.785
102.432
0.259113
1
0
0.0695157
15
2
i = 1407
16926
2166
2184
2176.47
0.0896303
3.00399
20.5683
0.531918
154.915
147.15
153.405
0.170259
1
0
0.119796
15
1
i = 1408
17741
2167
2184
2176.47
0.12738
2.93364
14.2978
0.538049
104.785
95.555
104.259
0.24442
1
0
0.0146003
14
2
i = 1409
16925
2169
2184
2176.49
0.0998783
2.95768
18.332
0.536976
134.755
122.73
134.289
0.192634
1
0
0.118398
12
1
i = 1410
22025
2169
2184
2176.53
0.0509706
2.90532
35.5864
0.541443
253.82
237.35
256.385
0.0989029
1
0
0.88065
12
1
i = 1411
16028
2168
2183
2176.56
0.0915643
3.23559
21.1467
0.517884
166.89
160.73
165.493
0.175608
1
0
0.328269
12
0
i = 1412
17742
2169
2186
2176.57
0.119755
2.81322
14.8855
0.549044
104.97
96.49
104.687
0.233899
1
0
0.0267279
14
2
i = 1413
22868
2167
2185
2176.58
0.0560638
2.84666
31.9719
0.545421
227.06
209.2
227.507
0.108514
1
0
0.0124167
15
2
i = 1414
17739
2168
2187
2176.6
0.132546
3.06929
14.0446
0.525441
109.01
102.055
107.832
0.24743
1
0
0.059808
16
2
i = 1415
16024
2165
2182
2176.66
0.0994502
2.82346
18.2848
0.555325
128.295
118.74
123.92
0.205743
1
0
0.206274
14
0
i = 1416
22903
2166
2187
2176.73
0.0756003
2.964
24.1906
0.534355
181.115
161.71
179.632
0.143216
1
0
0.0557696
18
2
i = 1417
16030
2166
2184
2176.76
0.0694386
3.27305
27.8189
0.511552
226.405
212.39
223.748
0.128582
1
0
0.663065
15
0
i = 1418
16924
2168
2190
2176.79
0.110211
3.14916
17.1095
0.518738
137.195
125.3
134.848
0.203114
1
0
0.25822
19
1
i = 1419
22026
2167
2187
2176.84
0.0567624
3.01432
32.4918
0.529911
246.62
232.23
245.273
0.106659
1
0
0.307629
17
1
i = 1420
21080
2170
2183
2176.85
0.0672145
2.78171
26.5292
0.556322
181.18
169.585
180.453
0.13654
1
0
0.0268782
10
0
i = 1421
21111
2164
2185
2176.86
0.0838902
3.23873
22.8173
0.512248
189.615
170.62
183.581
0.15343
1
0
0.387089
18
0
i = 1422
17738
2166
2186
2176.88
0.111811
3.02941
16.5372
0.528668
127.345
117.635
125.299
0.209709
1
0
0.101999
17
2
i = 1423
22051
2166
2188
2176.94
0.0567739
2.91747
31.9582
0.538589
237.175
209.14
233.669
0.108397
1
0
0.46014
19
1
i = 1424
17737
2166
2185
2176.94
0.118242
2.92404
15.3677
0.538393
112.67
101.285
112.102
0.226255
1
0
0.0193826
16
2
i = 1425
17735
2167
2185
2176.95
0.132029
2.94073
13.8028
0.536911
102.155
91.545
101.224
0.252015
1
0
0.108915
15
2
i = 1426
16027
2170
2183
2176.96
0.104936
2.8104
17.1041
0.554105
117.22
109.75
117.173
0.213171
1
0
0.0848774
10
0
i = 1427
22869
2170
2187
2176.96
0.0946152
2.79563
18.7984
0.551445
131.335
119.59
131.211
0.186397
1
0
0.0810917
14
2
i = 1428
16921
2169
2183
2176.96
0.104494
2.80269
17.1316
0.553685
118.88
109.845
117.382
0.210572
1
0
0.122092
11
1
i = 1429
17733
2167
2185
2176.97
0.0663674
3.14738
28.4265
0.519526
223.795
210.535
222.353
0.12302
1
0
0.408688
15
2
i = 1430
16025
2167
2185
2176.99
0.0917944
2.91209
19.7552
0.539516
145.5
129.07
143.493
0.176035
1
0
0.0937217
15
0
i = 1431
16923
2168
2187
2177
0.103239
3.21876
18.4665
0.513163
149.26
139.55
148.538
0.188298
1
0
0.247373
16
1
i = 1432
16026
2167
2187
2177.03
0.0951376
3.06796
19.5577
0.525275
152.41
142.13
150.215
0.177222
1
0
0.159218
17
0
i = 1433
22902
2168
2187
2177.04
0.0696552
2.83964
25.6993
0.545974
182.95
169.065
182.784
0.134859
1
0
0.0167739
16
2
i = 1434
16918
2168
2186
2177.09
0.0708243
3.11353
26.4746
0.52179
206.19
195.595
205.725
0.131371
1
0
0.687755
15
1
i = 1435
22050
2168
2186
2177.12
0.0543168
2.89144
33.2578
0.541152
239.6
221.88
240.515
0.104292
1
0
0.141098
15
1
i = 1436
22901
2168
2188
2177.12
0.0734281
2.87138
24.5146
0.542944
176.41
162.195
176.352
0.141371
1
0
0.00952487
17
2
i = 1437
21085
2166
2188
2177.14
0.0637803
2.95134
28.6122
0.535491
217.175
191.97
211.618
0.121075
1
0
0.33421
19
0
i = 1438
22898
2168
2188
2177.14
0.0771143
3.00239
23.8703
0.531021
181.015
171.185
179.485
0.145257
1
0
0.0535726
17
2
i = 1439
21084
2168
2185
2177.15
0.0642964
2.79428
27.625
0.550687
192.16
179.775
192.65
0.125788
1
0
0.0356652
14
0
i = 1440
22049
2168
2186
2177.15
0.0570264
2.9297
31.8874
0.537645
232.695
214.405
233.571
0.108811
1
0
0.181394
15
1
i = 1441
22047
2167
2184
2177.15
0.0569262
2.87841
31.7345
0.544078
225.89
211.045
225.89
0.111092
1
0
0.0831513
14
1
i = 1442
21081
2170
2185
2177.16
0.0645978
2.76837
27.3908
0.554055
187.615
177.365
188.829
0.127775
1
0
0.294389
12
0
i = 1443
22046
2169
2185
2177.16
0.0612235
2.85486
29.3333
0.545153
208.81
193.68
208.643
0.118822
1
0
0.0689417
13
1
i = 1444
22896
2167
2187
2177.18
0.0835804
2.97715
21.9297
0.533199
165.085
148.315
163.492
0.158016
1
0
0.0593774
17
2
i = 1445
16922
2166
2187
2177.19
0.10068
3.07486
18.5016
0.524671
146.67
134.435
142.424
0.187315
1
0
0.272571
18
1
i = 1446
22895
2168
2187
2177.2
0.0793506
2.92245
22.8862
0.538205
167.59
153.18
167.465
0.151465
1
0
0.0223653
16
2
i = 1447
22048
2167
2187
2177.2
0.0584278
3.02749
31.6347
0.528762
238.85
228.8
239.78
0.109554
1
0
0.189411
17
1
i = 1448
21083
2170
2183
2177.2
0.0675511
2.734
26.208
0.561459
174.935
168.265
174.592
0.13877
1
0
0.193584
10
0
i = 1449
22900
2167
2188
2177.25
0.0660378
2.93683
27.5662
0.536819
205.53
184.54
202.86
0.125677
1
0
0.101689
18
2
i = 1450
22897
2169
2187
2177.25
0.0673277
2.8701
26.7344
0.543268
191.27
176.935
192.009
0.129865
1
0
0.0427274
15
2
i = 1451
22894
2166
2188
2177.26
0.0727622
2.9151
24.9258
0.538808
183.725
166.365
182.092
0.13898
1
0
0.0292362
19
2
i = 1452
22045
2168
2185
2177.26
0.0614634
2.95639
29.74
0.535832
220.7
200.515
218.758
0.117343
1
0
0.180454
14
1
i = 1453
21110
2169
2185
2177.27
0.0910405
2.92304
19.9665
0.539029
144.985
133.83
145.163
0.175008
1
0
0.066746
13
0
i = 1454
17736
2168
2187
2177.27
0.125598
2.89649
14.3945
0.540596
106.32
95.385
104.403
0.240785
1
0
0.121639
16
2
i = 1455
22899
2166
2188
2177.28
0.0829559
2.92136
21.8864
0.53823
163.555
145.565
160.23
0.158281
1
0
0.1198
19
2
i = 1456
21082
2165
2188
2177.29
0.0633065
2.88498
28.5004
0.541612
206.77
188.885
206.063
0.121548
1
0
0.0738294
20
0
i = 1457
22870
2170
2186
2177.32
0.0933089
2.88009
19.3429
0.543199
138.63
128.13
138.898
0.180952
1
0
0.00679839
13
2
i = 1458
21086
2169
2184
2177.33
0.0694187
2.88508
26.0796
0.544145
185.395
173.175
185.435
0.136088
1
0
0.093323
12
0
i = 1459
22044
2167
2186
2177.33
0.0555218
2.8627
32.3733
0.54383
231.755
213.78
231.807
0.107112
1
0
0.085115
16
1
i = 1460
21087
2168
2185
2177.34
0.0688525
3.0548
27.0022
0.527558
204.965
196.535
204.721
0.129784
1
0
0.0702007
14
0
i = 1461
22893
2169
2188
2177.39
0.073773
2.88655
24.4675
0.541671
177.68
161.85
176.823
0.141839
1
0
0.0337376
16
2
i = 1462
21088
2167
2186
2177.39
0.0621967
2.96978
29.4373
0.53404
218.965
198.835
218.444
0.117907
1
0
0.150082
16
0
i = 1463
22043
2169
2185
2177.42
0.054803
2.81699
32.5523
0.548796
227.375
212.835
228.368
0.107067
1
0
0.123079
13
1
i = 1464
22892
2168
2187
2177.51
0.0629244
2.83445
28.4218
0.546455
201.635
185.72
201.752
0.121921
1
0
0.0191569
16
2
i = 1465
22871
2169
2185
2177.56
0.090736
2.85646
19.8041
0.545231
140.33
130.255
140.658
0.176384
1
0
0.0329961
13
2
i = 1466
21109
2168
2191
2177.57
0.0882019
2.9693
20.7533
0.533904
159.565
139.19
154.414
0.166975
1
0
0.292267
20
0
i = 1467
21089
2169
2187
2177.57
0.0623498
2.96178
29.3264
0.534807
219.3
196.31
217.227
0.118401
1
0
0.329077
15
0
i = 1468
21090
2170
2186
2177.57
0.0640664
2.87093
28.1166
0.543798
200.425
185.625
201.302
0.124168
1
0
0.0897854
13
0
i = 1469
22027
2168
2188
2177.59
0.0697371
3.08789
26.7683
0.523604
209.99
194.31
206.954
0.129515
1
0
0.481356
17
1
i = 1470
22872
2170
2185
2177.67
0.098486
2.95915
18.5976
0.536896
136.005
124.415
136.158
0.189987
1
0
0.0464026
12
2
i = 1471
22873
2170
2188
2177.7
0.102282
2.99424
17.9884
0.532531
135.005
120.935
134.541
0.194194
1
0
0.0943977
15
2
i = 1472
22874
2170
2185
2177.7
0.0925105
2.88078
19.5222
0.543644
139.07
128.49
139.429
0.180123
1
0
0.0353348
12
2
i = 1473
22029
2166
2188
2177.72
0.0663273
2.89339
27.242
0.540828
199.26
180.08
197.507
0.127166
1
0
0.135895
19
1
i = 1474
22891
2168
2188
2177.75
0.0743511
2.94766
24.5294
0.535854
184.6
162.745
181.117
0.141263
1
0
0.185903
17
2
i = 1475
22042
2170
2185
2177.75
0.054554
2.85759
32.9674
0.545739
232.3
216.415
233.628
0.106558
1
0
0.294184
12
1
i = 1476
16917
2168
2187
2177.77
0.0896145
2.86401
20.0609
0.543643
146.06
130.73
143.837
0.172757
1
0
0.364699
16
1
i = 1477
22028
2167
2185
2177.77
0.0676373
2.92212
26.888
0.539458
196.57
178.06
194.899
0.13042
1
0
0.194003
15
1
i = 1478
21108
2166
2187
2177.79
0.0924749
3.06188
20.1019
0.525854
155.085
145.09
153.95
0.172516
1
0
0.0402855
18
0
i = 1479
21107
2170
2184
2177.83
0.0948499
2.70932
18.5058
0.561792
123.6
116.555
123.339
0.192304
1
0
0.0491468
11
0
i = 1480
21091
2170
2185
2177.83
0.0653438
2.904
27.7597
0.541708
199.7
183.615
199.548
0.126973
1
0
0.20034
12
0
i = 1481
22875
2170
2186
2177.85
0.0874166
2.86807
20.5923
0.543935
146.805
134.585
147.245
0.16932
1
0
0.017976
13
2
i = 1482
22030
2169
2189
2177.85
0.0638229
2.92399
28.4626
0.538099
211.39
187.93
208.449
0.121828
1
0
0.234851
17
1
i = 1483
21106
2170
2185
2177.86
0.0877754
2.74494
20.0706
0.556323
137.215
126.71
136.908
0.174234
1
0
0.0203023
12
0
i = 1484
17732
2170
2186
2177.86
0.113085
2.70969
15.4665
0.559198
104.66
97.02
104.71
0.224628
1
0
0.0192287
13
2
i = 1485
21105
2167
2185
2177.86
0.0826891
2.98563
22.2479
0.53415
167.03
148.825
164.363
0.158353
1
0
0.252781
15
0
i = 1486
22890
2168
2185
2177.87
0.061208
2.88697
29.5338
0.542758
211.91
193.635
211.45
0.118764
1
0
0.0191839
14
2
i = 1487
21102
2170
2184
2177.91
0.0826311
2.85158
21.8668
0.549263
153.17
141.41
152.242
0.165547
1
0
0.0464285
11
0
i = 1488
21103
2170
2186
2177.94
0.0809821
2.75962
21.7976
0.554209
150.065
137.56
150.179
0.159515
1
0
0.0632098
13
0
i = 1489
22041
2165
2186
2177.95
0.0540999
2.94485
33.7087
0.536524
249.31
223.24
247.587
0.103184
1
0
0.0625141
18
1
i = 1490
16031
2165
2187
2177.95
0.0894021
3.24081
21.3965
0.511348
177.875
159.595
173.109
0.162416
1
0
0.352437
19
0
i = 1491
22876
2168
2185
2177.96
0.0926215
2.88426
19.5123
0.543154
141.405
127.855
139.457
0.180014
1
0
0.17897
14
2
i = 1492
22031
2169
2186
2177.97
0.0625034
2.85042
28.7018
0.545256
205.155
185.565
204.177
0.121088
1
0
0.0817231
14
1
i = 1493
17730
2169
2188
2177.98
0.0857479
2.94044
21.2443
0.536589
157.26
139.955
156.4
0.163218
1
0
0.0258151
16
2
i = 1494
17731
2167
2185
2178
0.103664
2.84435
17.31
0.546839
124.33
111.35
122.079
0.202696
1
0
0.0627225
15
2
i = 1495
22033
2165
2188
2178.01
0.0619302
2.97765
29.5983
0.533134
224.635
199.815
220.767
0.117056
1
0
0.208053
20
1
i = 1496
21104
2170
2187
2178.01
0.0809498
2.72448
21.6629
0.557538
146.525
138.79
147.69
0.160184
1
0
0.0648555
14
0
i = 1497
16033
2170
2186
2178.02
0.0904739
3.12953
20.8131
0.52188
163.325
153.545
161.425
0.169428
1
0
0.275964
13
0
i = 1498
16916
2167
2185
2178.02
0.0797608
2.91999
22.8097
0.540118
168.4
151.765
164.792
0.154449
1
0
0.206859
15
1
i = 1499
22879
2168
2188
2178.04
0.0844868
2.86302
21.2742
0.5437
152.5
140.685
152.59
0.162853
1
0
0.00472092
17
2
i = 1500
22032
2169
2186
2178.06
0.0625648
2.9601
29.2291
0.53535
217.525
196.65
215.496
0.119226
1
0
0.255255
14
1
i = 1501
22877
2167
2186
2178.09
0.0821384
2.8122
21.6931
0.548894
155.27
141.395
152.299
0.160136
1
0
0.185026
16
2
i = 1502
22878
2169
2188
2178.09
0.0847256
2.89783
21.3437
0.540485
154.65
142.265
154.882
0.162407
1
0
0.00778704
16
2
i = 1503
21101
2170
2184
2178.09
0.0855268
2.82769
21.0662
0.552023
145.745
138.295
145.072
0.172706
1
0
0.0617852
11
0
i = 1504
22889
2167
2189
2178.1
0.0808947
2.93793
22.5076
0.53671
167.915
151
165.716
0.153912
1
0
0.0629048
19
2
i = 1505
16032
2170
2188
2178.13
0.0926126
3.21467
20.5908
0.514188
167.365
154.53
165.052
0.170049
1
0
0.592955
15
0
i = 1506
22880
2167
2186
2178.16
0.0833545
2.86117
21.5648
0.544303
154.82
142.235
153.888
0.161276
1
0
0.0222122
16
2
i = 1507
22034
2169
2186
2178.18
0.0607589
2.97158
30.1606
0.534431
223.235
204.32
223.046
0.115673
1
0
0.0409146
14
1
i = 1508
21092
2169
2187
2178.18
0.0689901
2.92384
26.3313
0.538181
194.575
175.665
192.486
0.131767
1
0
0.162338
15
0
i = 1509
16915
2170
2189
2178.2
0.0859341
2.85088
20.8754
0.545079
149.77
137.515
148.995
0.16629
1
0
0.0852022
16
1
i = 1510
22881
2167
2188
2178.23
0.0887925
2.86795
20.26
0.54323
148.29
133.3
145.559
0.171003
1
0
0.0889184
18
2
i = 1511
17729
2168
2186
2178.24
0.112631
2.96888
16.2631
0.534657
121.175
109.51
120.165
0.214498
1
0
0.0226747
15
2
i = 1512
21100
2170
2187
2178.24
0.0803112
2.92961
22.6474
0.537923
166.37
151.295
165.701
0.153577
1
0
0.0534714
14
0
i = 1513
22040
2171
2185
2178.25
0.0665063
2.84427
27.0299
0.548383
189.225
178.15
189.504
0.131668
1
0
0.140116
11
1
i = 1514
22883
2168
2185
2178.31
0.0902546
2.84641
19.9109
0.547317
141.28
130.86
140.003
0.177398
1
0
0.0585101
14
2
i = 1515
16034
2166
2185
2178.32
0.103314
2.99376
17.8725
0.53463
134.36
121.535
131.574
0.199613
1
0
0.190567
16
0
i = 1516
21099
2168
2187
2178.32
0.0793561
2.74431
22.1758
0.555375
153.345
141.845
152.333
0.156286
1
0
0.0180791
16
0
i = 1517
21093
2170
2191
2178.36
0.0759327
2.82287
23.5069
0.547696
173.07
152.38
166.196
0.147568
1
0
0.590706
18
0
i = 1518
22035
2171
2185
2178.36
0.0612123
2.79903
29.1241
0.552522
201.32
189.645
201.041
0.121893
1
0
0.148549
11
1
i = 1519
22884
2170
2187
2178.37
0.0807793
2.80798
22.0392
0.54922
154.75
143.33
154.73
0.157494
1
0
0.023819
14
2
i = 1520
17726
2169
2187
2178.37
0.12786
2.97577
14.3345
0.533554
106.635
96.98
106.552
0.242243
1
0
0.0619039
15
2
i = 1521
21094
2170
2186
2178.4
0.0805209
2.76176
21.9333
0.554091
152.34
140.53
151.011
0.158667
1
0
0.200087
13
0
i = 1522
22038
2164
2187
2178.4
0.0637304
2.88472
28.3125
0.541777
208.395
187.18
204.236
0.122505
1
0
0.165205
20
1
i = 1523
22888
2168
2187
2178.42
0.0889035
2.98575
20.6501
0.532637
155.745
138.99
154.025
0.168121
1
0
0.131305
16
2
i = 1524
22039
2169
2188
2178.42
0.068631
3.02784
26.9346
0.528805
205
194.31
204.058
0.128755
1
0
0.0650943
16
1
i = 1525
22885
2168
2185
2178.43
0.082932
2.81974
21.5726
0.55004
151.285
140.555
150.147
0.163965
1
0
0.0300626
14
2
i = 1526
21098
2169
2187
2178.44
0.0799624
2.86552
22.4902
0.54361
162.355
147.765
161.125
0.154246
1
0
0.0305801
15
0
i = 1527
21097
2169
2190
2178.44
0.0809219
3.08485
23.0573
0.523866
182.925
168.09
178.156
0.150367
1
0
0.323748
18
0
i = 1528
22036
2168
2186
2178.44
0.0662042
2.77301
26.7303
0.552915
185.96
172.03
184.817
0.130142
1
0
0.0765382
15
1
i = 1529
22882
2167
2188
2178.44
0.0889979
2.84063
20.1168
0.54584
146.97
131.1
143.141
0.172225
1
0
0.192077
18
2
i = 1530
16912
2169
2184
2178.45
0.105227
2.81422
17.1648
0.554802
117.435
112.305
116.761
0.215558
1
0
0.158013
12
1
i = 1531
17727
2170
2186
2178.46
0.13314
2.99201
13.8212
0.533215
102.955
93.27
102.583
0.253889
1
0
0.0248708
13
2
i = 1532
22886
2168
2188
2178.46
0.08206
2.73997
21.4275
0.555768
147.05
136.86
147.094
0.161679
1
0
0.0256533
17
2
i = 1533
22887
2169
2189
2178.47
0.0940463
2.95573
19.4192
0.535138
146.52
129.715
143.778
0.178461
1
0
0.159315
17
2
i = 1534
17728
2169
2186
2178.48
0.125463
2.87391
14.3643
0.543426
103.6
94.265
102.723
0.242862
1
0
0.0269446
14
2
i = 1535
22037
2170
2187
2178.48
0.0630136
2.7451
27.933
0.555398
191.705
178.7
191.791
0.124181
1
0
0.0212615
14
1
i = 1536
21095
2172
2185
2178.5
0.0845132
2.80547
21.1816
0.553973
146.21
137.285
145.702
0.170961
1
0
0.050806
10
0
i = 1537
16035
2169
2186
2178.5
0.103115
3.14578
18.3163
0.520543
143.47
136.44
142.484
0.192647
1
0
0.452212
14
0
i = 1538
21096
2171
2187
2178.53
0.0777923
2.85941
23.1091
0.544886
165.185
151.505
164.819
0.151065
1
0
0.0868381
13
0
i = 1539
16036
2170
2188
2178.57
0.103498
2.96659
17.6814
0.53438
130.375
120.21
131.178
0.19639
1
0
0.352199
15
0
i = 1540
16913
2172
2185
2178.58
0.101564
2.86299
17.8312
0.549219
123.82
117.45
124.725
0.204784
1
0
0.526446
10
1
i = 1541
17724
2167
2185
2178.58
0.139953
3.00396
13.2473
0.534732
101.465
94.885
97.3637
0.272263
1
0
0.3512
15
2
i = 1542
16914
2172
2186
2178.6
0.100242
2.79416
17.7699
0.553015
121.845
114.585
122.986
0.199808
1
0
0.45181
11
1
i = 1543
16037
2171
2184
2178.62
0.100505
2.71299
17.6372
0.56523
115.965
112.355
115.572
0.209949
1
0
0.409719
10
0
i = 1544
16038
2171
2187
2178.68
0.0955391
2.84764
18.7746
0.545876
132.875
122.73
133.365
0.185706
1
0
0.0374577
13
0
i = 1545
17723
2168
2187
2178.71
0.117005
2.96601
15.6401
0.534505
117.91
104.62
115.789
0.222177
1
0
0.15829
16
2
i = 1546
16911
2170
2186
2178.71
0.103418
2.63133
16.6674
0.567537
109.57
103.285
109.391
0.208585
1
0
0.10089
13
1
i = 1547
17725
2167
2186
2178.78
0.141943
3.08434
13.1806
0.525847
101.67
95.85
100.445
0.268166
1
0
0.0184391
16
2
i = 1548
17722
2170
2189
2178.88
0.110825
2.9053
16.3387
0.539818
119.81
107.25
118.865
0.212213
1
0
0.064404
16
2
i = 1549
16910
2172
2186
2178.92
0.0932933
2.83158
19.2183
0.54939
134.565
123.275
134.503
0.184779
1
0
0.195847
11
1
i = 1550
16039
2170
2190
2178.92
0.0984819
3.09377
18.9757
0.523243
149.67
137.06
146.948
0.182935
1
0
0.172611
17
0
i = 1551
17721
2170
2186
2179.01
0.114266
2.69689
15.2796
0.561039
102.865
96.93
102.473
0.228446
1
0
0.0792675
13
2
i = 1552
16040
2171
2186
2179.01
0.0855582
2.81784
20.8768
0.5496
145.92
136.54
145.758
0.168332
1
0
0.0762677
12
0
i = 1553
16908
2166
2186
2179.06
0.0810108
3.00315
22.798
0.533132
174.075
163.59
168.94
0.1554
1
0
0.623296
17
1
i = 1554
16909
2172
2186
2179.09
0.0925799
2.77782
19.1697
0.554221
131.795
124.21
131.719
0.184445
1
0
0.0629116
11
1
i = 1555
17720
2169
2187
2179.1
0.0737581
2.87541
24.4308
0.542946
176.8
161.825
175.214
0.142346
1
0
0.359359
15
2
i = 1556
16041
2172
2185
2179.19
0.076528
2.80432
23.4752
0.555312
160.78
153.08
159.832
0.156408
1
0
0.17726
10
0
i = 1557
17719
2171
2186
2179.22
0.0978227
2.85091
18.3822
0.546935
129.805
121.295
129.459
0.192184
1
0
0.0598948
12
2
i = 1558
16907
2169
2186
2179.25
0.0755626
2.97826
24.3578
0.535729
181.605
164.275
178.633
0.146012
1
0
0.468633
14
1
i = 1559
16042
2172
2186
2179.34
0.0943173
2.83029
19.0136
0.549714
132.48
124.385
132.593
0.187158
1
0
0.384144
11
0
i = 1560
16906
2173
2186
2179.59
0.0980172
2.71543
17.9365
0.561939
120.165
113.03
119.807
0.199707
1
0
0.113415
10
1
i = 1561
16905
2171
2186
2179.61
0.0999246
2.81472
17.905
0.551105
124.27
116.23
124.028
0.198662
1
0
0.0387501
12
1
i = 1562
16043
2173
2185
2179.68
0.0993028
2.63386
17.5695
0.573897
112.235
108.235
111.838
0.210892
1
0
0.304948
9
0
i = 1563
17718
2168
2187
2179.68
0.118334
2.95211
15.4467
0.536681
115.6
102.71
113.142
0.226959
1
0
0.0836384
16
2
i = 1564
17716
2172
2187
2179.79
0.112662
2.85941
15.9698
0.545601
112.595
104.45
113.211
0.220052
1
0
0.055029
12
2
i = 1565
16904
2166
2187
2179.83
0.0966694
2.92106
18.8125
0.539656
138.785
124.225
136.24
0.186592
1
0
0.0680979
18
1
i = 1566
17717
2169
2189
2179.85
0.119981
2.99379
15.32
0.531777
115.985
102.25
114.745
0.226317
1
0
0.0365009
17
2
i = 1567
16044
2172
2185
2179.86
0.0973761
2.74971
18.4612
0.56348
123.44
116.79
121.388
0.205329
1
0
0.0627162
10
0
i = 1568
16045
2169
2187
2179.97
0.0845633
2.86089
21.2819
0.545269
153.81
137.51
150.957
0.164888
1
0
0.277254
15
0
i = 1569
17715
2171
2187
2180.02
0.0991687
2.81775
18.0082
0.549384
125.915
117.895
125.824
0.194768
1
0
0.0251198
13
2
i = 1570
16903
2171
2189
2180.2
0.0757404
2.98109
24.2196
0.533054
180.245
164.16
180.417
0.14334
1
0
0.0168267
15
1
i = 1571
17713
2169
2190
2180.23
0.0664099
2.92553
27.3591
0.537865
204.085
182.58
200.479
0.126639
1
0
0.144758
18
2
i = 1572
17714
2170
2191
2180.24
0.110144
2.9856
16.6643
0.532421
126.575
112.77
124.659
0.207904
1
0
0.0841891
18
2
i = 1573
16046
2169
2188
2180.29
0.0701714
2.89036
25.7514
0.541712
188.145
170.59
185.426
0.135264
1
0
0.161641
16
0
i = 1574
16902
2173
2189
2180.46
0.0676611
2.90851
26.8045
0.540507
193.165
178.595
194.303
0.130535
1
0
0.130513
13
1
i = 1575
17712
2171
2188
2180.47
0.0969981
2.8059
18.3542
0.549771
128.69
118.955
128.312
0.189716
1
0
0.025877
14
2
i = 1576
16047
2171
2189
2180.51
0.0708425
2.90269
25.5508
0.540173
185.065
169.59
185.33
0.135835
1
0
0.0384885
15
0
i = 1577
16048
2174
2190
2180.64
0.0899552
2.87392
20.0844
0.545013
142.795
131.435
143.64
0.176429
1
0
0.193693
13
0
i = 1578
16901
2174
2187
2180.82
0.0797035
2.74145
22.1871
0.559813
149.105
140.675
149.081
0.162338
1
0
0.0776923
10
1
i = 1579
16049
2173
2188
2180.82
0.0970752
2.84873
18.4987
0.546591
130.625
120.025
130.653
0.189914
1
0
0.0528158
12
0
i = 1580
17711
2173
2187
2180.89
0.123527
2.80807
14.4988
0.552971
99.635
93.235
99.634
0.248315
1
0
0.0511508
11
2
i = 1581
17710
2171
2191
2180.98
0.11636
2.86155
15.4429
0.543839
111.97
99.71
110.711
0.224346
1
0
0.0739916
17
2
i = 1582
16899
2171
2188
2180.99
0.0908915
3.00983
20.3375
0.532435
154.935
145.265
151.112
0.174002
1
0
0.543352
14
1
i = 1583
16900
2173
2187
2181.02
0.0909158
2.7222
19.383
0.56121
130.985
123.45
129.306
0.185008
1
0
0.0790071
11
1
i = 1584
16898
2172
2188
2181.08
0.0958608
3.04938
19.4285
0.529552
148.03
140.82
145.838
0.183219
1
0
0.275001
13
1
i = 1585
17709
2172
2188
2181.16
0.107989
2.91504
16.8421
0.54093
122.055
112.65
121.233
0.209901
1
0
0.0229559
13
2
i = 1586
16051
2174
2187
2181.18
0.0967935
2.76526
18.4062
0.558619
124.83
118.885
123.872
0.198259
1
0
0.0548086
10
0
i = 1587
16050
2173
2190
2181.18
0.0850987
2.78139
20.8213
0.551833
145.195
134.74
144.849
0.166699
1
0
0.0991743
14
0
i = 1588
17708
2172
2187
2181.29
0.106592
2.80233
16.8564
0.554954
115.325
109.97
114.744
0.217009
1
0
0.029357
12
2
i = 1589
16896
2172
2187
2181.39
0.103184
2.88231
17.7414
0.54866
125.485
117.705
123.366
0.209628
1
0
0.153313
12
1
i = 1590
16895
2172
2187
2181.4
0.0980948
2.85833
18.5716
0.550754
129.585
122.91
128.178
0.199793
1
0
0.182936
12
1
i = 1591
17707
2171
2187
2181.42
0.11401
2.82884
15.8842
0.553361
109.72
104.07
108.627
0.232938
1
0
0.0321639
13
2
i = 1592
16052
2173
2190
2181.46
0.0999068
2.84089
17.9244
0.546069
128.175
117.08
127.26
0.193716
1
0
0.0679109
14
0
i = 1593
16897
2174
2188
2181.5
0.102937
2.77614
17.2502
0.554806
117.13
111.48
118.029
0.20585
1
0
0.321673
11
1
i = 1594
16054
2168
2189
2181.55
0.0990195
3.20366
19.2612
0.516091
158.79
144.23
152.395
0.183764
1
0
0.517664
18
0
i = 1595
17706
2174
2188
2181.58
0.107641
2.81019
16.6112
0.551906
114.73
107.98
114.785
0.214772
1
0
0.0399301
11
2
i = 1596
17705
2173
2192
2181.59
0.120534
2.90951
15.0343
0.53949
112.295
99.11
109.519
0.230752
1
0
0.280045
16
2
i = 1597
16894
2174
2187
2181.59
0.0952127
2.70675
18.5844
0.565672
122.61
118.11
121.618
0.198793
1
0
0.204393
10
1
i = 1598
16053
2172
2192
2181.6
0.0900547
2.86874
19.9789
0.543165
147.745
130.22
143.599
0.173422
1
0
0.267623
17
0
i = 1599
16056
2174
2187
2181.68
0.0975805
2.85283
18.7782
0.553665
129.4
122.685
127.993
0.202745
1
0
0.0372831
10
0
i = 1600
16893
2174
2193
2181.78
0.0933668
2.87378
19.2961
0.543178
139.94
126.17
138.723
0.180355
1
0
0.0495258
16
1
i = 1601
16891
2173
2189
2181.78
0.0910734
3.00276
20.2575
0.532729
152.49
145.17
150.457
0.174053
1
0
0.310576
13
1
i = 1602
17702
2171
2189
2181.79
0.114549
2.971
16.0151
0.535256
119.32
107.29
117.867
0.219521
1
0
0.120142
15
2
i = 1603
17703
2173
2190
2181.8
0.110805
2.90461
16.3439
0.540193
117.93
107.915
118.46
0.212731
1
0
0.0223067
14
2
i = 1604
16892
2173
2190
2181.83
0.0907142
2.80773
19.6252
0.549275
138.3
126.11
137.649
0.176915
1
0
0.0135062
14
1
i = 1605
17704
2173
2191
2181.84
0.113196
2.91983
16.0372
0.538544
118.815
104.945
117.129
0.216334
1
0
0.205033
15
2
i = 1606
17701
2171
2189
2181.85
0.130181
2.97799
14.1118
0.534766
105.98
94.555
104.026
0.249477
1
0
0.119903
15
2
i = 1607
16055
2174
2188
2181.85
0.0975125
2.89399
18.6752
0.545488
132.1
122.01
131.842
0.194343
1
0
0.226932
11
0
i = 1608
16060
2174
2192
2181.86
0.111487
2.86041
16.1208
0.544363
115.07
104.71
115.354
0.215713
1
0
0.0590407
15
0
i = 1609
16890
2173
2190
2181.87
0.10408
3.11751
18.039
0.522045
141.955
132.275
139.798
0.193896
1
0
0.421853
14
1
i = 1610
17693
2171
2192
2181.94
0.108268
2.8
16.4175
0.549773
118.305
104.725
115.19
0.211009
1
0
0.112281
18
2
i = 1611
17696
2172
2191
2181.98
0.113033
2.86161
15.8981
0.543884
114.86
102.94
113.867
0.218017
1
0
0.0173497
16
2
i = 1612
16887
2176
2189
2181.98
0.0839746
2.69538
20.8834
0.564431
137.41
130.61
138.937
0.172303
1
0
0.351135
10
1
i = 1613
17697
2173
2188
2181.98
0.125165
2.80642
14.3135
0.553181
98.635
91.71
98.2319
0.251807
1
0
0.0155751
12
2
i = 1614
16061
2172
2187
2181.99
0.107667
2.86914
17.2575
0.553893
118.43
112.13
117.026
0.226238
1
0
0.0494548
12
0
i = 1615
16057
2173
2192
2182
0.0935057
3.02614
19.7647
0.528998
152.12
140.98
149.681
0.175535
1
0
0.194641
16
0
i = 1616
16888
2175
2188
2182
0.0987215
2.73514
17.9079
0.560762
119.975
115.07
119.764
0.201806
1
0
0.0513886
10
1
i = 1617
16059
2173
2190
2182.02
0.10265
2.84045
17.4459
0.546215
123.945
114.57
123.665
0.199217
1
0
0.0369869
14
0
i = 1618
17698
2175
2190
2182.05
0.134429
2.95257
13.616
0.537703
98.925
92.335
99.6927
0.260076
1
0
0.0542692
12
2
i = 1619
17700
2174
2188
2182.05
0.103764
2.87555
17.5245
0.547786
123.235
116.43
122.546
0.208421
1
0
0.0518267
11
2
i = 1620
17695
2171
2192
2182.08
0.116993
2.89747
15.4554
0.540455
115.815
102.285
112.187
0.22416
1
0
0.176032
18
2
i = 1621
16889
2174
2190
2182.08
0.108224
2.98456
16.9756
0.533641
127.165
114.31
125.955
0.206217
1
0
0.193513
13
1
i = 1622
16886
2175
2191
2182.09
0.0752211
2.70271
23.2332
0.560346
157.24
147.835
156.886
0.150116
1
0
0.299382
13
1
i = 1623
17679
2171
2191
2182.11
0.127632
2.91284
14.2055
0.539115
105.08
94.72
103.519
0.244071
1
0
0.0356599
17
2
i = 1624
16063
2174
2189
2182.12
0.0825337
2.86521
21.8376
0.545476
154.585
144.78
154.67
0.161615
1
0
0.0869756
12
0
i = 1625
16074
2173
2190
2182.12
0.0926873
2.86981
19.423
0.543521
139.89
128.475
138.988
0.179116
1
0
0.0633122
14
0
i = 1626
17694
2171
2191
2182.13
0.0784784
2.90784
23.0831
0.539577
170.39
153.625
167.925
0.150202
1
0
0.0719796
17
2
i = 1627
16885
2173
2191
2182.14
0.0851932
2.77065
20.7555
0.552744
145.01
134.04
143.939
0.167001
1
0
0.14629
15
1
i = 1628
16064
2173
2187
2182.15
0.101319
2.96947
18.9701
0.547234
134.535
127.62
131.141
0.213697
1
0
0.174129
11
0
i = 1629
16058
2172
2190
2182.16
0.0977717
2.93031
18.6088
0.537995
136.89
124.41
135.858
0.187159
1
0
0.0309529
15
0
i = 1630
17692
2173
2192
2182.17
0.106233
2.80098
16.7352
0.549709
118.48
108.925
117.419
0.20706
1
0
0.101553
16
2
i = 1631
17699
2174
2188
2182.18
0.122249
2.95617
15.1526
0.541853
108.67
102.615
108.13
0.245391
1
0
0.0390671
11
2
i = 1632
16065
2170
2193
2182.18
0.101819
3.0148
18.1146
0.529825
141.3
130.105
136.85
0.191241
1
0
0.601538
20
0
i = 1633
16062
2173
2188
2182.2
0.0852722
2.90578
21.4992
0.545667
152.69
143.845
151.309
0.171446
1
0
0.104475
12
0
i = 1634
17690
2174
2189
2182.2
0.116228
2.9759
15.8296
0.536207
115.86
107.52
115.911
0.225153
1
0
0.0333545
12
2
i = 1635
16878
2170
2189
2182.21
0.0955934
2.83176
18.7404
0.548413
134.995
122.795
131.32
0.187885
1
0
0.234168
16
1
i = 1636
17656
2171
2189
2182.23
0.0786649
2.93369
23.2061
0.53944
170.26
155.85
167.927
0.152719
1
0
0.120048
15
2
i = 1637
17691
2175
2192
2182.25
0.115562
2.94466
15.7996
0.537474
117.02
106.135
116.048
0.222131
1
0
0.210172
14
2
i = 1638
16068
2175
2189
2182.26
0.0818307
2.72663
21.4801
0.559105
145.3
137.18
144.93
0.16417
1
0
0.0492349
11
0
i = 1639
17684
2174
2191
2182.28
0.110794
2.87861
16.2712
0.542559
116.95
107.705
117.038
0.213551
1
0
0.00443019
14
2
i = 1640
16081
2174
2191
2182.28
0.106567
2.90551
16.9963
0.54009
122.3
113.925
123.36
0.204531
1
0
0.0792372
14
0
i = 1641
16874
2175
2189
2182.29
0.0952731
2.77085
18.6079
0.554994
127.765
120.275
127.373
0.190172
1
0
0.144157
11
1
i = 1642
17650
2173
2193
2182.3
0.0754848
2.91097
24.0105
0.539235
177.375
159.91
175.097
0.144335
1
0
0.118626
17
2
i = 1643
16069
2174
2189
2182.31
0.0875804
2.80888
20.3778
0.55091
142.025
132.82
141.44
0.173204
1
0
0.092129
12
0
i = 1644
16851
2170
2188
2182.32
0.088451
2.79678
20.2987
0.555572
142.01
132.04
137.867
0.180357
1
0
0.276047
15
1
i = 1645
16882
2175
2189
2182.32
0.0920175
2.69126
18.9734
0.562564
127.055
120.015
126.438
0.18552
1
0
0.115196
11
1
i = 1646
17673
2173
2192
2182.32
0.0904523
2.88487
19.9474
0.541677
145.75
131.775
144.101
0.173746
1
0
0.265823
16
2
i = 1647
17681
2172
2190
2182.32
0.113032
3.03805
16.4
0.528843
124.235
118.705
123.77
0.213351
1
0
0.0185776
15
2
i = 1648
17659
2174
2191
2182.33
0.0967428
2.89609
18.6913
0.540942
135.335
124.105
135.23
0.185938
1
0
0.00953035
14
2
i = 1649
16075
2175
2188
2182.33
0.106333
2.77211
16.8103
0.558617
113
109.1
112.993
0.218749
1
0
0.190713
10
0
i = 1650
16883
2174
2189
2182.34
0.0971136
2.83252
18.4609
0.548814
130.25
120.55
129.081
0.19158
1
0
0.0987876
12
1
i = 1651
16867
2171
2190
2182.34
0.0994283
3.0315
18.6236
0.529402
143.32
134.125
140.265
0.187857
1
0
0.242319
16
1
i = 1652
16850
2169
2193
2182.34
0.0740011
2.87869
24.3549
0.542203
179.89
161.285
175.706
0.142236
1
0
0.206144
21
1
i = 1653
16066
2174
2194
2182.35
0.0967584
3.09301
19.3174
0.523594
154.68
140.035
149.443
0.18019
1
0
0.565291
17
0
i = 1654
16080
2171
2191
2182.36
0.0868917
2.87477
20.7296
0.542697
151.2
137.17
149.045
0.167292
1
0
0.204411
17
0
i = 1655
17655
2174
2191
2182.36
0.110343
3.11242
16.9985
0.522358
131.81
125.245
131.762
0.205532
1
0
0.0479542
14
2
i = 1656
16873
2173
2193
2182.37
0.0986883
2.95944
18.5175
0.534812
140.135
123.75
137.272
0.187167
1
0
0.20108
17
1
i = 1657
17682
2173
2192
2182.37
0.117943
3.07798
15.803
0.524522
124.545
114.5
121.671
0.219533
1
0
0.229189
16
2
i = 1658
16884
2173
2191
2182.38
0.0924091
2.97688
19.8374
0.533457
147.965
133.735
147.509
0.175048
1
0
0.0384641
15
1
i = 1659
16076
2175
2190
2182.39
0.101912
2.81994
17.5249
0.5491
122.3
115.115
122.873
0.199945
1
0
0.288349
12
0
i = 1660
16097
2170
2189
2182.4
0.0759635
2.94369
24.0979
0.539053
179.14
162.16
174.507
0.147881
1
0
0.401833
16
0
i = 1661
16865
2174
2189
2182.4
0.0970702
2.73391
18.1312
0.558118
123.89
114.995
122.646
0.194128
1
0
0.139322
12
1
i = 1662
16099
2173
2191
2182.4
0.0752391
2.94383
24.228
0.536406
177.85
163.28
178.206
0.143278
1
0
0.152772
15
0
i = 1663
16094
2173
2191
2182.4
0.068175
2.91604
26.6112
0.538924
194.84
177.165
193.94
0.130409
1
0
0.0475635
15
0
i = 1664
16875
2175
2189
2182.4
0.0921048
2.81725
19.4254
0.550947
135.83
126.755
134.823
0.183138
1
0
0.269082
11
1
i = 1665
16067
2174
2192
2182.41
0.0878089
2.84699
20.4146
0.545394
147.655
132.935
145.468
0.169955
1
0
0.215347
15
0
i = 1666
16866
2171
2191
2182.41
0.0927879
2.97841
19.761
0.533274
150.885
132.27
147.059
0.175656
1
0
0.273044
17
1
i = 1667
17680
2174
2190
2182.41
0.120047
2.94126
15.1926
0.537521
111.625
101.585
111.013
0.230364
1
0
0.0205378
13
2
i = 1668
16077
2173
2195
2182.41
0.0843694
3.05199
21.9968
0.526666
171.94
158.66
168.181
0.157598
1
0
0.280861
19
0
i = 1669
16877
2176
2188
2182.41
0.0960749
2.70683
18.3987
0.566467
120.72
116.795
120.528
0.201826
1
0
0.153494
9
1
i = 1670
17674
2171
2193
2182.42
0.108202
2.87704
16.6519
0.54236
123.805
109.455
120.061
0.208035
1
0
0.192454
19
2
i = 1671
16082
2171
2192
2182.42
0.101373
3.25758
18.9153
0.509869
155.825
143.825
154.04
0.183433
1
0
0.107178
18
0
i = 1672
17688
2171
2190
2182.42
0.102673
3.03156
18.0381
0.529507
137.86
129.98
135.77
0.194167
1
0
0.0696924
16
2
i = 1673
17685
2172
2189
2182.42
0.110721
2.77316
16.0156
0.554329
110.41
103.415
109.797
0.220175
1
0
0.037598
14
2
i = 1674
17676
2174
2190
2182.42
0.0773081
2.80501
23.0261
0.549934
160.37
149.88
160.881
0.151317
1
0
0.0272701
13
2
i = 1675
16098
2172
2189
2182.43
0.0839808
2.96007
21.8688
0.537798
160.45
147.635
159.051
0.163362
1
0
0.147409
14
0
i = 1676
16072
2175
2189
2182.43
0.0898343
2.79825
19.8462
0.552694
137.425
128.9
136.862
0.179054
1
0
0.073609
11
0
i = 1677
16856
2173
2190
2182.44
0.0758275
2.83948
23.6203
0.546572
169.645
154.245
167.038
0.147503
1
0
0.241887
14
1
i = 1678
16852
2170
2190
2182.45
0.0767546
2.88651
23.5309
0.542209
168.93
156.665
169.06
0.148218
1
0
0.153597
17
1
i = 1679
17651
2174
2189
2182.45
0.108107
2.78298
16.4365
0.553591
113.515
106.46
112.942
0.21501
1
0
0.074144
12
2
i = 1680
16073
2173
2193
2182.45
0.0865363
3.00994
21.2975
0.530318
165.195
151.465
160.549
0.162752
1
0
0.450791
17
0
i = 1681
17672
2174
2192
2182.45
0.135346
2.96902
13.5269
0.534201
101.345
90.695
100.436
0.256803
1
0
0.116314
15
2
i = 1682
17653
2174
2191
2182.46
0.0895966
2.83278
19.9583
0.546839
141.19
130.48
141.307
0.173957
1
0
0.0081529
14
2
i = 1683
17689
2171
2190
2182.47
0.130287
3.08845
14.3548
0.524918
111.17
104.785
109.885
0.244762
1
0
0.0490524
16
2
i = 1684
17669
2175
2190
2182.48
0.113275
2.92726
16.0762
0.53955
116.775
106.975
116.657
0.219226
1
0
0.106777
12
2
i = 1685
16872
2175
2193
2182.48
0.0912358
2.91379
19.8937
0.539837
145.905
131.73
144.829
0.175605
1
0
0.141346
15
1
i = 1686
16079
2171
2192
2182.48
0.0863805
3.0675
21.5391
0.525327
168.295
156.525
165.348
0.160938
1
0
0.194546
18
0
i = 1687
16849
2173
2195
2182.48
0.0719198
2.92233
25.2495
0.538173
186.765
168.465
184.899
0.137236
1
0
0.0768121
19
1
i = 1688
16096
2171
2189
2182.48
0.0702023
2.90327
25.8949
0.542777
188.325
172.305
184.938
0.137594
1
0
0.294291
15
0
i = 1689
16857
2174
2192
2182.48
0.088789
2.94614
20.5394
0.53623
152.175
137.675
151.355
0.169062
1
0
0.0752885
15
1
i = 1690
16879
2174
2191
2182.49
0.0935859
2.88921
19.2984
0.54156
141.095
127.03
139.267
0.180047
1
0
0.169196
14
1
i = 1691
17657
2171
2190
2182.49
0.0801813
2.94382
22.7547
0.537135
167.89
152.09
166.498
0.153614
1
0
0.0189553
16
2
i = 1692
17654
2173
2193
2182.49
0.0827803
2.9019
21.86
0.540063
159.955
145.115
158.924
0.158513
1
0
0.0245495
17
2
i = 1693
16095
2172
2191
2182.49
0.0721346
2.73459
24.3529
0.556379
165.965
155.815
166.654
0.142335
1
0
0.111632
16
0
i = 1694
17670
2172
2190
2182.5
0.109628
2.85228
16.3761
0.545414
118.605
106.705
116.281
0.212896
1
0
0.0963326
15
2
i = 1695
17671
2172
2191
2182.5
0.113766
2.84413
15.7483
0.545625
113.095
102.245
112.004
0.220232
1
0
0.184967
16
2
i = 1696
16869
2175
2189
2182.51
0.0826023
2.77537
21.4943
0.554892
146.575
138.985
147.017
0.165219
1
0
0.135802
11
1
i = 1697
17658
2174
2191
2182.51
0.109899
2.90944
16.4918
0.53971
120.635
109.065
119.813
0.210757
1
0
0.0847168
14
2
i = 1698
16091
2174
2189
2182.52
0.0819201
2.81189
21.8176
0.551111
152.48
141.505
151.191
0.162585
1
0
0.101231
12
0
i = 1699
16853
2168
2191
2182.52
0.0736493
3.15549
25.6345
0.51841
206.725
190.415
201.637
0.13582
1
0
0.255053
20
1
i = 1700
16854
2174
2194
2182.52
0.0768338
2.99873
23.9467
0.531515
181.485
161.52
179.753
0.14502
1
0
0.213568
17
1
i = 1701
16864
2174
2190
2182.52
0.0893079
2.75416
19.7493
0.554905
136.035
125.725
135.536
0.176296
1
0
0.121197
13
1
i = 1702
16870
2173
2191
2182.52
0.0848557
2.9354
21.452
0.537198
158.425
142.94
157.296
0.161852
1
0
0.0414191
15
1
i = 1703
17686
2171
2193
2182.53
0.119697
3.02457
15.4341
0.528975
118.83
110.87
116.955
0.224466
1
0
0.0596807
19
2
i = 1704
17683
2171
2193
2182.53
0.118366
3.07767
15.744
0.524397
125.765
113.415
121.384
0.220057
1
0
0.367436
19
2
i = 1705
17677
2171
2192
2182.53
0.12413
2.97414
14.7586
0.533479
111.275
99.015
109.889
0.234818
1
0
0.0383227
18
2
i = 1706
16092
2172
2190
2182.53
0.0832212
2.96456
22.0046
0.535385
164.12
146.68
162.012
0.159054
1
0
0.204545
15
0
i = 1707
17678
2173
2190
2182.54
0.127583
2.89505
14.1797
0.541563
102.48
93.785
102.071
0.246316
1
0
0.0103041
14
2
i = 1708
17668
2173
2189
2182.54
0.119567
2.8106
14.9453
0.551189
104.89
96.725
103.539
0.237271
1
0
0.0223748
13
2
i = 1709
16876
2172
2196
2182.54
0.0930941
3.16686
20.306
0.516966
169.7
149.875
161.151
0.170627
1
0
0.613814
21
1
i = 1710
16871
2175
2190
2182.54
0.0823307
2.98501
22.3478
0.534712
165.705
150.23
165.041
0.158326
1
0
0.156097
12
1
i = 1711
16078
2174
2191
2182.55
0.0838724
2.97838
21.867
0.533574
162.34
147.51
162.47
0.159165
1
0
0.122118
14
0
i = 1712
16855
2173
2196
2182.56
0.067747
2.86601
26.5449
0.54342
199.61
173.135
190.659
0.130523
1
0
0.580116
20
1
i = 1713
16863
2173
2191
2182.56
0.0771106
2.86249
23.3102
0.543922
167.34
152.185
166.777
0.148852
1
0
0.223679
15
1
i = 1714
16881
2175
2195
2182.56
0.0915332
2.97829
20.0502
0.53406
155.61
133.85
149.192
0.174405
1
0
1.0012
17
1
i = 1715
16093
2169
2196
2182.56
0.0751717
3.19179
25.2459
0.514922
210.68
187.35
201.977
0.137215
1
0
0.613483
24
0
i = 1716
16070
2173
2192
2182.56
0.0960565
3.13448
19.5819
0.519825
156.335
143.635
153.434
0.177252
1
0
0.338788
16
0
i = 1717
16868
2173
2190
2182.57
0.0888794
3.08262
21.0286
0.525631
161.93
153.015
160.465
0.167434
1
0
0.12394
14
1
i = 1718
17687
2172
2192
2182.57
0.114546
3.17493
16.5261
0.516455
133.375
122.385
131.178
0.209935
1
0
0.153461
17
2
i = 1719
17675
2173
2192
2182.58
0.109711
2.8606
16.3764
0.54396
117.895
107.085
117.302
0.211613
1
0
0.0610582
16
2
i = 1720
17666
2171
2193
2182.58
0.0939476
2.93911
19.3843
0.536606
143.715
129.15
142.757
0.178716
1
0
0.0122743
19
2
i = 1721
16858
2173
2191
2182.58
0.0925036
2.98015
19.8294
0.533232
147.6
133.83
147.516
0.175228
1
0
0.048271
15
1
i = 1722
16862
2174
2189
2182.58
0.0947167
2.95042
19.3811
0.539347
140.705
129.63
140.046
0.185573
1
0
0.0267862
12
1
i = 1723
16083
2174
2189
2182.61
0.0971482
2.93377
18.8411
0.540824
136.73
125.14
135.397
0.190795
1
0
0.13148
12
0
i = 1724
17660
2175
2191
2182.62
0.116533
3.05991
15.9744
0.527547
122.355
114.865
121.461
0.220265
1
0
0.306158
13
2
i = 1725
16084
2174
2189
2182.62
0.0968051
2.84854
18.6041
0.548139
131.32
121.62
130.226
0.191812
1
0
0.136458
12
0
i = 1726
16071
2174
2192
2182.62
0.0954902
2.95708
19.133
0.535214
141.955
127.85
141.501
0.18145
1
0
0.0687024
15
0
i = 1727
17664
2171
2191
2182.62
0.111155
2.902
16.2826
0.540245
120.02
107.6
118.064
0.213173
1
0
0.0623688
17
2
i = 1728
17648
2174
2193
2182.64
0.122571
3.07284
15.1962
0.525125
119.49
109.89
116.809
0.228653
1
0
0.275928
16
2
i = 1729
17652
2173
2192
2182.64
0.112449
2.87876
16.0283
0.542248
116.405
105.22
115.522
0.216222
1
0
0.014492
16
2
i = 1730
16085
2174
2193
2182.64
0.0806928
2.91913
22.4943
0.538596
166.445
149.185
164.402
0.15422
1
0
0.182354
16
0
i = 1731
16859
2171
2190
2182.65
0.0644826
2.94925
28.3307
0.53689
208.86
190.14
207.374
0.123681
1
0
0.297
16
1
i = 1732
17667
2171
2189
2182.67
0.0990366
2.86758
18.2567
0.546514
131.09
119.54
128.533
0.195913
1
0
0.0581772
15
2
i = 1733
17665
2175
2190
2182.68
0.107508
2.77542
16.4775
0.553291
113.33
105.67
113.688
0.212276
1
0
0.0295968
12
2
i = 1734
17649
2173
2193
2182.68
0.107062
3.09389
17.453
0.523091
136.955
127.41
135.191
0.198633
1
0
0.0722435
17
2
i = 1735
16848
2175
2189
2182.68
0.0872797
2.73199
20.186
0.559274
135.855
128.41
135.83
0.175954
1
0
0.0528287
11
1
i = 1736
16100
2175
2193
2182.68
0.0843785
2.99343
21.8026
0.532616
163.755
146.815
163.021
0.160241
1
0
0.354735
15
0
i = 1737
17661
2171
2189
2182.69
0.103483
2.8671
17.4726
0.546604
124.32
114.625
122.964
0.204802
1
0
0.0153045
15
2
i = 1738
17662
2171
2191
2182.69
0.0670496
2.94091
27.1758
0.536734
200.15
180.945
199.568
0.127812
1
0
0.00453719
17
2
i = 1739
16086
2174
2193
2182.69
0.0882201
3.01524
20.9124
0.530022
162.23
148.96
157.799
0.166005
1
0
0.472679
16
0
i = 1740
16090
2175
2189
2182.71
0.0737517
2.83344
24.3728
0.550195
169.87
158.75
169.323
0.147227
1
0
0.0591504
11
0
i = 1741
16880
2175
2196
2182.73
0.0901003
2.92443
20.1749
0.538611
153.105
132.605
147.543
0.172754
1
0
0.723624
18
1
i = 1742
16087
2175
2192
2182.74
0.0819612
2.9714
22.36
0.53452
166.74
149.725
165.843
0.156137
1
0
0.17494
14
0
i = 1743
16088
2174
2192
2182.79
0.0545938
2.99747
33.6938
0.531617
252.3
226.53
252.481
0.103056
1
0
0.215191
15
0
i = 1744
17663
2174
2194
2182.81
0.0494779
3.04364
37.4618
0.52752
284.845
269.65
285.444
0.0926502
1
0
0.102469
17
2
i = 1745
16101
2176
2193
2182.82
0.096233
2.86875
18.7414
0.545009
136.25
122.015
134.022
0.188141
1
0
0.325378
14
0
i = 1746
16860
2172
2192
2182.83
0.0509562
2.98743
36.0336
0.532336
271.105
241.69
269.336
0.0962142
1
0
0.103461
17
1
i = 1747
16089
2175
2191
2182.85
0.054086
2.93148
33.6563
0.538242
244.31
223.05
245.71
0.103811
1
0
0.161007
13
0
i = 1748
16861
2175
2194
2182.86
0.0703312
3.0766
26.5198
0.525409
203.36
192.465
203.816
0.131794
1
0
0.0167318
16
1
i = 1749
16847
2175
2193
2182.91
0.0896227
2.90743
20.2189
0.540001
147.415
132.105
147.017
0.172082
1
0
0.201193
15
1
i = 1750
17647
2172
2192
2182.93
0.127716
2.95169
14.2905
0.535545
106.78
94.535
105.541
0.242598
1
0
0.0244425
17
2
i = 1751
17645
2172
2188
2182.99
0.106275
2.75343
16.9949
0.563784
114.415
107.505
111.461
0.225151
1
0
0.0500367
13
2
i = 1752
16845
2173
2190
2182.99
0.0900579
2.92718
20.2257
0.539439
147.395
134.045
146.49
0.174151
1
0
0.230428
14
1
i = 1753
17642
2172
2190
2183.01
0.0701384
2.95017
26.0787
0.537481
193.62
175.84
190.231
0.13527
1
0
0.189806
15
2
i = 1754
17646
2174
2190
2183.03
0.0810422
2.88142
22.2944
0.543603
158.975
148.43
159.023
0.157819
1
0
0.0365377
13
2
i = 1755
16844
2174
2191
2183.07
0.0932774
2.7908
19.0293
0.550989
132.325
123.86
132.588
0.182539
1
0
0.608751
14
1
i = 1756
16846
2176
2190
2183.07
0.0808202
2.88564
22.4116
0.54473
159.41
149.06
159.389
0.159235
1
0
0.0659155
11
1
i = 1757
16102
2176
2193
2183.09
0.086587
2.7834
20.4892
0.552405
143.13
132.6
142.468
0.170609
1
0
0.131803
14
0
i = 1758
16105
2174
2191
2183.14
0.082694
2.95665
22.1026
0.535706
162.425
149.29
162.71
0.157733
1
0
0.0665719
14
0
i = 1759
16843
2174
2190
2183.14
0.0693171
2.85775
25.9625
0.54594
183.905
171.835
183.564
0.135645
1
0
0.301928
13
1
i = 1760
16106
2175
2193
2183.24
0.0591778
2.98553
31.0274
0.532843
233.05
210.515
231.604
0.112084
1
0
0.255714
15
0
i = 1761
17644
2175
2189
2183.24
0.119069
2.79277
15.052
0.555739
102.815
98.165
102.205
0.242486
1
0
0.110731
11
2
i = 1762
16103
2176
2195
2183.32
0.0824798
2.79187
21.5352
0.551308
153.115
139.315
150.335
0.161931
1
0
0.31531
16
0
i = 1763
16104
2176
2190
2183.35
0.089332
2.74253
19.7403
0.557696
133.645
126.25
133.793
0.17901
1
0
0.201165
11
0
i = 1764
16842
2174
2195
2183.4
0.056082
3.08507
33.2712
0.523854
258.84
243.44
257.088
0.104212
1
0
0.138399
18
1
i = 1765
17643
2175
2191
2183.41
0.123065
2.89082
14.6888
0.541986
105.73
97.41
105.605
0.237809
1
0
0.00747714
13
2
i = 1766
17640
2172
2191
2183.51
0.0865562
3.13885
21.7937
0.520977
171.145
161.575
169.292
0.161702
1
0
0.0740593
16
2
i = 1767
17641
2175
2192
2183.53
0.0564231
2.94348
32.3115
0.536649
236.37
216.655
237.381
0.107637
1
0
0.0468868
14
2
i = 1768
16107
2173
2194
2183.56
0.0583246
3.08714
32.0008
0.523605
252.26
232.38
247.441
0.108277
1
0
0.496066
18
0
i = 1769
16841
2169
2194
2183.68
0.0627429
3.10075
29.8128
0.522447
240.955
216.61
231.547
0.116217
1
0
0.612619
22
1
i = 1770
16108
2169
2197
2183.9
0.0804471
3.21084
23.6606
0.513391
197.255
174.985
190.422
0.146408
1
0
0.370002
25
0
i = 1771
17639
2176
2194
2183.96
0.117375
2.93638
15.5155
0.537362
113.89
101.855
113.921
0.22431
1
0
0.102485
15
2
i = 1772
16840
2169
2194
2184.01
0.0865821
3.04732
21.4174
0.527015
171.33
154.595
163.453
0.161783
1
0
0.394823
22
1
i = 1773
16839
2174
2190
2184.06
0.11721
3.04518
16.0537
0.533763
120.135
116.085
118.039
0.231626
1
0
0.130778
13
1
i = 1774
17638
2173
2192
2184.1
0.105556
2.75282
16.7
0.554707
114.925
107.7
114.838
0.207875
1
0
0.0225219
16
2
i = 1775
16109
2178
2194
2184.24
0.102107
2.92234
17.9099
0.54219
130.72
119.93
129.753
0.201461
1
0
0.257831
13
0
i = 1776
16111
2178
2193
2184.34
0.103932
2.95172
17.678
0.539489
128.75
119.29
129.142
0.20403
1
0
0.10451
12
0
i = 1777
16110
2177
2196
2184.39
0.106461
3.09625
17.5983
0.524548
138.185
128.875
135.844
0.200249
1
0
0.41037
16
0
i = 1778
17637
2176
2194
2184.43
0.117127
2.69919
14.9008
0.560015
102.415
93.84
100.736
0.232623
1
0
0.136886
15
2
i = 1779
16838
2171
2196
2184.49
0.112587
3.36274
17.3017
0.501674
154.105
132.795
145.763
0.20024
1
0
0.576143
22
1
i = 1780
17636
2175
2195
2184.58
0.12166
2.71494
14.3867
0.558321
98.745
91.09
97.8854
0.2408
1
0
0.0320277
17
2
i = 1781
2139
2177
2191
2184.62
0.243107
2.99014
7.61611
0.537056
55.845
51.98
55.5299
0.478258
1
0
0.131701
11
2
i = 1782
16837
2173
2192
2184.72
0.0935974
3.25151
20.5577
0.512954
167.205
154.95
164.506
0.173449
1
0
0.184713
16
1
i = 1783
235
2179
2190
2184.75
0.262609
2.67712
6.74696
0.573771
43.035
41.93
43.1663
0.573142
1
0
0.131291
8
0
i = 1784
16112
2177
2196
2184.76
0.0968458
3.15161
19.504
0.519505
156.925
143.29
153.38
0.179906
1
0
0.631198
16
0
i = 1785
17634
2176
2190
2184.77
0.105555
2.83858
17.3419
0.554922
119.35
113.14
117.523
0.219652
1
0
0.0997932
11
2
i = 1786
17635
2175
2195
2184.78
0.118044
3.05795
15.7368
0.526134
122.29
113.595
120.495
0.220253
1
0
0.0692243
17
2
i = 1787
2138
2175
2192
2184.83
0.187444
3.00652
9.84932
0.532345
73.76
70.515
73.2506
0.357873
1
0
0.0262598
14
2
i = 1788
16836
2176
2191
2184.83
0.0960113
2.87493
18.8855
0.546567
135.175
123.8
132.798
0.190863
1
0
0.342203
12
1
i = 1789
1532
2179
2190
2184.9
0.230006
2.71769
7.79844
0.570911
50.43
48.555
50.2878
0.503806
1
0
0.0933617
8
1
i = 1790
16113
2177
2196
2184.98
0.0936582
3.1633
20.1972
0.518293
163.145
147.545
159.51
0.173285
1
0
0.584245
16
0
i = 1791
234
2177
2190
2185
0.206883
2.87908
9.00804
0.553618
62.01
59.03
61.1426
0.436245
1
0
0.0468479
10
0
i = 1792
16835
2177
2191
2185.08
0.100308
2.76184
17.72
0.557796
120.81
114.14
119.585
0.203686
1
0
0.103483
11
1
i = 1793
16114
2175
2193
2185.1
0.0935776
3.00258
19.6841
0.531606
148.94
140.805
147.137
0.177147
1
0
0.102061
15
0
i = 1794
17632
2176
2193
2185.17
0.119817
2.91169
15.1365
0.53973
110.995
100.555
109.796
0.23012
1
0
0.0990223
14
2
i = 1795
16115
2175
2191
2185.18
0.0872344
2.74347
20.3172
0.559697
139.12
130.025
136.148
0.177799
1
0
0.203046
13
0
i = 1796
17633
2176
2195
2185.18
0.114008
2.94491
15.9902
0.536162
118.35
107.53
117.893
0.21681
1
0
0.0145281
16
2
i = 1797
17630
2176
2193
2185.32
0.0740049
2.97175
24.7676
0.534553
183.32
167.325
183.005
0.141048
1
0
0.00445044
14
2
i = 1798
16834
2177
2191
2185.34
0.102322
2.961
18.179
0.542289
130.94
122.43
129.35
0.206714
1
0
0.0491989
11
1
i = 1799
16116
2175
2194
2185.34
0.0721882
2.94214
25.2436
0.536501
189.005
168.865
185.652
0.137442
1
0
0.230762
16
0
i = 1800
17631
2177
2195
2185.37
0.12348
2.95981
14.804
0.535046
111.275
99.29
109.584
0.234682
1
0
0.134457
15
2
i = 1801
16833
2177
2194
2185.51
0.072591
3.00708
25.3885
0.531092
190.13
181.87
190.394
0.137176
1
0
0.30307
14
1
i = 1802
16832
2178
2192
2185.6
0.0719104
2.81345
24.8833
0.551665
172.43
161.61
172.073
0.143491
1
0
0.0403694
11
1
i = 1803
17629
2176
2193
2185.78
0.0938116
2.9497
19.4816
0.537087
142.79
129.99
142.417
0.180278
1
0
0.0289888
14
2
i = 1804
16117
2175
2195
2185.82
0.0795791
3.21619
23.9442
0.513237
194.665
178.17
192.342
0.145041
1
0
0.193139
17
0
i = 1805
16831
2173
2192
2186.06
0.0795067
2.80721
22.5557
0.553412
158.41
147.115
154.624
0.160337
1
0
0.143713
16
1
i = 1806
16118
2178
2194
2186.09
0.0846945
2.90281
21.3847
0.540775
154.44
142.54
154.572
0.163201
1
0
0.117476
13
0
i = 1807
17628
2176
2195
2186.12
0.0905405
2.92102
20.0533
0.538375
146.8
134.205
146.519
0.172918
1
0
0.0225405
16
2
i = 1808
16119
2177
2193
2186.29
0.0925054
2.92904
19.7232
0.540035
143.33
131.9
142.361
0.179977
1
0
0.0167175
13
0
i = 1809
17627
2175
2193
2186.35
0.113313
3.06238
16.5045
0.529225
125.465
120.245
123.919
0.217613
1
0
0.0262424
15
2
i = 1810
17625
2178
2193
2186.4
0.110477
2.7668
16.0315
0.554997
109.985
103.495
109.636
0.219989
1
0
0.0539406
12
2
i = 1811
16830
2179
2194
2186.41
0.0856164
2.96172
21.4016
0.536651
157.055
143.92
157.024
0.165072
1
0
0.0919953
12
1
i = 1812
17626
2178
2195
2186.46
0.114717
3.06493
16.222
0.52622
123.705
118.085
123.896
0.215023
1
0
0.0482647
14
2
i = 1813
16120
2176
2194
2186.49
0.0906892
2.99685
20.3039
0.532548
152.745
137.265
151.075
0.17247
1
0
0.132538
15
0
i = 1814
16829
2175
2193
2186.56
0.0936333
3.07064
20.0444
0.529371
156.09
145.585
150.263
0.180901
1
0
0.509911
15
1
i = 1815
16121
2177
2196
2186.66
0.0809013
2.98842
22.6998
0.532259
171.01
152.98
169.736
0.152744
1
0
0.12179
16
0
i = 1816
17623
2177
2194
2186.75
0.0780622
2.98159
23.5414
0.534294
173.49
158.065
173.881
0.149317
1
0
0.0675962
14
2
i = 1817
16827
2176
2194
2186.9
0.0748785
2.85203
23.9921
0.545971
171.88
155.61
169.791
0.146057
1
0
0.110849
15
1
i = 1818
16828
2180
2193
2186.91
0.0802275
2.82238
22.4185
0.55298
154.265
144.36
154.267
0.162698
1
0
0.179101
10
1
i = 1819
17624
2179
2194
2186.91
0.111034
2.98841
16.5898
0.534693
122.285
110.93
122.314
0.213924
1
0
0.0231151
12
2
i = 1820
16122
2179
2193
2186.93
0.0744656
2.95248
24.7614
0.541026
177.755
164.925
177.563
0.148124
1
0
0.250541
11
0
i = 1821
16826
2178
2197
2187.06
0.0850613
2.99376
21.6095
0.531815
165.53
146.295
161.93
0.160495
1
0
0.291564
16
1
i = 1822
16123
2173
2193
2187.18
0.080999
3.16004
23.8496
0.525855
187.155
177.25
180.318
0.159644
1
0
0.423692
17
0
i = 1823
17622
2179
2193
2187.31
0.0952582
2.86711
19.1292
0.549696
133.15
126.925
132.615
0.193367
1
0
0.0920581
11
2
i = 1824
16124
2180
2195
2187.51
0.090677
2.89146
19.9536
0.542651
142.44
132.965
143.142
0.176243
1
0
0.290915
12
0
i = 1825
16825
2179
2197
2187.55
0.0928736
2.99796
19.8089
0.531627
149.59
134.185
148.478
0.175379
1
0
0.170419
15
1
i = 1826
17621
2178
2194
2187.73
0.111279
2.95376
16.5284
0.539463
119.87
110.65
119.297
0.218688
1
0
0.0231292
13
2
i = 1827
17620
2180
2194
2187.75
0.130676
3.08266
14.4448
0.530527
108.545
105.45
107.807
0.256637
1
0
0.0102998
11
2
i = 1828
16125
2180
2196
2187.77
0.0942801
2.90834
19.2303
0.540318
140.44
126.63
139.362
0.181587
1
0
0.43917
13
0
i = 1829
17619
2180
2198
2187.78
0.105537
2.89054
17.1213
0.541635
123.59
112.865
123.761
0.203328
1
0
0.0274676
15
2
i = 1830
16824
2180
2197
2188.05
0.0972095
3.02881
19.0317
0.529372
144.05
137.67
143.794
0.18333
1
0
0.0622415
14
1
i = 1831
16823
2179
2197
2188.09
0.0954988
3.04534
19.4159
0.52748
149.17
140.775
147.686
0.178933
1
0
0.12518
15
1
i = 1832
16126
2177
2198
2188.13
0.0986598
3.23053
19.3534
0.51193
161.5
144.765
156.414
0.179164
1
0
0.75655
18
0
i = 1833
17618
2179
2197
2188.22
0.126637
2.92659
14.3518
0.537935
105.5
96.1
105.002
0.241769
1
0
0.128272
15
2
i = 1834
17617
2178
2195
2188.35
0.100211
2.82501
17.8641
0.549356
126.33
116.61
124.681
0.197664
1
0
0.0645443
14
2
i = 1835
16822
2178
2196
2188.38
0.0962131
3.10729
19.4958
0.523275
153.89
143.295
150.187
0.18012
1
0
0.41978
15
1
i = 1836
17616
2177
2199
2188.47
0.117352
2.99932
15.6766
0.531195
119.8
106.18
117.81
0.220989
1
0
0.144179
19
2
i = 1837
16127
2180
2201
2188.49
0.0921617
3.03945
20.1005
0.528012
157.03
143.82
152.908
0.172882
1
0
0.702636
18
0
i = 1838
16128
2181
2197
2188.71
0.100683
2.99006
18.2666
0.533251
137.005
121.78
135.904
0.191836
1
0
0.500078
13
0
i = 1839
16821
2181
2197
2188.75
0.0959182
2.86884
18.7704
0.543893
134.045
122.895
134.272
0.185809
1
0
0.0387824
13
1
i = 1840
17615
2180
2197
2188.89
0.116407
2.86078
15.439
0.544261
110.96
99.765
110.241
0.225093
1
0
0.0817152
14
2
i = 1841
16129
2180
2198
2188.97
0.0989293
2.9883
18.5649
0.532407
139.55
123.055
138.673
0.186995
1
0
0.0717799
15
0
i = 1842
16820
2182
2198
2189.07
0.0889269
2.75346
19.841
0.555359
135.99
127.85
136.406
0.17611
1
0
0.0625074
13
1
i = 1843
16130
2179
2199
2189.12
0.0848652
2.98305
21.6191
0.532671
164.93
146.155
161.499
0.160287
1
0
0.247694
17
0
i = 1844
17614
2180
2196
2189.21
0.1067
2.85291
16.8555
0.546517
119.49
111.075
118.897
0.209174
1
0
0.00686303
13
2
i = 1845
16819
2179
2199
2189.37
0.0766042
2.8925
23.584
0.540932
174.635
155.375
170.852
0.146916
1
0
0.215778
17
1
i = 1846
16131
2180
2199
2189.37
0.0722029
2.85586
24.8629
0.54441
179.885
163.5
177.821
0.139381
1
0
0.23406
16
0
i = 1847
17613
2182
2197
2189.43
0.11187
2.85549
16.0686
0.545853
113.855
105.5
113.973
0.218434
1
0
0.0740955
12
2
i = 1848
17612
2180
2197
2189.44
0.067893
2.90655
26.6967
0.540422
192.74
177.925
193.022
0.130743
1
0
0.0298271
14
2
i = 1849
16818
2178
2199
2189.55
0.0662286
2.93761
27.491
0.536778
206.72
182.08
202.203
0.126053
1
0
0.342125
18
1
i = 1850
17611
2180
2200
2189.55
0.0979375
2.95367
18.6411
0.535319
137.835
125.21
137.921
0.185901
1
0
0.0215354
17
2
i = 1851
16132
2181
2199
2189.72
0.0724167
2.89947
24.9804
0.540425
182.005
164.585
181.216
0.138877
1
0
0.214794
15
0
i = 1852
16816
2176
2199
2189.8
0.090687
2.92322
20.0276
0.538116
151.085
132.475
146.548
0.173055
1
0
0.205301
20
1
i = 1853
16817
2182
2199
2189.81
0.0755824
2.86418
23.796
0.544083
171.785
154.685
170.343
0.146238
1
0
0.121857
14
1
i = 1854
17610
2183
2200
2189.91
0.0952088
2.95321
19.2287
0.53742
141.18
127.51
141.43
0.183861
1
0
0.0369705
14
2
i = 1855
16133
2182
2197
2189.96
0.0801566
2.86929
22.4927
0.544886
159.56
146.105
159.755
0.156584
1
0
0.0739442
12
0
i = 1856
17608
2180
2199
2190
0.109726
2.99254
16.7488
0.531932
126.28
113.715
125.337
0.207091
1
0
0.0714391
16
2
i = 1857
17609
2182
2197
2190.01
0.109969
2.835
16.2938
0.548023
114.6
107.05
114.407
0.215859
1
0
0.00412046
12
2
i = 1858
16134
2182
2196
2190.04
0.0925716
2.95268
19.9495
0.541468
144.545
134.48
142.715
0.184844
1
0
0.0526201
11
0
i = 1859
17607
2182
2200
2190.04
0.104641
3.02927
17.6798
0.529206
133.875
127.955
133.822
0.197126
1
0
0.0238881
15
2
i = 1860
16815
2176
2203
2190.19
0.0867507
2.91915
20.921
0.538431
159.085
139.24
153.082
0.16558
1
0
0.166793
24
1
i = 1861
16135
2183
2197
2190.23
0.0931801
2.82288
19.2136
0.550247
133.77
125.85
133.813
0.184857
1
0
0.05915
11
0
i = 1862
17606
2183
2200
2190.41
0.0963097
2.85594
18.6554
0.545196
133.375
122.635
133.099
0.187112
1
0
0.043362
14
2
i = 1863
16136
2182
2197
2190.46
0.0917749
2.8432
19.5852
0.548153
137.29
128.47
137.191
0.181262
1
0
0.0275815
12
0
i = 1864
16814
2183
2198
2190.48
0.0855557
2.77271
20.6939
0.553515
142.185
133.29
142.769
0.168951
1
0
0.113373
12
1
i = 1865
16137
2182
2199
2190.51
0.0944737
2.89785
19.1459
0.540767
138.38
126.99
138.56
0.181506
1
0
0.0504098
14
0
i = 1866
16813
2182
2201
2190.52
0.0942082
2.93264
19.3126
0.537401
143.785
128.765
141.781
0.179704
1
0
0.128414
16
1
i = 1867
17605
2184
2200
2190.67
0.125686
2.73979
14.0151
0.557329
95.4
88.89
95.7836
0.25071
1
0
0.124301
13
2
i = 1868
16138
2180
2199
2190.67
0.0947559
2.98791
19.384
0.532557
146.47
129.86
144.55
0.179291
1
0
0.20479
16
0
i = 1869
16812
2181
2197
2190.69
0.0994858
2.92193
18.3676
0.541946
133.785
121.485
131.421
0.19584
1
0
0.0922181
13
1
i = 1870
16139
2181
2198
2190.73
0.0914186
3.05524
20.3597
0.528144
157.05
146.865
153.835
0.173229
1
0
0.507332
14
0
i = 1871
16811
2180
2197
2190.75
0.094844
2.88932
19.156
0.544915
139.15
125.86
135.58
0.18763
1
0
0.215924
14
1
i = 1872
16140
2181
2198
2190.77
0.0783188
2.86125
22.97
0.54494
164.245
150.65
163.222
0.15233
1
0
0.327061
14
0
i = 1873
17604
2182
2200
2190.82
0.121411
2.87866
14.8459
0.542346
107.5
96.87
106.933
0.233622
1
0
0.0271437
15
2
i = 1874
17601
2180
2202
2190.93
0.0664236
2.90596
27.2615
0.539654
200.29
178.21
198.544
0.127072
1
0
0.0590436
19
2
i = 1875
17603
2180
2200
2190.95
0.109079
2.89783
16.5785
0.540478
123.965
107.795
120.235
0.209078
1
0
0.205188
17
2
i = 1876
16141
2179
2200
2191.03
0.0633866
3.02512
29.151
0.529069
223.83
210.29
220.499
0.118996
1
0
0.331198
18
0
i = 1877
16810
2183
2204
2191.08
0.0824906
3.10417
22.7067
0.522905
180.945
166.29
176.19
0.153674
1
0
0.431437
18
1
i = 1878
16809
2181
2202
2191.14
0.0631056
2.98349
29.0754
0.532611
220.9
196.54
217.351
0.11916
1
0
0.162491
18
1
i = 1879
17602
2182
2200
2191.2
0.121846
2.92296
14.9068
0.538262
110.595
99.345
108.935
0.232755
1
0
0.0731591
15
2
i = 1880
17600
2180
2202
2191.27
0.0828914
3.08536
22.5099
0.523739
177.865
164.265
174.002
0.153908
1
0
0.160465
19
2
i = 1881
16808
2181
2200
2191.37
0.0712827
3.03096
25.9499
0.528688
199.59
186.99
196.426
0.133832
1
0
0.175004
16
1
i = 1882
16142
2183
2198
2191.51
0.0734893
3.00226
25.208
0.534901
187.73
180.735
185.197
0.143009
1
0
0.234956
12
0
i = 1883
17599
2182
2202
2191.59
0.0931014
2.80387
19.1053
0.549403
136.635
123.195
134.231
0.181338
1
0
0.108224
17
2
i = 1884
16807
2182
2200
2191.87
0.0911847
3.00116
20.1913
0.531549
152.3
143.21
151.048
0.172392
1
0
0.0520536
15
1
i = 1885
16143
2185
2197
2191.88
0.0972744
2.63647
18.0111
0.574641
114.955
110.765
114.111
0.208149
1
0
0.12636
9
0
i = 1886
17598
2183
2198
2191.9
0.120645
2.69731
14.5187
0.562976
96.9
91.025
96.3362
0.245038
1
0
0.0379805
12
2
i = 1887
16144
2184
2201
2191.92
0.097038
2.9649
18.8612
0.534942
139.52
125.305
139.616
0.184808
1
0
0.054949
14
0
i = 1888
16806
2183
2199
2191.95
0.0906033
2.94774
20.1764
0.53767
146.7
133.495
147.079
0.174756
1
0
0.0879002
13
1
i = 1889
17597
2181
2200
2192.14
0.120289
2.72302
14.5749
0.557716
99.055
93.29
99.1536
0.238146
1
0
0.0213894
16
2
i = 1890
16805
2185
2198
2192.18
0.0780333
2.83108
23.1475
0.553016
158.94
152.73
158.919
0.15916
1
0
0.297449
10
1
i = 1891
16145
2182
2201
2192.18
0.0725839
3.04014
25.5219
0.527834
196.32
184.89
193.868
0.136007
1
0
0.155235
16
0
i = 1892
17595
2182
2200
2192.21
0.0644379
2.92979
28.2341
0.538085
206.02
189.345
206.034
0.123404
1
0
0.0191978
15
2
i = 1893
17596
2181
2202
2192.21
0.0966359
2.96911
18.9413
0.533909
142.585
127.61
140.846
0.18293
1
0
0.107718
18
2
i = 1894
17594
2181
2203
2192.43
0.103253
3.04128
17.9414
0.52752
140.865
129.35
136.708
0.193096
1
0
0.184048
19
2
i = 1895
16146
2185
2206
2192.47
0.0713518
3.00355
25.8387
0.532035
197.61
184.8
193.784
0.135637
1
0
0.317633
18
0
i = 1896
16804
2182
2199
2192.47
0.0664615
2.82638
26.9584
0.549557
188.31
176.325
187.919
0.131421
1
0
0.0688408
14
1
i = 1897
16803
2180
2203
2192.67
0.0782614
2.9855
23.4526
0.532424
177.85
157.305
175.425
0.147719
1
0
0.0746791
20
1
i = 1898
16147
2182
2201
2192.72
0.0887775
2.8949
20.3626
0.540938
148.345
134.375
147.243
0.170507
1
0
0.141899
16
0
i = 1899
17593
2186
2201
2192.79
0.112693
2.84301
15.9328
0.547625
112.17
103.585
112.613
0.22158
1
0
0.00806421
12
2
i = 1900
16802
2185
2204
2192.97
0.0980853
2.90407
18.4629
0.540264
136.4
120.495
134.153
0.188363
1
0
0.180402
16
1
i = 1901
17592
2185
2201
2192.98
0.123745
2.81867
14.4187
0.548516
101.04
92.68
101.375
0.241457
1
0
0.00808658
13
2
i = 1902
17591
2185
2201
2193.16
0.099675
2.86804
18.0598
0.54394
128.785
119.6
129.02
0.193068
1
0
0.0131095
13
2
i = 1903
16148
2186
2201
2193.18
0.0972774
2.67736
17.8797
0.562996
119.59
112.67
119.401
0.195049
1
0
0.0869278
12
0
i = 1904
16801
2185
2204
2193.23
0.0941726
3.00218
19.5523
0.531373
151.675
139.09
146.837
0.177885
1
0
0.676737
16
1
i = 1905
16800
2181
2206
2193.34
0.0913108
3.13513
20.5984
0.519554
170.845
151.29
161.863
0.168174
1
0
0.608431
22
1
i = 1906
17590
2184
2200
2193.47
0.111188
2.93143
16.4349
0.540369
119.16
110.07
118.388
0.217246
1
0
0.0248604
13
2
i = 1907
16149
2184
2200
2193.49
0.0926251
2.79877
19.2439
0.552134
133.805
124.64
132.905
0.183866
1
0
0.0472712
13
0
i = 1908
16150
2184
2200
2193.54
0.0999189
2.89133
18.1604
0.544031
130.005
120.05
129.062
0.196459
1
0
0.0305366
13
0
i = 1909
16799
2184
2201
2193.71
0.0889955
2.81347
20.0379
0.549288
142.785
129.435
140.222
0.174193
1
0
0.190818
14
1
i = 1910
17589
2183
2200
2193.77
0.114251
3.02206
16.3178
0.534076
122.7
117.325
120.089
0.223384
1
0
0.147162
14
2
i = 1911
16151
2186
2202
2193.82
0.102386
2.96719
17.8903
0.535148
131.87
118.86
132.12
0.195581
1
0
0.156455
13
0
i = 1912
17588
2183
2200
2194.11
0.117306
2.9564
15.7663
0.54097
116.74
105.93
112.93
0.233822
1
0
0.208084
14
2
i = 1913
16798
2184
2202
2194.15
0.0831679
2.87422
21.6628
0.543085
157.45
142.725
155.267
0.160574
1
0
0.194908
15
1
i = 1914
16152
2186
2201
2194.32
0.0839456
2.88028
21.547
0.544555
152.905
142.89
152.982
0.164645
1
0
0.0941871
12
0
i = 1915
17587
2183
2202
2194.41
0.102826
2.86221
17.4883
0.544402
126.5
115.085
124.669
0.199236
1
0
0.0625221
16
2
i = 1916
16153
2186
2201
2194.57
0.0708292
2.83804
25.3682
0.548922
177.395
165.635
177.12
0.140336
1
0
0.0518611
12
0
i = 1917
17586
2185
2202
2194.62
0.0835985
2.89716
21.6513
0.541471
156.515
143.075
155.866
0.16148
1
0
0.0159977
14
2
i = 1918
16797
2185
2206
2194.8
0.0690288
3.04754
26.8648
0.52701
206.505
192.46
205.108
0.128994
1
0
0.328112
18
1
i = 1919
17585
2186
2205
2195.1
0.0646989
2.94459
28.1755
0.536199
207.75
189.625
207.715
0.123053
1
0
0.00488233
16
2
i = 1920
16796
2186
2206
2195.14
0.0548265
2.97498
33.42
0.533446
249.785
226.655
249.02
0.103736
1
0
0.325933
17
1
i = 1921
16154
2187
2202
2195.18
0.0575306
2.91427
31.6186
0.541314
227.34
211.8
227.278
0.11212
1
0
0.106212
12
0
i = 1922
17584
2186
2204
2195.61
0.0548847
3.05031
33.8168
0.527202
257.02
245.325
257.235
0.102884
1
0
0.0365813
15
2
i = 1923
17581
2185
2203
2195.7
0.060166
2.92936
30.2606
0.538708
220.365
200.78
219.995
0.115791
1
0
0.0243081
15
2
i = 1924
16795
2185
2207
2195.76
0.0560933
3.05619
33.1061
0.52623
254.36
238.95
253.537
0.104645
1
0
0.2156
19
1
i = 1925
16158
2186
2204
2195.92
0.0744213
3.08644
25.096
0.524401
193.655
181.505
192.763
0.139033
1
0
0.282202
15
0
i = 1926
16157
2189
2204
2195.92
0.0566198
2.7848
31.358
0.55275
216.44
199.59
217.405
0.111965
1
0
0.297343
12
0
i = 1927
17580
2184
2203
2195.95
0.126609
3.07578
14.7668
0.526942
114.245
106.545
112.006
0.240278
1
0
0.0567747
16
2
i = 1928
16792
2183
2203
2195.98
0.0719159
2.90558
25.2289
0.5413
184.55
165.175
181.525
0.139423
1
0
0.144716
17
1
i = 1929
16155
2186
2204
2196.04
0.0475277
3.08281
39.2788
0.524808
302.275
288.225
301.155
0.0889177
1
0
0.208613
15
0
i = 1930
17579
2187
2203
2196.12
0.132933
2.8517
13.5223
0.546456
96.72
88.865
95.4362
0.260276
1
0
0.0326241
13
2
i = 1931
16793
2187
2204
2196.15
0.0492802
2.99651
37.3441
0.532263
277.94
254.785
278.395
0.0934743
1
0
0.0864726
14
1
i = 1932
17582
2188
2206
2196.15
0.0580189
2.97261
31.5796
0.534022
234.41
213.925
234.715
0.110148
1
0
0.0585103
15
2
i = 1933
16159
2188
2203
2196.2
0.118361
3.20074
16.1892
0.519163
126.81
122.09
126.354
0.225212
1
0
0.104806
12
0
i = 1934
16791
2188
2205
2196.26
0.0978765
2.94568
18.6345
0.536484
136.725
125.72
137.059
0.186702
1
0
0.0483532
14
1
i = 1935
16156
2186
2210
2196.26
0.04974
3.06339
37.379
0.525621
289.97
272.125
286.963
0.0926905
1
0
0.322434
21
0
i = 1936
16794
2181
2207
2196.3
0.050343
3.11025
37.2125
0.521638
292.665
275.015
289.975
0.0930986
1
0
0.348082
23
1
i = 1937
15360
2189
2203
2196.36
0.108941
2.78232
16.312
0.554032
112.055
105.275
111.997
0.217328
1
0
0.155803
11
0
i = 1938
16790
2186
2206
2196.46
0.0956744
2.99829
19.2258
0.531335
146.66
130.34
144.3
0.18027
1
0
0.139514
17
1
i = 1939
17583
2188
2206
2196.59
0.0637392
3.13183
29.5078
0.520377
229.955
218.425
230.739
0.117997
1
0
0.0325285
15
2
i = 1940
17578
2185
2205
2196.6
0.122461
2.87566
14.7117
0.542677
108.045
96.165
105.74
0.235859
1
0
0.102201
17
2
i = 1941
17577
2188
2205
2196.76
0.115989
2.90192
15.606
0.540426
114.015
102.455
113.026
0.222755
1
0
0.0413962
14
2
i = 1942
15361
2190
2202
2196.78
0.0917667
2.70175
19.3493
0.568336
126.41
121.815
125.413
0.195007
1
0
0.0841647
9
0
i = 1943
16789
2186
2207
2196.83
0.0919558
3.10177
20.3452
0.522376
161.23
147.775
158.027
0.170321
1
0
0.248691
18
1
i = 1944
17576
2188
2206
2196.99
0.113531
2.96169
16.1045
0.534762
120.085
106.565
119.248
0.215501
1
0
0.0377416
15
2
i = 1945
15362
2190
2204
2197.38
0.085563
2.72288
20.5328
0.559586
138.115
131.155
138.224
0.171911
1
0
0.054816
11
0
i = 1946
16788
2189
2205
2197.42
0.080328
2.83481
22.2799
0.547124
157.98
145.49
157.242
0.15651
1
0
0.0405879
13
1
i = 1947
17575
2190
2208
2197.42
0.0937202
2.88897
19.2834
0.542138
139.99
127.905
139.202
0.18114
1
0
0.195912
15
2
i = 1948
17574
2190
2207
2197.7
0.0875748
2.91903
20.7385
0.539168
151.77
137.22
151.196
0.168147
1
0
0.0441221
14
2
i = 1949
16787
2188
2204
2197.74
0.0728409
2.80587
24.5417
0.552267
170.7
158.52
169.208
0.145401
1
0
0.0376557
13
1
i = 1950
15363
2191
2204
2197.9
0.0774856
2.69663
22.6228
0.56404
149.93
141.235
149.671
0.158616
1
0
0.0698818
10
0
i = 1951
15364
2190
2204
2198.06
0.0948863
2.86391
19.1214
0.548805
134.105
126.56
133.218
0.190831
1
0
0.128934
11
0
i = 1952
16786
2187
2204
2198.17
0.0864108
2.88288
21.1044
0.54735
151.565
139.8
147.705
0.173742
1
0
0.141918
14
1
i = 1953
17573
2187
2207
2198.17
0.115911
2.9564
15.7591
0.535168
118.085
105.775
116.508
0.220087
1
0
0.046715
17
2
i = 1954
15365
2191
2205
2198.57
0.0954842
2.91772
19.1166
0.542706
137.01
127.47
136.561
0.188632
1
0
0.0863531
11
0
i = 1955
16785
2191
2208
2198.74
0.0922049
2.77133
19.1846
0.552977
133.07
122.55
132.985
0.181155
1
0
0.106262
14
1
i = 1956
17572
2187
2209
2198.76
0.123641
2.89082
14.6075
0.541069
107.775
95.31
105.811
0.237157
1
0
0.0711188
19
2
i = 1957
15366
2190
2208
2199
0.0894707
2.93601
20.3461
0.537068
150.885
136.26
149.38
0.170533
1
0
0.117475
15
0
i = 1958
17571
2188
2208
2199.09
0.0967593
2.97312
18.9314
0.533654
141.44
128
140.764
0.183196
1
0
0.00767539
17
2
i = 1959
16784
2190
2208
2199.14
0.0870577
2.75791
20.2641
0.554013
140.225
130.51
139.895
0.171042
1
0
0.0504267
15
1
i = 1960
17570
2191
2206
2199.34
0.109209
2.97877
16.8689
0.536307
123.905
114.34
123.396
0.212096
1
0
0.0181276
12
2
i = 1961
12490
2191
2209
2199.42
0.146951
2.92729
12.3703
0.537949
91.335
82.595
90.5855
0.280696
1
0
0.046608
15
2
i = 1962
15367
2191
2208
2199.56
0.0999496
3.00791
18.4417
0.531023
139.65
131.92
138.317
0.188857
1
0
0.108442
14
0
i = 1963
16783
2191
2208
2199.69
0.0924021
2.87456
19.4959
0.542928
140.27
128.125
139.942
0.178208
1
0
0.0323412
14
1
i = 1964
11726
2192
2205
2199.78
0.246859
2.71399
7.20666
0.566103
47.815
45.925
47.0074
0.519577
1
0
0.122368
10
1
i = 1965
17569
2192
2206
2199.79
0.125732
2.81654
14.2569
0.551895
98.66
92.32
98.4045
0.251858
1
0
0.0204239
11
2
i = 1966
15368
2192
2207
2199.84
0.109919
3.0584
16.9649
0.529023
128.32
123.335
127.794
0.210193
1
0
0.0940189
12
0
i = 1967
16782
2191
2208
2199.9
0.0968819
3.07151
19.2325
0.525789
148.275
139.81
146.959
0.181603
1
0
0.273333
14
1
i = 1968
17568
2192
2210
2200.08
0.126707
3.02986
14.6017
0.529128
111.595
105.465
110.55
0.238619
1
0
0.0486181
15
2
i = 1969
16781
2192
2209
2200.37
0.0979668
2.9012
18.4741
0.540469
133.82
122.88
133.88
0.188131
1
0
0.0270169
14
1
i = 1970
15369
2191
2207
2200.37
0.103642
2.99485
17.8268
0.534783
132.61
120.875
131.106
0.200627
1
0
0.0747835
13
0
i = 1971
17567
2191
2209
2200.45
0.127055
2.96643
14.4028
0.534401
107.59
96.77
106.712
0.241111
1
0
0.0594017
15
2
i = 1972
17566
2192
2209
2200.9
0.111801
2.97972
16.4102
0.53355
121.49
109.225
121.837
0.212285
1
0
0.0613341
14
2
i = 1973
16780
2193
2209
2200.91
0.088801
2.90644
20.4089
0.54045
147.51
134.43
147.769
0.171026
1
0
0.0463357
13
1
i = 1974
15370
2191
2208
2200.92
0.0934707
3.14927
20.2566
0.5212
159.435
148.5
156.964
0.175976
1
0
0.124245
14
0
i = 1975
15371
2191
2208
2201.2
0.0867799
3.06647
21.5427
0.528439
164.42
157.365
162.306
0.165928
1
0
0.061963
14
0
i = 1976
17565
2193
2211
2201.3
0.108238
2.97028
16.9195
0.53415
125.11
114.625
125.672
0.205431
1
0
0.103967
15
2
i = 1977
16779
2192
2209
2201.37
0.0847805
2.90267
21.3625
0.540704
154.785
142.12
154.328
0.163266
1
0
0.0718962
14
1
i = 1978
17564
2194
2212
2201.56
0.0975027
2.93895
18.695
0.537509
137.405
124.92
137.271
0.186843
1
0
0.0709635
15
2
i = 1979
15372
2194
2211
2201.61
0.0883476
2.97072
20.7451
0.534712
153.46
139.625
153.804
0.168508
1
0
0.0514639
14
0
i = 1980
16778
2192
2212
2201.74
0.0936443
2.92603
19.4041
0.537826
143.105
128.365
142.23
0.178569
1
0
0.0434505
17
1
i = 1981
17563
2194
2208
2201.83
0.120934
2.87368
14.9947
0.547098
105.77
98.56
105.264
0.241247
1
0
0.0623409
11
2
i = 1982
15373
2194
2210
2201.96
0.0998872
2.9466
18.2716
0.536901
133.2
121.145
134.007
0.191292
1
0
0.124884
13
0
i = 1983
17562
2194
2211
2202.38
0.133835
2.97997
13.7075
0.533442
101.515
92.865
101.932
0.253934
1
0
0.0185096
14
2
i = 1984
16777
2194
2209
2202.39
0.100664
2.82733
17.7965
0.5494
124.765
116.055
124.147
0.198902
1
0
0.0170545
12
1
i = 1985
15374
2194
2211
2202.62
0.107043
3.1687
17.6846
0.517907
140.005
131.505
139.316
0.197958
1
0
0.0862558
14
0
i = 1986
17561
2194
2212
2202.86
0.115763
2.95312
15.7712
0.535533
116.28
104.66
116.468
0.220049
1
0
0.017937
15
2
i = 1987
16776
2194
2213
2202.94
0.0937547
2.87124
19.1996
0.542984
139.3
123.975
138.06
0.180548
1
0
0.0806899
16
1
i = 1988
17560
2192
2212
2203.03
0.110383
2.89418
16.3724
0.540827
118.865
108.875
118.579
0.211724
1
0
0.00384405
17
2
i = 1989
16775
2194
2212
2203.37
0.087407
2.91118
20.7385
0.539364
151.93
137.605
150.904
0.167323
1
0
0.119905
15
1
i = 1990
17559
2194
2214
2203.4
0.0926472
2.88261
19.4669
0.541868
140.645
128.81
140.591
0.178
1
0
0.0021133
17
2
i = 1991
15375
2193
2211
2203.51
0.0934286
3.12423
20.1414
0.522145
156.55
148.73
155.758
0.174871
1
0
0.120855
15
0
i = 1992
16774
2195
2212
2203.87
0.0750549
2.84635
23.8839
0.545607
171.125
154.68
169.724
0.145462
1
0
0.0952488
14
1
i = 1993
15376
2197
2212
2203.89
0.0736646
2.75233
23.9578
0.555877
162.065
152.515
164.263
0.146384
1
0
0.339289
12
0
i = 1994
17558
2195
2215
2203.89
0.0896137
2.89337
20.1643
0.540915
145.675
132.31
146.145
0.171929
1
0
0.0105528
17
2
i = 1995
16773
2196
2212
2204.17
0.065418
2.85073
27.4324
0.545537
195.54
180.36
194.847
0.127044
1
0
0.107795
13
1
i = 1996
15377
2198
2212
2204.2
0.0640628
2.82439
28.0255
0.551223
195.29
183.45
195.788
0.128247
1
0
0.348096
11
0
i = 1997
17557
2194
2213
2204.24
0.0650216
2.99064
28.2564
0.53215
211.67
191.855
211.206
0.122807
1
0
0.0300945
16
2
i = 1998
15378
2196
2212
2204.69
0.0767807
2.97767
23.9173
0.534697
176.63
160.265
176.414
0.147018
1
0
0.239609
13
0
i = 1999
16772
2196
2213
2204.8
0.0758687
2.95736
24.0886
0.535468
179.37
159.245
177.631
0.144488
1
0
0.339651
14
1
i = 2000
17556
2196
2215
2205.06
0.10238
2.86386
17.5592
0.543667
126.175
116.065
125.943
0.197389
1
0
0.0201949
16
2
i = 2001
17555
2197
2214
2205.43
0.118314
2.85895
15.1842
0.54437
107.555
100.315
108.476
0.228733
1
0
0.0384046
14
2
i = 2002
16771
2198
2215
2205.46
0.0949728
3.09971
19.735
0.52422
153.77
143.98
152.318
0.17848
1
0
0.436515
14
1
i = 2003
15379
2198
2214
2205.63
0.102309
3.07043
18.2279
0.526695
138.95
132.145
139.037
0.193132
1
0
0.129619
13
0
i = 2004
17554
2197
2215
2205.94
0.10639
2.90599
17.0223
0.539807
123.015
111.66
123.736
0.203782
1
0
0.0292942
15
2
i = 2005
16770
2198
2213
2206.07
0.101767
2.94433
17.966
0.538577
131.455
120.475
130.494
0.197365
1
0
0.0628077
12
1
i = 2006
15380
2199
2214
2206.21
0.0948616
2.78307
18.7023
0.552625
128.625
121.745
129.57
0.187194
1
0
0.133886
12
0
i = 2007
17553
2199
2214
2206.33
0.120355
2.86879
14.9727
0.544696
106.615
98.865
106.696
0.234666
1
0
0.0260618
12
2
i = 2008
15381
2197
2213
2206.48
0.0977966
2.77074
18.1283
0.554711
125.79
116.745
124.073
0.194781
1
0
0.155641
13
0
i = 2009
16769
2197
2215
2206.58
0.105388
2.9637
17.3565
0.534682
129.87
115.7
128.433
0.200144
1
0
0.182398
15
1
i = 2010
17552
2197
2214
2206.8
0.129547
2.99969
14.233
0.53287
106.07
95.525
105.657
0.247446
1
0
0.00965808
14
2
i = 2011
15382
2198
2213
2206.93
0.101999
2.70493
17.2031
0.562356
115.695
107.65
114.373
0.207162
1
0
0.0634248
12
0
i = 2012
16768
2194
2215
2207.11
0.104053
3.06309
17.884
0.526489
139.47
130.075
136.255
0.195288
1
0
0.130299
18
1
i = 2013
17551
2198
2213
2207.14
0.113883
2.7701
15.643
0.557139
106.2
101.29
105.775
0.231253
1
0
0.0253673
12
2
i = 2014
15383
2201
2215
2207.52
0.0992488
2.76395
17.8482
0.555897
121.9
114.725
122.31
0.1987
1
0
0.055617
11
0
i = 2015
16767
2199
2213
2207.55
0.103147
2.84203
17.6556
0.553156
122.735
115.315
120.672
0.212081
1
0
0.0181949
11
1
i = 2016
17550
2199
2215
2207.74
0.123047
2.90049
14.7233
0.541443
105.55
97.06
105.949
0.238093
1
0
0.0640627
13
2
i = 2017
15384
2201
2218
2207.98
0.10469
2.79595
16.9897
0.551387
118.545
107.745
118.607
0.206188
1
0
0.130106
14
0
i = 2018
17549
2200
2218
2208.03
0.118508
2.92094
15.3254
0.538703
111.2
103.035
111.958
0.226928
1
0
0.0328848
15
2
i = 2019
16766
2201
2214
2208.05
0.103292
2.82654
17.4466
0.552981
120.7
114.34
119.921
0.210021
1
0
0.0173637
10
1
i = 2020
15385
2198
2217
2208.33
0.105908
3.06409
17.5615
0.525848
134.6
127.75
134.357
0.197806
1
0
0.171821
16
0
i = 2021
16765
2198
2215
2208.49
0.111332
3.1416
17.0681
0.523717
133.995
126.76
130.693
0.21331
1
0
0.416203
14
1
i = 2022
17548
2198
2219
2208.61
0.117583
2.80954
15.1426
0.548837
108.625
97.93
106.616
0.228772
1
0
0.0730854
18
2
i = 2023
15386
2199
2223
2208.96
0.0932398
3.0681
19.9559
0.525233
157.615
143.765
153.424
0.173641
1
0
0.189573
21
0
i = 2024
16764
2199
2215
2209.14
0.0923999
2.8317
19.5235
0.551615
138.72
127.71
134.613
0.186448
1
0
0.315366
13
1
i = 2025
17547
2200
2217
2209.15
0.111165
2.81886
16.0488
0.548326
113.38
104.825
112.867
0.216609
1
0
0.0202705
14
2
i = 2026
15387
2200
2216
2209.43
0.0919554
3.02825
20.2253
0.532281
152.485
145.645
150.075
0.177707
1
0
0.176874
13
0
i = 2027
17546
2201
2219
2209.47
0.108435
2.91499
16.7284
0.539052
121.965
111.355
121.996
0.20751
1
0
0.0447891
15
2
i = 2028
16763
2203
2216
2209.63
0.0890535
2.70311
19.6937
0.563091
130.225
124.89
130.977
0.181672
1
0
0.231374
10
1
i = 2029
17545
2200
2216
2209.8
0.109248
2.87738
16.6003
0.546168
117.83
108.705
116.924
0.216794
1
0
0.00244593
13
2
i = 2030
15388
2198
2223
2210.07
0.0991689
3.16455
19.055
0.517134
157.3
140.94
151.139
0.181797
1
0
0.319352
22
0
i = 2031
16762
2199
2219
2210.22
0.0992579
3.07433
18.7686
0.524923
147.62
136.14
144.134
0.185002
1
0
0.221215
17
1
i = 2032
17544
2200
2219
2210.35
0.113429
2.79982
15.6709
0.549871
109.88
101.84
109.785
0.221214
1
0
0.00558914
16
2
i = 2033
15389
2200
2219
2210.69
0.0997401
3.06433
18.6522
0.526017
145.065
134.375
142.505
0.186576
1
0
0.150604
16
0
i = 2034
17543
2200
2218
2210.8
0.117741
2.91064
15.4157
0.540523
112.875
101.75
111.299
0.227483
1
0
0.070645
15
2
i = 2035
16761
2201
2224
2210.81
0.101964
3.11405
18.3849
0.521368
148.19
133.39
143.441
0.188519
1
0
0.399204
20
1
i = 2036
17542
2204
2219
2211.21
0.112113
2.71807
15.6335
0.558902
105.09
100.045
105.91
0.223349
1
0
0.0509225
12
2
i = 2037
15390
2200
2219
2211.21
0.086936
2.98906
21.1421
0.53287
159.695
143.2
157.265
0.165032
1
0
0.131551
16
0
i = 2038
16760
2203
2220
2211.3
0.0751097
2.84356
23.8537
0.545831
171.265
155.995
169.546
0.145588
1
0
0.188717
14
1
i = 2039
17541
2202
2222
2211.31
0.067349
2.98522
27.2525
0.532514
206.53
184.01
203.766
0.127194
1
0
0.190364
17
2
i = 2040
15391
2201
2220
2211.52
0.0681937
2.91219
26.5866
0.539277
193.105
176.745
193.491
0.130529
1
0
0.0737458
16
0
i = 2041
16759
2201
2222
2211.67
0.06525
2.87863
27.6211
0.542214
200.48
181.27
199.235
0.125422
1
0
0.0346491
18
1
i = 2042
17540
2200
2222
2212.01
0.0919254
2.8858
19.6303
0.541543
144.9
129.895
141.93
0.176482
1
0
0.09003
19
2
i = 2043
15392
2206
2218
2212.03
0.0810574
2.67394
21.6082
0.568784
141.045
136.555
140.951
0.169756
1
0
0.0619688
9
0
i = 2044
16758
2202
2221
2212.34
0.0859328
2.99675
21.403
0.531644
160.185
145.405
160.251
0.162185
1
0
0.016719
16
1
i = 2045
17539
2202
2222
2212.49
0.109802
2.80075
16.1904
0.54971
113.43
105.13
113.59
0.213989
1
0
0.0118234
17
2
i = 2046
15393
2206
2220
2212.84
0.0870408
2.76139
20.327
0.555768
138.78
129.075
139.095
0.173788
1
0
0.0719229
11
0
i = 2047
16757
2206
2221
2213.02
0.0870847
2.92232
20.9054
0.5403
151.435
140.21
151.618
0.169101
1
0
0.0813446
12
1
i = 2048
17538
2206
2223
2213.16
0.0949021
2.9336
19.206
0.538587
140.035
129.115
140.519
0.182917
1
0
0.146869
14
2
i = 2049
15394
2204
2223
2213.28
0.0850909
2.85451
21.0922
0.544541
150.525
138.945
150.787
0.164302
1
0
0.0143965
16
0
i = 2050
16756
2204
2220
2213.37
0.0860176
3.0302
21.6191
0.531934
161.79
156.52
160.664
0.165929
1
0
0.068997
13
1
i = 2051
17537
2206
2221
2213.45
0.105405
2.84734
17.0289
0.546586
119.525
112.305
120.456
0.206025
1
0
0.0816351
12
2
i = 2052
17536
2204
2222
2213.92
0.106748
2.83681
16.7642
0.546467
119.12
108.635
118.764
0.207142
1
0
0.0312182
15
2
i = 2053
15395
2203
2225
2213.94
0.0914339
3.19044
20.7516
0.515051
169.54
154.23
165.855
0.166963
1
0
0.226354
19
0
i = 2054
16755
2205
2221
2213.97
0.0865552
2.93031
21.0553
0.539197
152.575
139.535
152.628
0.167347
1
0
0.183842
13
1
i = 2055
17535
2206
2221
2214.22
0.101668
2.97514
18.0958
0.536309
132.455
122.925
132.444
0.197027
1
0
0.0350755
12
2
i = 2056
15396
2204
2221
2214.38
0.090823
3.12847
20.8468
0.524267
162.015
154.535
159.386
0.173559
1
0
0.247921
14
0
i = 2057
16754
2205
2222
2214.44
0.0804523
2.96254
22.7506
0.53548
167.095
153.915
167.475
0.153699
1
0
0.0938613
14
1
i = 2058
17534
2206
2221
2214.53
0.093106
2.99785
19.8835
0.535311
145.98
135
145.846
0.181343
1
0
0.0569294
12
2
i = 2059
15397
2207
2221
2214.98
0.087673
3.01407
21.3075
0.536459
156.645
152.175
155.303
0.17404
1
0
0.0792155
11
0
i = 2060
16753
2204
2224
2215.19
0.0840605
3.11178
22.2971
0.521788
174.555
164.19
173.27
0.155774
1
0
0.0800456
17
1
i = 2061
17533
2205
2222
2215.22
0.130632
3.04034
14.2457
0.530573
107.61
103.5
106.48
0.250564
1
0
0.0662946
14
2
i = 2062
15398
2208
2223
2215.74
0.0746919
2.90138
24.2709
0.541866
173.635
160.165
174.433
0.145098
1
0
0.225815
12
0
i = 2063
17531
2208
2224
2215.85
0.107971
2.92659
16.845
0.538672
122.175
112.04
122.783
0.207376
1
0
0.0732747
13
2
i = 2064
15399
2207
2224
2215.93
0.07201
2.90885
25.1691
0.539852
182.545
164.99
182.599
0.138208
1
0
0.0721851
14
0
i = 2065
16752
2205
2229
2215.97
0.074965
3.12525
25.0503
0.520382
204.61
181.245
196.212
0.138295
1
0
0.929452
21
1
i = 2066
17532
2207
2226
2216.06
0.0683025
2.94363
26.6847
0.536291
196.495
179.695
196.662
0.129932
1
0
0.0294207
16
2
i = 2067
16751
2206
2228
2216.09
0.082812
3.05305
22.4134
0.526516
175.775
162.28
171.469
0.154589
1
0
0.287977
19
1
i = 2068
17530
2206
2223
2216.14
0.123579
3.04632
15.0668
0.529842
114.615
109.345
112.96
0.23638
1
0
0.163155
14
2
i = 2069
15400
2206
2227
2216.3
0.0910649
3.0266
20.2936
0.528807
156.035
146.235
153.878
0.170729
1
0
0.100298
18
0
i = 2070
16750
2208
2226
2216.49
0.0966905
3.09761
19.3446
0.52321
151.58
141.27
149.673
0.179933
1
0
0.190327
15
1
i = 2071
17529
2206
2227
2216.51
0.126667
2.94976
14.4032
0.535641
108.335
96.34
106.452
0.24053
1
0
0.068489
18
2
i = 2072
15401
2202
2225
2216.77
0.102612
3.18372
18.4881
0.516391
153.665
137.65
146.452
0.188853
1
0
0.536764
20
0
i = 2073
16749
2208
2227
2216.92
0.100263
2.90167
18.0484
0.540149
131.485
118.39
131.141
0.192097
1
0
0.0810363
16
1
i = 2074
17528
2209
2227
2217.2
0.119421
2.90248
15.1581
0.540293
110.78
100.915
110.068
0.229177
1
0
0.070199
15
2
i = 2075
15402
2208
2225
2217.29
0.098679
2.98605
18.6194
0.533281
138.595
126.07
138.235
0.187639
1
0
0.0502971
14
0
i = 2076
16748
2211
2223
2217.38
0.100563
2.76864
17.8143
0.561198
119.18
115.315
118.964
0.210712
1
0
0.1501
9
1
i = 2077
17527
2207
2227
2217.5
0.113819
2.93854
15.9989
0.536694
119.05
106.81
117.712
0.2166
1
0
0.0454592
17
2
i = 2078
15403
2208
2225
2217.69
0.101379
2.93798
17.986
0.537954
131.355
119.57
131.111
0.194877
1
0
0.0214249
14
0
i = 2079
17526
2207
2227
2218.01
0.128112
2.83786
13.9685
0.546143
101.02
91.31
99.2309
0.248109
1
0
0.0740328
17
2
i = 2080
16747
2209
2229
2218.01
0.103559
3.07187
17.9806
0.525058
142.08
130.76
138.28
0.192974
1
0
0.235645
17
1
i = 2081
15404
2208
2226
2218.14
0.100782
2.99498
18.2544
0.532303
138.03
123.74
136.084
0.191062
1
0
0.123324
15
0
i = 2082
17525
2209
2225
2218.34
0.116544
2.94672
15.711
0.538688
115.46
105.395
113.929
0.226588
1
0
0.0552092
13
2
i = 2083
16746
2204
2224
2218.38
0.0965202
2.84053
18.7943
0.552103
133.545
123.325
129.147
0.196608
1
0
0.121785
17
1
i = 2084
15405
2210
2227
2218.75
0.0905104
2.87426
19.9026
0.542967
143.535
130.26
142.823
0.174584
1
0
0.11973
14
0
i = 2085
17524
2209
2227
2218.87
0.111609
2.88083
16.1585
0.542319
116.26
105.185
116.212
0.214988
1
0
0.0423361
15
2
i = 2086
16745
2208
2226
2218.97
0.0796129
2.92844
22.8825
0.539269
169.35
150.72
165.861
0.153852
1
0
0.383812
15
1
i = 2087
17523
2208
2227
2219.03
0.101002
2.98063
18.1676
0.533429
136.245
122.95
134.93
0.191695
1
0
0.0284876
16
2
i = 2088
15406
2209
2227
2219.24
0.079002
2.86715
22.7784
0.543807
164.775
150.235
162.799
0.152784
1
0
0.187531
15
0
i = 2089
17522
2211
2228
2219.54
0.0700754
2.89508
25.7995
0.541021
186.135
170.84
186.53
0.134691
1
0
0.0365464
14
2
i = 2090
16744
2209
2230
2219.57
0.0715259
3.03278
25.8636
0.528267
201.645
184.89
196.494
0.13396
1
0
0.499464
18
1
i = 2091
17521
2212
2229
2219.72
0.0907155
2.87128
19.8528
0.543491
142.16
130.25
142.447
0.175418
1
0
0.0366331
14
2
i = 2092
15407
2205
2227
2219.75
0.0721532
2.92924
25.2359
0.5388
187
166.905
183.38
0.138957
1
0
0.162663
19
0
i = 2093
16743
2210
2232
2219.86
0.0752082
3.10577
24.8921
0.522055
198.995
180.19
193.691
0.139228
1
0
0.619123
19
1
i = 2094
15408
2213
2227
2220.11
0.0839851
2.87146
21.5102
0.545946
152.115
142.71
152.267
0.165705
1
0
0.148433
11
0
i = 2095
17520
2213
2231
2220.19
0.0980953
2.77166
18.0434
0.553404
125.755
116.495
125.013
0.193429
1
0
0.119704
15
2
i = 2096
16742
2212
2231
2220.27
0.0897726
3.0342
20.6205
0.528594
158.42
148.81
156.486
0.168722
1
0
0.184893
16
1
i = 2097
17519
2214
2229
2220.64
0.112187
2.79547
15.8709
0.552242
110.395
101.885
110.38
0.222422
1
0
0.204603
12
2
i = 2098
16741
2213
2226
2220.73
0.106647
2.89762
17.3849
0.550375
120.59
114.775
119.798
0.221626
1
0
0.203696
10
1
i = 2099
15409
2214
2228
2220.78
0.0980127
2.8055
18.2056
0.551784
126.39
117.075
126.419
0.194786
1
0
0.16905
11
0
i = 2100
17518
2213
2231
2220.86
0.111466
2.84689
16.0853
0.54563
115.03
104.155
114.567
0.216141
1
0
0.0575462
15
2
i = 2101
15410
2212
2230
2221.14
0.0937849
2.87101
19.1933
0.543059
138.265
126.605
137.839
0.18069
1
0
0.123
15
0
i = 2102
17517
2214
2231
2221.26
0.114442
2.96827
16.0199
0.535411
118.86
108.19
118.576
0.219247
1
0
0.0459659
14
2
i = 2103
16740
2215
2226
2221.4
0.100049
2.70193
18.147
0.574484
115.41
115.13
114.455
0.222779
1
0
0.462923
8
1
i = 2104
15411
2213
2230
2221.41
0.0956068
2.94265
19.0663
0.536726
140.96
127.4
140.067
0.182416
1
0
0.0629395
14
0
i = 2105
17516
2213
2230
2221.67
0.138493
3.07965
13.4704
0.525026
103.755
97.935
103.287
0.259108
1
0
0.0236806
14
2
i = 2106
16739
2215
2231
2221.82
0.0994758
2.7788
17.8305
0.553302
124.355
113.88
123.592
0.196865
1
0
0.283969
13
1
i = 2107
16738
2214
2229
2221.93
0.103235
2.69269
16.8989
0.561531
113.365
106.065
113.158
0.206635
1
0
0.132489
12
1
i = 2108
15412
2212
2231
2222.12
0.106691
3.40212
18.3814
0.499612
159.105
142.97
155.564
0.190065
1
0
0.542153
16
0
i = 2109
17515
2212
2231
2222.22
0.132142
2.89956
13.6895
0.540366
99.805
90.895
99.2831
0.253308
1
0
0.0238673
16
2
i = 2110
17514
2213
2231
2222.4
0.104086
2.82624
17.1584
0.547336
121.19
112.14
121.289
0.202108
1
0
0.00649144
15
2
i = 2111
15413
2212
2231
2222.47
0.095979
2.99258
19.1502
0.532055
145.45
128.86
143.132
0.181333
1
0
0.116098
16
0
i = 2112
16737
2216
2229
2222.59
0.087019
2.70702
20.1691
0.562711
134.38
127.29
134.353
0.177431
1
0
0.043655
10
1
i = 2113
15414
2215
2231
2222.75
0.0783315
2.74218
22.4639
0.555963
153.27
142.595
153.87
0.154778
1
0
0.0271042
13
0
i = 2114
17513
2212
2231
2222.83
0.0908224
2.89268
19.8974
0.541194
144.57
130.28
143.709
0.174571
1
0
0.0181426
16
2
i = 2115
16736
2214
2229
2222.9
0.0853065
2.90717
21.4075
0.544148
152.705
140.45
151.773
0.169513
1
0
0.0373658
12
1
i = 2116
15415
2215
2230
2223.06
0.0855673
2.66321
20.2768
0.564632
133.935
127.695
134.259
0.17222
1
0
0.0413222
12
0
i = 2117
16735
2213
2229
2223.28
0.111978
2.92494
16.4611
0.54448
118.7
110.285
116.28
0.225523
1
0
0.165173
13
1
i = 2118
17512
2215
2231
2223.33
0.107602
2.72964
16.3158
0.55724
111.33
104.09
111.11
0.213103
1
0
0.0100407
13
2
i = 2119
15416
2209
2233
2223.67
0.101258
3.15765
18.6439
0.517856
154.295
137.955
147.199
0.186074
1
0
0.478267
21
0
i = 2120
17511
2214
2230
2223.7
0.109545
2.75745
16.1614
0.556597
110.1
102.965
109.765
0.219687
1
0
0.0261104
13
2
i = 2121
16734
2213
2231
2223.87
0.100758
2.92367
18.059
0.539486
132.35
119.605
130.845
0.194512
1
0
0.106454
15
1
i = 2122
17510
2216
2231
2223.98
0.12601
2.9493
14.5184
0.538021
105.66
96.025
105.709
0.243966
1
0
0.0153353
12
2
i = 2123
15417
2216
2231
2224.31
0.107964
3.08429
17.3923
0.527927
132.815
127.275
131.249
0.207601
1
0
0.162047
12
0
i = 2124
16733
2217
2234
2224.39
0.0995644
2.99819
18.504
0.532661
139.845
125.355
138.336
0.189675
1
0
0.192439
14
1
i = 2125
17509
2217
2232
2224.57
0.122649
2.94314
14.89
0.538206
108.465
99.425
108.539
0.23695
1
0
0.0492892
12
2
i = 2126
17508
2217
2234
2224.89
0.103872
2.86334
17.3117
0.544116
123.69
112.26
123.895
0.200926
1
0
0.088811
14
2
i = 2127
15418
2218
2231
2224.94
0.0917077
2.72514
19.2308
0.561521
128.745
121
128.322
0.187405
1
0
0.0377826
10
0
i = 2128
16732
2218
2235
2225.11
0.0950968
3.02559
19.4832
0.530891
148.295
140.59
146.779
0.181337
1
0
0.219131
14
1
i = 2129
17507
2216
2234
2225.34
0.0779709
2.8072
22.8277
0.549168
159.46
148.97
160.317
0.151887
1
0
0.04276
15
2
i = 2130
15419
2217
2232
2225.38
0.0803665
2.93892
22.7602
0.539699
166.19
152.165
164.412
0.156836
1
0
0.0680388
12
0
i = 2131
17506
2219
2237
2225.71
0.118625
2.85894
15.1831
0.546141
109.29
98.68
108.185
0.232697
1
0
0.157266
15
2
i = 2132
16731
2218
2239
2225.74
0.0886921
3.36444
22.0453
0.503791
193.31
168.78
184.604
0.160881
1
0
1.64486
18
1
i = 2133
15420
2217
2234
2226
0.097826
3.28605
19.7288
0.50935
162.17
151.04
160.42
0.178869
1
0
0.280628
14
0
i = 2134
1509
2219
2232
2226.41
0.25806
3.03404
7.34185
0.538409
53.05
52.915
53.0276
0.52649
1
0
0.1127
10
1
i = 2135
2161
2218
2236
2226.49
0.1993
3.13377
9.44052
0.520262
73.965
69.71
73.8661
0.368984
1
0
0.0278535
15
2
i = 2136
17503
2218
2233
2226.92
0.0799665
2.92933
22.9407
0.542365
164.275
151.57
163.673
0.158667
1
0
0.0557932
12
2
i = 2137
16728
2216
2239
2227.25
0.069145
3.1119
27.1007
0.521494
222.145
196.865
211.35
0.127829
1
0
2.39332
20
1
i = 2138
16727
2219
2237
2227.45
0.0879605
2.88598
20.5189
0.541725
150.215
135.665
148.179
0.169133
1
0
0.361381
15
1
i = 2139
15423
2219
2245
2227.5
0.0836327
3.18603
22.6849
0.515969
194.82
168.1
180.751
0.153555
1
0
1.4194
23
0
i = 2140
17504
2217
2244
2227.51
0.0803689
3.84694
25.9352
0.469442
255.965
229.075
249.571
0.134141
1
0
2.08056
24
2
i = 2141
17502
2218
2234
2227.53
0.119306
3.10504
15.827
0.526691
120.87
116.46
119.825
0.229725
1
0
0.0104175
13
2
i = 2142
15424
2218
2235
2227.81
0.0899012
2.90298
20.1624
0.541226
146.505
132.785
145.185
0.17391
1
0
0.173509
14
0
i = 2143
16726
2221
2235
2227.95
0.0980139
2.77716
18.1043
0.554271
124.03
115.89
124.474
0.19527
1
0
0.195094
11
1
i = 2144
17501
2221
2235
2228.01
0.117577
2.96971
15.6497
0.537849
113.87
106.43
114.213
0.230045
1
0
0.0479933
11
2
i = 2145
16729
2217
2243
2228.02
0.0785992
4.24596
27.8732
0.447145
301.55
277.265
295.594
0.125252
1
0
5.88935
23
1
i = 2146
17500
2221
2237
2228.02
0.125696
3.03038
14.76
0.530847
110.2
107.165
111.132
0.240252
1
0
0.0743957
13
2
i = 2147
15421
2217
2239
2228.18
0.0921055
4.53603
24.6627
0.434571
276.28
267.495
275.862
0.144889
1
0
4.96697
19
0
i = 2148
16725
2221
2236
2228.29
0.0954103
3.07042
19.5811
0.527979
148.74
143.225
148.507
0.182076
1
0
0.265886
12
1
i = 2149
15422
2219
2244
2228.33
0.0802026
4.30501
27.6549
0.446423
300.12
274.905
295.073
0.129999
1
0
6.62189
22
0
i = 2150
15425
2219
2235
2228.35
0.0952127
2.76872
18.6041
0.554614
128.155
119.85
127.439
0.189243
1
0
0.0581499
13
0
i = 2151
16730
2218
2240
2228.38
0.108527
5.14656
22.5491
0.41223
279.74
273.475
281.485
0.167932
1
0
5.9671
19
1
i = 2152
17499
2221
2236
2228.47
0.121201
3.0099
15.2478
0.532685
112.9
109.785
113.501
0.232478
1
0
0.0664914
12
2
i = 2153
15426
2218
2235
2228.71
0.0874939
2.99326
21.1753
0.536112
158.75
142.365
154.74
0.171128
1
0
0.340607
14
0
i = 2154
16724
2221
2238
2228.99
0.0760786
2.89297
23.7582
0.541336
173.48
155.15
171.742
0.146423
1
0
0.411664
14
1
i = 2155
17498
2220
2238
2229.15
0.0870382
3.11105
21.5343
0.522
167.42
158.905
167.183
0.161513
1
0
0.0613389
15
2
i = 2156
15427
2218
2235
2229.29
0.072457
2.88895
25.2531
0.547509
180.845
167.675
176.478
0.146413
1
0
0.2016
14
0
i = 2157
16723
2219
2236
2229.31
0.0754954
2.9006
24.0429
0.542498
176.355
158.325
172.009
0.147385
1
0
1.03555
14
1
i = 2158
17497
2221
2238
2229.58
0.0892912
2.98494
20.5629
0.533006
153.045
138.71
153.091
0.169287
1
0
0.00317791
14
2
i = 2159
16722
2220
2238
2229.88
0.0946943
2.82774
18.8673
0.547316
138.08
120.82
133.268
0.184006
1
0
0.818599
15
1
i = 2160
15428
2223
2237
2229.89
0.0821623
2.81112
21.7379
0.551214
149.64
139.725
151.16
0.163096
1
0
0.486613
11
0
i = 2161
17496
2222
2237
2229.94
0.12029
2.84882
14.9317
0.546698
105.1
96.85
105.37
0.235554
1
0
0.0259892
12
2
i = 2162
17495
2222
2240
2230.17
0.12821
2.96606
14.2746
0.534589
105.82
96.695
105.869
0.243629
1
0
0.0274486
15
2
i = 2163
15429
2220
2238
2230.18
0.103583
2.79809
17.1593
0.550304
119.6
112.305
119.833
0.202498
1
0
0.21898
15
0
i = 2164
17505
2217
2244
2230.24
0.0921856
5.04557
25.9155
0.410497
319.93
312.035
325.327
0.135205
1
0
1.57151
24
2
i = 2165
16721
2221
2240
2230.3
0.102198
3.12986
18.3916
0.520213
148.4
135.07
143.941
0.188732
1
0
0.729241
16
1
i = 2166
17494
2222
2240
2230.57
0.123343
2.86757
14.5855
0.543417
106.97
95.56
104.67
0.237843
1
0
0.16406
15
2
i = 2167
15430
2224
2238
2230.63
0.0964717
2.63462
17.8994
0.568268
116.895
111.17
117.311
0.196102
1
0
0.167523
11
0
i = 2168
17493
2223
2238
2230.86
0.104904
2.70129
16.6559
0.560612
112.02
104.81
111.92
0.209598
1
0
0.0692884
12
2
i = 2169
16720
2223
2239
2230.86
0.0988228
3.00989
18.6722
0.531519
140.365
133.325
139.746
0.187711
1
0
0.125624
13
1
i = 2170
15431
2224
2237
2230.91
0.0892306
2.80255
20.076
0.554665
137.52
128.85
137.305
0.181201
1
0
0.234712
10
0
i = 2171
16719
2221
2239
2231.3
0.0987956
3.04262
18.777
0.528433
144.195
136.125
141.934
0.186318
1
0
0.186565
15
1
i = 2172
15432
2223
2238
2231.51
0.0969557
3.08981
19.4214
0.528127
147.235
143.295
146.296
0.187349
1
0
0.246313
12
0
i = 2173
17492
2222
2242
2231.52
0.123479
3.10819
15.1678
0.521909
120.04
111.23
118.028
0.228609
1
0
0.108896
17
2
i = 2174
15433
2222
2239
2231.92
0.0838928
3.03953
22.143
0.529842
167.36
160.405
166.146
0.159837
1
0
0.299765
14
0
i = 2175
17490
2224
2240
2231.97
0.0709422
2.96702
25.818
0.535133
190.585
171.16
190.584
0.135485
1
0
0.0268576
13
2
i = 2176
16718
2222
2245
2232.01
0.0947947
3.031
19.5094
0.528428
153.605
140.545
148.185
0.1776
1
0
0.504381
20
1
i = 2177
17491
2223
2238
2232.03
0.138176
2.95432
13.3644
0.540872
97.165
90.03
95.7905
0.274844
1
0
0.0359855
12
2
i = 2178
15434
2223
2242
2232.18
0.0749067
2.9428
24.3284
0.536353
179.71
163.725
179.242
0.142501
1
0
0.0883616
16
0
i = 2179
16717
2226
2239
2232.21
0.075487
2.78145
23.6149
0.556259
160.7
153.21
161.496
0.15324
1
0
0.419894
10
1
i = 2180
17489
2222
2239
2232.46
0.111027
3.02985
16.7609
0.532222
125.19
121.49
124.388
0.214663
1
0
0.0837015
14
2
i = 2181
16716
2224
2239
2232.47
0.0798037
2.90518
22.7893
0.542793
162.695
151.725
162.722
0.156602
1
0
0.0992679
12
1
i = 2182
15435
2225
2242
2232.84
0.0777871
2.95846
23.5047
0.535562
175.165
156.155
173.618
0.148354
1
0
0.252392
14
0
i = 2183
17488
2224
2240
2232.9
0.106964
2.74475
16.4675
0.556161
112.595
104.62
112.384
0.212032
1
0
0.078668
13
2
i = 2184
16715
2224
2240
2233.12
0.0722095
2.89919
25.1101
0.54221
180.435
167.45
179.947
0.140509
1
0
0.0333093
13
1
i = 2185
17487
2224
2241
2233.32
0.0646225
2.95116
28.2627
0.536345
208.575
189.82
207.467
0.123524
1
0
0.044973
14
2
i = 2186
15436
2225
2241
2233.36
0.0705609
3.00746
26.1451
0.531839
196.06
187.74
195.105
0.134202
1
0
0.138167
13
0
i = 2187
16714
2226
2240
2233.51
0.073838
2.87474
24.5095
0.546149
173.035
162.005
172.973
0.146231
1
0
0.0690703
11
1
i = 2188
17486
2224
2241
2233.66
0.106134
2.97252
17.2833
0.534917
128.62
116.175
127.404
0.202994
1
0
0.0642829
14
2
i = 2189
15437
2226
2240
2233.71
0.0844994
2.95354
21.7739
0.540179
157.375
145.6
156.853
0.166996
1
0
0.0626472
11
0
i = 2190
17485
2225
2241
2233.77
0.113589
2.96176
16.1251
0.536167
118.4
107.84
118.267
0.218148
1
0
0.00939039
13
2
i = 2191
16713
2222
2243
2233.89
0.0920593
3.05972
20.1859
0.526061
156.975
144.975
154.448
0.171832
1
0
0.0894992
18
1
i = 2192
16712
2224
2242
2234.06
0.1018
3.12201
18.4583
0.521653
144.21
136.445
143.194
0.189497
1
0
0.01851
15
1
i = 2193
15438
2227
2239
2234.11
0.0955738
2.69064
18.689
0.571208
120.915
118.43
119.434
0.206197
1
0
0.0287846
9
0
i = 2194
17484
2227
2244
2234.2
0.125528
2.89078
14.4084
0.542312
104.155
95.94
103.952
0.24323
1
0
0.0503263
14
2
i = 2195
15439
2222
2243
2234.39
0.0976325
2.97399
18.7663
0.533658
144.305
125.805
139.467
0.184946
1
0
0.442817
18
0
i = 2196
17483
2227
2245
2234.47
0.125896
2.98428
14.5956
0.533687
109.14
99.01
108.743
0.239968
1
0
0.0652551
15
2
i = 2197
16711
2227
2241
2234.62
0.10853
2.85849
16.633
0.547781
116.635
109.475
116.623
0.215696
1
0
0.0516327
11
1
i = 2198
17482
2224
2243
2234.78
0.116274
2.96753
15.7432
0.53441
118.395
105.09
116.574
0.22081
1
0
0.0768621
16
2
i = 2199
15440
2224
2244
2234.93
0.104505
3.23181
18.2786
0.512056
152.36
135.725
147.47
0.190109
1
0
0.6028
17
0
i = 2200
16710
2227
2242
2235.13
0.0985847
2.72954
17.8255
0.558097
120.115
114.51
120.717
0.19657
1
0
0.114575
12
1
i = 2201
17481
2228
2243
2235.41
0.135769
3.01182
13.6167
0.532541
101.775
97.51
101.445
0.260396
1
0
0.137388
12
2
i = 2202
15441
2228
2244
2235.57
0.0948261
2.88953
19.059
0.542113
138.52
124.715
137.297
0.183292
1
0
0.434326
13
0
i = 2203
16709
2228
2244
2235.61
0.0938295
2.96119
19.5049
0.53578
144.785
130.195
143.811
0.179553
1
0
0.156532
13
1
i = 2204
17480
2227
2243
2235.67
0.112767
3.06117
16.5223
0.527793
125.375
120.015
125.024
0.213753
1
0
0.00570567
13
2
i = 2205
15442
2227
2243
2235.8
0.0888232
2.84688
20.2031
0.54637
142.925
131.275
142.797
0.173273
1
0
0.0379154
13
0
i = 2206
16708
2228
2248
2236.11
0.0935817
2.9475
19.4952
0.536249
146.875
130.81
143.79
0.178357
1
0
0.306338
17
1
i = 2207
17479
2226
2244
2236.14
0.115654
3.04286
16.0364
0.528228
122.04
116.325
121.364
0.217764
1
0
0.0166522
15
2
i = 2208
16707
2228
2245
2236.34
0.100287
2.78431
17.6769
0.551523
123.355
114.565
123.086
0.196316
1
0
0.156297
14
1
i = 2209
17478
2225
2246
2236.38
0.126595
3.05013
14.655
0.526803
114.825
105.77
111.89
0.236501
1
0
0.126701
18
2
i = 2210
15443
2227
2244
2236.4
0.096617
2.9143
18.7845
0.539691
137.84
125.095
136.19
0.185791
1
0
0.129329
14
0
i = 2211
15444
2230
2243
2236.65
0.102368
2.78103
17.4041
0.556126
118.1
112.485
118.649
0.207525
1
0
0.215835
10
0
i = 2212
16706
2230
2245
2236.73
0.111589
2.80802
15.9886
0.550908
112.44
102.97
111.691
0.220562
1
0
0.147746
12
1
i = 2213
17477
2228
2247
2236.74
0.115221
2.78405
15.3835
0.551405
108.215
98.635
107.287
0.225308
1
0
0.0298853
16
2
i = 2214
15445
2229
2246
2237.01
0.105686
3.14479
17.8473
0.519965
139.295
133.23
139.753
0.196352
1
0
0.14007
14
0
i = 2215
16705
2230
2242
2237.17
0.110319
2.66667
16.1284
0.573777
103.27
101.455
102.084
0.239089
1
0
0.061137
9
1
i = 2216
17476
2228
2247
2237.2
0.126088
2.97577
14.5339
0.53339
109.985
97.81
108.262
0.238567
1
0
0.0676535
16
2
i = 2217
17475
2226
2244
2237.27
0.117075
2.91054
15.5297
0.541537
114.015
103.365
111.511
0.228106
1
0
0.112475
15
2
i = 2218
15446
2229
2246
2237.41
0.103454
3.02326
17.8632
0.529718
135.245
128.93
134.678
0.195054
1
0
0.126767
14
0
i = 2219
16704
2227
2244
2237.48
0.10295
2.8968
17.6358
0.54332
127.535
117.36
125.705
0.201899
1
0
0.149439
14
1
i = 2220
17474
2229
2246
2237.67
0.122379
2.8948
14.7725
0.54106
107.25
97.32
106.763
0.235257
1
0
0.020719
14
2
i = 2221
15447
2227
2246
2237.75
0.104002
3.17028
18.2011
0.517442
147.94
134.295
143.594
0.191746
1
0
0.354722
16
0
i = 2222
16703
2228
2251
2238.15
0.0976286
3.10464
19.1719
0.522129
154.93
140.54
149.152
0.180735
1
0
0.371626
20
1
i = 2223
17473
2227
2245
2238.19
0.11216
2.90437
16.1854
0.541855
119.06
107.625
116.127
0.218291
1
0
0.112474
15
2
i = 2224
15448
2223
2246
2238.36
0.0954407
3.19337
19.9347
0.516473
168.97
148.74
157.595
0.176712
1
0
0.85297
20
0
i = 2225
17472
2227
2247
2238.46
0.100823
2.93438
18.0507
0.537233
135.46
119.865
132.375
0.192252
1
0
0.180673
17
2
i = 2226
15449
2228
2245
2238.57
0.0977381
2.94915
18.7734
0.539203
139.225
125.71
135.752
0.191133
1
0
0.406644
14
0
i = 2227
16702
2230
2249
2238.58
0.0883045
3.05587
21.0348
0.526582
160.76
152.425
160.807
0.165187
1
0
0.0963952
16
1
i = 2228
16701
2229
2245
2238.72
0.0956385
2.99731
19.3899
0.535871
144.17
130.43
141.793
0.187119
1
0
0.0726112
13
1
i = 2229
17471
2230
2249
2238.74
0.123755
2.93894
14.7167
0.536769
110.28
97.43
108.284
0.235705
1
0
0.126565
16
2
i = 2230
17470
2231
2250
2239.04
0.122917
2.9203
14.7739
0.538741
108.345
98.895
107.951
0.235357
1
0
0.0146086
16
2
i = 2231
15450
2232
2248
2239.32
0.099643
2.81995
17.918
0.548724
125.695
117.075
126.094
0.194911
1
0
0.0636546
13
0
i = 2232
16700
2232
2247
2239.44
0.0906615
2.78549
19.5748
0.552305
135.81
126.08
135.651
0.178711
1
0
0.115388
12
1
i = 2233
17469
2230
2247
2239.58
0.11694
3.03207
15.8457
0.529777
120.475
113.895
119.065
0.221716
1
0
0.0486625
14
2
i = 2234
15451
2231
2248
2239.69
0.0767326
2.96829
23.8611
0.534476
175.72
160.305
176.642
0.145858
1
0
0.0555764
14
0
i = 2235
16699
2231
2247
2239.79
0.0734261
2.89078
24.6329
0.542375
177.29
161.59
176.634
0.142344
1
0
0.00620171
13
1
i = 2236
17468
2231
2248
2239.86
0.0723493
2.96861
25.3098
0.534501
187.23
168.675
187.274
0.13758
1
0
0.0371453
14
2
i = 2237
15452
2231
2247
2239.99
0.072395
3.01085
25.5402
0.532468
191.505
181.945
189.727
0.138707
1
0
0.181187
13
0
i = 2238
16698
2229
2247
2240.17
0.0740935
2.96172
24.756
0.536895
182.605
167.425
180.852
0.143178
1
0
0.100556
15
1
i = 2239
17467
2229
2249
2240.34
0.0961761
3.02102
19.2011
0.529522
146.575
138.575
144.91
0.180815
1
0
0.178257
17
2
i = 2240
15453
2232
2251
2240.4
0.0805319
2.91229
22.5143
0.539296
163.83
150.205
164.139
0.154178
1
0
0.125427
16
0
i = 2241
17466
2230
2251
2240.66
0.0969028
2.87193
18.5772
0.542845
135.515
121.79
133.69
0.18648
1
0
0.0496604
18
2
i = 2242
16697
2233
2249
2240.73
0.0863352
2.92247
21.0526
0.53908
152.38
140.075
153.281
0.165977
1
0
0.0848894
13
1
i = 2243
15454
2231
2249
2240.75
0.0872734
2.98591
21.0401
0.532802
157.535
140.86
156.715
0.165278
1
0
0.0736804
15
0
i = 2244
17465
2233
2249
2241.09
0.101206
2.66601
17.1409
0.563681
113.405
108.09
114.182
0.202548
1
0
0.0361981
13
2
i = 2245
16696
2234
2254
2241.12
0.0920127
2.82289
19.4201
0.548629
137.15
127.5
136.957
0.180177
1
0
0.0954514
17
1
i = 2246
15455
2234
2248
2241.39
0.0899636
2.87243
20.0972
0.546136
141.31
133.455
141.937
0.17789
1
0
0.220012
11
0
i = 2247
17464
2230
2251
2241.41
0.103488
2.88709
17.4411
0.541436
129.015
115.095
126.118
0.198656
1
0
0.0801092
18
2
i = 2248
16695
2232
2249
2241.47
0.0851939
2.955
21.4571
0.536165
157.85
144.335
157.547
0.162968
1
0
0.0212192
14
1
i = 2249
17463
2230
2251
2241.65
0.109431
3.02666
16.8886
0.528863
130.515
121.165
127.913
0.205263
1
0
0.100587
18
2
i = 2250
15456
2235
2250
2241.99
0.0914344
2.93765
19.9678
0.539037
144.89
132.57
145.52
0.177303
1
0
0.248609
12
0
i = 2251
17462
2230
2252
2242.04
0.109819
2.84579
16.3176
0.545334
119.18
106.795
116.35
0.212307
1
0
0.0895551
19
2
i = 2252
16694
2232
2252
2242.09
0.0847242
3.1199
22.147
0.520908
176.245
162.86
172.929
0.156535
1
0
0.331304
17
1
i = 2253
15457
2229
2249
2242.29
0.0948884
3.03001
19.584
0.531586
149.48
141.665
145.814
0.182487
1
0
0.284642
17
0
i = 2254
16693
2233
2252
2242.5
0.0919423
3.03166
20.1182
0.528473
156.02
144.435
152.594
0.172381
1
0
0.41279
16
1
i = 2255
15458
2231
2250
2242.6
0.0952301
2.90175
19.0214
0.541011
138.87
125.415
137.187
0.183756
1
0
0.0518108
16
0
i = 2256
17461
2234
2252
2242.6
0.0992633
2.84686
18.0578
0.545367
129.39
118.005
128.668
0.192069
1
0
0.0234029
15
2
i = 2257
17460
2232
2251
2242.83
0.120601
2.77266
14.6683
0.552642
102.415
93.795
101.669
0.236507
1
0
0.0413307
16
2
i = 2258
16692
2234
2250
2242.88
0.0973344
2.86119
18.4874
0.545174
132.8
119.935
131.196
0.18967
1
0
0.167327
13
1
i = 2259
15459
2236
2251
2243.03
0.0993774
2.90136
18.2496
0.542097
132.32
121.17
131.477
0.193425
1
0
0.396715
12
0
i = 2260
16691
2234
2251
2243.18
0.0967493
2.95829
18.8979
0.535597
140.425
127.135
139.157
0.184553
1
0
0.11753
14
1
i = 2261
15460
2235
2251
2243.19
0.101103
2.85413
17.7609
0.545228
125.87
117.35
126.286
0.196253
1
0
0.0494466
13
0
i = 2262
17459
2236
2250
2243.3
0.1235
2.85979
14.6009
0.547102
102.655
96.435
102.808
0.244258
1
0
0.0657701
11
2
i = 2263
17458
2235
2251
2243.6
0.118961
3.0813
15.7132
0.526086
119.175
114.7
119.692
0.22479
1
0
0.0925589
13
2
i = 2264
16690
2236
2253
2243.65
0.101507
2.98815
18.109
0.533169
134.27
122.205
135.025
0.193069
1
0
0.219188
14
1
i = 2265
15461
2233
2251
2243.86
0.103447
2.90787
17.5397
0.540862
127.66
115.325
126.454
0.200098
1
0
0.0512665
15
0
i = 2266
17457
2236
2252
2244.09
0.129892
2.96385
14.0932
0.535413
103.525
95.425
103.886
0.248185
1
0
0.0798317
13
2
i = 2267
16689
2237
2250
2244.17
0.0999308
2.8423
18.1166
0.552071
124.605
120.065
124.807
0.203664
1
0
0.318824
10
1
i = 2268
17456
2238
2252
2244.36
0.123148
2.94722
14.9137
0.54049
107.94
100.145
108.289
0.24309
1
0
0.137011
11
2
i = 2269
15462
2234
2251
2244.38
0.0952053
2.84734
18.8851
0.54742
134.41
123.965
132.7
0.187396
1
0
0.0566901
14
0
i = 2270
17455
2238
2255
2244.59
0.0913837
2.90104
19.8755
0.542748
145.935
130.7
143.475
0.178824
1
0
0.507944
14
2
i = 2271
15463
2230
2251
2244.64
0.0875858
2.74168
20.1445
0.557896
143.715
128.22
136.247
0.175727
1
0
0.456528
18
0
i = 2272
16688
2236
2252
2244.67
0.086448
2.93911
21.0981
0.537972
153.755
140.36
153.779
0.166306
1
0
0.144942
13
1
i = 2273
17454
2234
2255
2244.89
0.106693
2.82895
16.7458
0.546953
122.475
107.365
118.706
0.206873
1
0
0.236874
18
2
i = 2274
16687
2235
2254
2244.99
0.0857467
3.03285
21.577
0.528417
165.89
153.145
163.595
0.160796
1
0
0.185464
16
1
i = 2275
17453
2234
2253
2245.1
0.101892
2.8848
17.7143
0.542072
128.325
117.765
127.454
0.196338
1
0
0.0996068
16
2
i = 2276
15464
2233
2255
2245.1
0.0920404
3.08385
20.2678
0.523899
163.46
146.885
156.495
0.170981
1
0
0.598507
19
0
i = 2277
17451
2237
2256
2245.23
0.0607405
3.00293
30.3178
0.531303
229.27
217.345
227.744
0.114718
1
0
0.468848
16
2
i = 2278
16685
2234
2254
2245.29
0.0660559
3.23169
28.924
0.512253
236.385
218.47
233.018
0.120363
1
0
0.347454
17
1
i = 2279
16686
2235
2254
2245.3
0.0782718
3.19237
24.2596
0.51537
197.415
180.92
193.096
0.143462
1
0
0.414559
16
1
i = 2280
15465
2239
2254
2245.55
0.0822263
2.85987
21.9279
0.546664
157.11
143.235
155.742
0.162078
1
0
0.475981
12
0
i = 2281
15466
2238
2253
2245.55
0.0708218
2.88076
25.4984
0.543597
182.265
168.365
182.258
0.137838
1
0
0.0796524
12
0
i = 2282
17452
2234
2253
2245.58
0.100699
2.94439
18.1231
0.537199
132.32
121.27
132.541
0.19309
1
0
0.0488258
16
2
i = 2283
16684
2236
2254
2245.81
0.0809282
3.08051
23.0527
0.524799
178.605
166.585
176.855
0.151197
1
0
0.236176
15
1
i = 2284
15467
2237
2253
2245.84
0.0803714
3.00399
22.9645
0.532736
171.665
163.725
170.52
0.15372
1
0
0.115158
13
0
i = 2285
17450
2238
2254
2245.97
0.123552
3.0109
14.937
0.531414
112.105
105.385
111.791
0.234613
1
0
0.162292
13
2
i = 2286
17449
2237
2254
2246.35
0.115367
3.15478
16.388
0.519588
128.8
122.1
128.007
0.214832
1
0
0.0284025
14
2
i = 2287
16683
2240
2253
2246.51
0.0934489
2.81657
19.199
0.553034
131.97
124.77
132.51
0.1889
1
0
0.443361
10
1
i = 2288
15468
2238
2253
2246.51
0.0908303
3.00441
20.4037
0.534733
151.085
146.55
149.993
0.176725
1
0
0.0772081
12
0
i = 2289
17448
2239
2256
2246.69
0.104731
2.99257
17.5637
0.532751
131.065
118.18
131.152
0.199015
1
0
0.0286714
14
2
i = 2290
16682
2239
2253
2246.76
0.0919352
2.86971
19.6972
0.547208
139.385
128.57
138.28
0.183116
1
0
0.134159
11
1
i = 2291
15469
2234
2255
2246.92
0.0961215
3.20781
19.8178
0.514685
161.76
147.465
157.944
0.176605
1
0
0.21535
18
0
i = 2292
17447
2239
2255
2246.97
0.132296
2.902
13.6882
0.540842
98.825
89.425
98.9511
0.254946
1
0
0.0564285
13
2
i = 2293
15470
2237
2253
2247.03
0.0951181
2.89178
19.1689
0.545916
137.02
127.075
134.961
0.190026
1
0
0.0943873
13
0
i = 2294
16681
2239
2254
2247.07
0.0926361
2.76158
19.0827
0.554931
129.74
123.8
130.71
0.183752
1
0
0.156561
12
1
i = 2295
17446
2238
2255
2247.13
0.102354
2.94979
17.8359
0.536303
130.99
120.175
131.017
0.195421
1
0
0.0126836
14
2
i = 2296
16680
2240
2254
2247.23
0.0921604
2.80813
19.3717
0.551559
133.775
126.945
134.279
0.183119
1
0
0.131285
11
1
i = 2297
15471
2237
2255
2247.44
0.0931058
3.12654
20.2146
0.521835
159.695
149.38
156.541
0.174026
1
0
0.330871
15
0
i = 2298
16679
2240
2256
2247.56
0.100666
2.90481
18.0023
0.540756
130.215
119.48
130.338
0.19418
1
0
0.0455895
13
1
i = 2299
17445
2238
2255
2247.59
0.111668
2.83997
16.0436
0.546677
113.615
105
113.362
0.217474
1
0
0.0230874
14
2
i = 2300
17444
2240
2255
2247.71
0.118404
2.82954
15.1114
0.54826
105.445
98.875
106.138
0.23208
1
0
0.100057
12
2
i = 2301
17443
2241
2254
2247.85
0.11206
2.80094
15.9753
0.554685
108.975
103.315
109.3
0.227365
1
0
0.179077
10
2
i = 2302
15472
2238
2255
2247.91
0.101951
2.93294
17.8798
0.538774
132.145
118.08
129.85
0.196734
1
0
0.385511
14
0
i = 2303
16678
2238
2257
2248.16
0.103654
3.13031
18.1366
0.520281
142.655
134.205
141.736
0.191577
1
0
0.10556
16
1
i = 2304
17442
2241
2255
2248.26
0.118848
2.85749
15.1641
0.547254
106.655
100.34
106.74
0.235019
1
0
0.0406957
11
2
i = 2305
15473
2239
2254
2248.29
0.0959168
2.64929
18.1406
0.569155
119.525
113.34
117.57
0.198302
1
0
0.162714
12
0
i = 2306
16677
2238
2261
2248.33
0.104905
3.173
18.0374
0.516477
149.695
133.725
143.409
0.192107
1
0
0.47586
20
1
i = 2307
17441
2241
2256
2248.38
0.11869
2.80471
15.0056
0.550515
104.485
97.68
104.681
0.233356
1
0
0.0216781
12
2
i = 2308
16676
2238
2258
2248.44
0.11948
3.31575
16.1929
0.505482
139.06
123.405
134.112
0.214486
1
0
0.720956
17
1
i = 2309
15474
2239
2262
2248.59
0.100351
2.99792
18.3285
0.531355
145.635
123.095
137.682
0.189074
1
0
0.537342
20
0
i = 2310
15475
2242
2262
2248.7
0.133126
2.84548
13.4961
0.547383
96.49
88.39
95.7302
0.261654
1
0
0.135762
17
0
i = 2311
17440
2238
2259
2248.84
0.130855
2.99945
14.0592
0.531194
108.07
93.64
105.632
0.246434
1
0
0.102238
18
2
i = 2312
16675
2242
2257
2248.9
0.203921
2.63212
8.45781
0.567873
56.035
51.69
55.5695
0.412576
1
0
0.0333338
12
1
i = 2313
12799
2241
2261
2250.74
0.116577
2.90845
15.5401
0.539447
114.16
102.695
113.228
0.222963
1
0
0.031966
17
2
i = 2314
10756
2241
2257
2250.82
0.13795
2.98837
13.4357
0.537021
100.635
89.885
97.7879
0.271101
1
0
0.318531
13
0
i = 2315
11155
2243
2256
2250.86
0.169983
2.88205
10.913
0.55242
75.505
72.44
74.5375
0.35575
1
0
0.301472
10
1
i = 2316
10757
2243
2259
2250.99
0.0989439
2.94693
18.4468
0.536871
136.175
121.86
135.292
0.189475
1
0
0.162553
13
0
i = 2317
12798
2243
2259
2251.08
0.131517
2.86901
13.6893
0.543836
97.42
90.89
97.8568
0.254676
1
0
0.0196891
13
2
i = 2318
11154
2245
2256
2251.24
0.119417
2.72991
15.211
0.571303
98.555
97.14
97.348
0.264205
1
0
0.234211
8
1
i = 2319
12797
2243
2261
2251.38
0.104485
2.99136
17.5892
0.532265
132.15
119.32
131.555
0.197608
1
0
0.0541475
15
2
i = 2320
10758
2243
2261
2251.63
0.0726379
3.07242
25.6423
0.525247
198.82
185.74
196.833
0.135608
1
0
0.341044
15
0
i = 2321
11153
2243
2258
2251.64
0.0665613
2.81911
26.9081
0.550812
187.24
175.205
186.556
0.132377
1
0
0.119152
12
1
i = 2322
12796
2243
2262
2251.75
0.058781
2.89055
30.7268
0.541207
224.315
201.665
222.41
0.112855
1
0
0.164846
16
2
i = 2323
10759
2242
2260
2251.83
0.0651732
2.89865
27.7571
0.540657
201.825
182.245
200.854
0.125161
1
0
0.0325124
15
0
i = 2324
12795
2244
2259
2251.84
0.0878363
2.72485
19.9807
0.558267
135.16
125.825
135.377
0.174852
1
0
0.0346787
12
2
i = 2325
11152
2244
2259
2251.89
0.05961
2.75932
29.6344
0.554959
202.77
188.085
203.101
0.1181
1
0
0.0551695
12
1
i = 2326
10760
2243
2259
2252.18
0.0823295
2.95411
22.2501
0.537622
164.03
149.75
162.084
0.15934
1
0
0.128328
13
0
i = 2327
12794
2243
2259
2252.19
0.11224
2.76343
15.758
0.554797
108.07
101.59
107.943
0.22267
1
0
0.0207738
13
2
i = 2328
11151
2244
2260
2252.28
0.0836864
2.84183
21.4109
0.546401
151.75
140.505
151.558
0.16279
1
0
0.0858928
13
1
i = 2329
12793
2242
2260
2252.54
0.109374
2.96531
16.7453
0.535323
123.215
112.585
123.317
0.20902
1
0
0.0424051
15
2
i = 2330
10761
2243
2262
2252.54
0.0972805
3.1743
19.4587
0.5166
159.41
144.665
154.358
0.17845
1
0
1.0548
16
0
i = 2331
11150
2245
2262
2252.63
0.0968181
3.16695
19.5686
0.51869
154.515
145.57
154.188
0.180102
1
0
0.126616
14
1
i = 2332
11149
2245
2262
2252.84
0.0867077
3.07286
21.5005
0.525878
164.735
156.885
164.693
0.16278
1
0
0.276276
14
1
i = 2333
12792
2245
2260
2252.87
0.113677
2.93953
16.0609
0.538708
116.425
106.405
116.701
0.22007
1
0
0.0407939
12
2
i = 2334
10762
2243
2266
2252.94
0.0930895
2.96963
19.6645
0.533855
154.545
129.915
146.346
0.17619
1
0
0.654272
20
0
i = 2335
12791
2245
2260
2253.2
0.10254
2.9049
17.7107
0.542159
126.72
118.445
126.906
0.200118
1
0
0.0426087
12
2
i = 2336
10763
2246
2263
2253.29
0.0882833
2.86955
20.4053
0.544094
147.075
134.39
146.213
0.171383
1
0
0.098642
14
0
i = 2337
11148
2245
2267
2253.47
0.0856165
3.11412
21.9046
0.521774
177.585
160.385
170.657
0.158844
1
0
0.774284
19
1
i = 2338
12790
2246
2262
2253.65
0.107375
2.81258
16.6004
0.549177
115.715
107.875
116.531
0.209857
1
0
0.0404174
13
2
i = 2339
10764
2246
2261
2254.01
0.0933483
2.9961
19.7661
0.534206
145.455
135.29
145.931
0.179923
1
0
0.246269
12
0
i = 2340
12789
2246
2266
2254.1
0.0935166
2.76183
18.8798
0.553736
130.02
122.005
130.587
0.183769
1
0
0.0452714
17
2
i = 2341
11147
2247
2266
2254.31
0.0835134
3.17963
22.7596
0.518216
184.24
169.515
180.127
0.155814
1
0
0.904434
16
1
i = 2342
12787
2246
2263
2254.94
0.109845
3.16572
17.2295
0.518292
135.91
126.605
135.404
0.203488
1
0
0.111024
14
2
i = 2343
10765
2243
2265
2255.03
0.0769194
3.47126
25.7351
0.493996
228.86
204.785
223.197
0.134916
1
0
0.999574
19
0
i = 2344
12786
2244
2264
2255.17
0.112058
2.94287
16.2634
0.536386
123.195
108.525
119.698
0.213244
1
0
0.158257
17
2
i = 2345
10768
2244
2263
2255.18
0.0746471
2.86361
24.091
0.544087
174.05
159.21
172.041
0.144386
1
0
0.118531
16
0
i = 2346
11146
2247
2265
2255.19
0.0681343
3.29079
28.3266
0.50843
231.66
218.215
232.194
0.123892
1
0
0.346248
15
1
i = 2347
12785
2247
2262
2255.19
0.0940755
2.86608
19.1659
0.545525
135.985
126.88
135.682
0.18439
1
0
0.0338714
12
2
i = 2348
12784
2247
2262
2255.23
0.0704011
2.91537
25.8487
0.54132
185.74
173.27
185.759
0.137302
1
0
0.0733266
12
2
i = 2349
11145
2246
2262
2255.23
0.0739353
3.11332
25.5059
0.525021
195.635
188.645
194.575
0.140988
1
0
0.102392
13
1
i = 2350
11144
2248
2262
2255.24
0.0812207
2.87375
22.2566
0.54584
157.73
147.27
157.49
0.160337
1
0
0.109185
11
1
i = 2351
10767
2244
2269
2255.3
0.0851545
3.28094
22.5955
0.507888
196.77
171.02
185.794
0.153324
1
0
0.838689
22
0
i = 2352
11143
2247
2262
2255.33
0.0717153
2.9102
25.363
0.541992
182.4
169.36
181.742
0.140216
1
0
0.0535822
12
1
i = 2353
10766
2243
2263
2255.39
0.0744075
3.55883
27.1216
0.491279
245.245
228.72
236.48
0.13299
1
0
1.1411
17
0
i = 2354
10769
2247
2264
2255.61
0.0751803
3.02406
24.5846
0.529651
184.205
177.175
185.31
0.141732
1
0
0.0951904
14
0
i = 2355
11142
2246
2267
2255.78
0.0814293
2.94375
22.3822
0.536199
167.07
149.075
165.098
0.154801
1
0
0.106195
18
1
i = 2356
12788
2243
2265
2255.97
0.0590429
3.40909
33.2406
0.498852
282.78
257.69
282.334
0.104847
1
0
0.219657
19
2
i = 2357
12783
2249
2263
2256.02
0.104781
2.89779
17.3258
0.543699
123.32
115.93
123.727
0.206201
1
0
0.0831795
11
2
i = 2358
10770
2249
2264
2256.37
0.097119
3.03791
19.1244
0.530475
143.38
138.895
143.619
0.185818
1
0
0.0588699
12
0
i = 2359
11141
2247
2265
2256.56
0.0911296
2.87383
19.7635
0.542859
142.495
130.185
141.947
0.175583
1
0
0.0188176
15
1
i = 2360
12782
2247
2265
2256.57
0.116408
2.84714
15.3995
0.545374
110.59
100.62
109.599
0.225293
1
0
0.0219354
15
2
i = 2361
12781
2249
2265
2256.92
0.0974264
2.91932
18.6441
0.539302
135.59
123.085
135.556
0.187294
1
0
0.0346576
13
2
i = 2362
10771
2249
2264
2256.92
0.0867379
2.91818
20.9703
0.540581
152.11
137.85
151.303
0.168403
1
0
0.046286
12
0
i = 2363
11140
2249
2265
2256.95
0.0811446
2.87613
22.2152
0.543183
159.515
144.715
159.239
0.156963
1
0
0.0797654
13
1
i = 2364
10772
2248
2270
2257.21
0.0800496
2.82084
22.2877
0.547765
159.64
145.8
157.548
0.155468
1
0
0.173414
19
0
i = 2365
12780
2247
2263
2257.26
0.0946609
2.85059
19.1658
0.550603
134.995
126.055
132.506
0.191658
1
0
0.110115
13
2
i = 2366
11139
2248
2266
2257.34
0.0800716
2.94906
22.7858
0.535924
169.755
152.51
167.913
0.152337
1
0
0.138454
15
1
i = 2367
10773
2249
2266
2257.81
0.0784525
3.05396
23.6795
0.527197
180.72
171.145
180.032
0.147354
1
0
0.102135
14
0
i = 2368
12779
2251
2267
2257.86
0.104412
2.87018
17.2755
0.544829
123.575
112.505
123.515
0.204002
1
0
0.0331827
13
2
i = 2369
11138
2249
2265
2258.05
0.0706139
2.90871
25.7153
0.541231
185.445
171.875
184.986
0.137074
1
0
0.020317
13
1
i = 2370
12777
2250
2266
2258.31
0.0763931
2.87288
23.5858
0.543554
167.93
156.525
168.661
0.147934
1
0
0.0772641
13
2
i = 2371
10774
2249
2267
2258.35
0.0628634
3.08566
29.6937
0.524138
230.83
217.055
228.596
0.117127
1
0
0.321653
15
0
i = 2372
12778
2250
2267
2258.46
0.0693186
3.04346
26.7502
0.528009
202.56
193.71
202.944
0.130316
1
0
0.106301
14
2
i = 2373
11137
2252
2266
2258.49
0.0656568
2.79596
27.1505
0.553042
186.355
176.305
188.03
0.13105
1
0
0.401082
11
1
i = 2374
10775
2248
2266
2258.54
0.077152
2.99047
23.8429
0.533166
179.13
160.71
176.977
0.146945
1
0
0.215883
15
0
i = 2375
11136
2250
2266
2258.64
0.0821404
2.86555
21.9145
0.544472
156.365
144.23
156.034
0.159562
1
0
0.11594
13
1
i = 2376
12776
2250
2266
2258.94
0.129632
2.9174
14.025
0.540274
101.55
92.525
101.279
0.250945
1
0
0.0270844
13
2
i = 2377
11135
2251
2268
2258.95
0.0959591
2.85798
18.7208
0.544583
134.13
122.33
133.739
0.185729
1
0
0.220233
14
1
i = 2378
10776
2251
2264
2259
0.101119
2.77305
17.9578
0.562459
120.625
115.725
118.269
0.21457
1
0
0.0699146
10
0
i = 2379
12775
2252
2269
2259.16
0.118941
3.01057
15.5339
0.532044
116.835
111.85
116.495
0.227043
1
0
0.0363206
14
2
i = 2380
10777
2251
2267
2259.36
0.0963118
2.90093
18.8018
0.541046
135.81
125.155
135.657
0.185796
1
0
0.17438
13
0
i = 2381
12774
2249
2267
2259.73
0.108581
2.96556
16.876
0.535604
125.39
112.95
124.073
0.208027
1
0
0.0611944
15
2
i = 2382
11134
2253
2269
2259.86
0.100883
3.03042
18.4056
0.531237
139.975
130.34
138.492
0.193473
1
0
0.397431
13
1
i = 2383
12773
2252
2268
2259.95
0.11392
2.85085
15.7528
0.545505
111.72
102.2
111.969
0.221196
1
0
0.0143515
13
2
i = 2384
10778
2250
2269
2259.97
0.104911
3.11626
17.8777
0.521379
140.935
130.955
139.178
0.194216
1
0
0.128723
16
0
i = 2385
11133
2246
2268
2260.24
0.0996965
3.29646
19.3978
0.508568
164.155
148.685
158.123
0.182063
1
0
0.311929
19
1
i = 2386
12772
2251
2268
2260.32
0.10782
2.84454
16.6248
0.546004
117.81
109.405
117.845
0.209409
1
0
0.0140703
14
2
i = 2387
11132
2252
2268
2260.49
0.104743
3.1988
18.1999
0.516963
144.425
136.495
143.558
0.195314
1
0
0.0346473
13
1
i = 2388
10779
2253
2267
2260.51
0.101399
2.81332
17.6391
0.55149
122.375
114.72
122.113
0.202023
1
0
0.0191077
11
0
i = 2389
12771
2253
2271
2260.73
0.130511
3.09212
14.332
0.524328
110.38
104.675
110.584
0.244448
1
0
0.0133483
15
2
i = 2390
10780
2253
2267
2260.83
0.106023
2.8662
17.0787
0.547738
120.435
111.525
119.616
0.21165
1
0
0.0111723
11
0
i = 2391
12770
2253
2271
2260.96
0.125718
3.0983
14.8877
0.523546
115.635
108.27
115.155
0.234714
1
0
0.0246914
15
2
i = 2392
12439
2255
2269
2260.99
0.289945
2.76814
6.1341
0.556955
42.105
37.995
42.0346
0.587101
1
0
0.10013
11
2
i = 2393
11131
2253
2268
2261.26
0.0986733
3.0871
19.0333
0.527592
144.13
140.09
143.846
0.189494
1
0
0.0728087
12
1
i = 2394
12769
2253
2268
2261.28
0.125658
2.84475
14.2968
0.547595
100.355
94.3
100.426
0.247277
1
0
0.0294952
12
2
i = 2395
10781
2254
2268
2261.36
0.107245
2.7923
16.6017
0.553126
114.585
107.685
114.354
0.213709
1
0
0.0230169
11
0
i = 2396
11130
2252
2270
2261.57
0.0875184
3.15698
21.58
0.518436
171.905
160.425
169.663
0.161559
1
0
0.290177
15
1
i = 2397
12768
2250
2269
2261.86
0.0866274
2.96334
21.1531
0.536041
158.455
140.665
155.203
0.166358
1
0
0.132606
16
2
i = 2398
10782
2254
2268
2261.87
0.0832188
2.91802
21.9918
0.543588
157.1
144.985
156.303
0.165652
1
0
0.062567
11
0
i = 2399
11129
2252
2271
2261.92
0.0796608
3.11604
23.5433
0.521385
186.13
171.24
183.296
0.147461
1
0
0.394816
16
1
i = 2400
11128
2253
2271
2262.19
0.094042
3.00198
19.5749
0.531222
149.095
139.82
146.811
0.177395
1
0
0.314927
15
1
i = 2401
10783
2254
2268
2262.26
0.0848409
2.91621
21.6808
0.545399
153.595
145.22
152.676
0.171252
1
0
0.193446
11
0
i = 2402
12767
2251
2270
2262.36
0.105928
3.02591
17.4651
0.529903
133.465
125.81
131.286
0.200344
1
0
0.0602548
16
2
i = 2403
10784
2255
2270
2262.65
0.103825
2.88478
17.4066
0.54327
123
115.56
124.512
0.202016
1
0
0.288429
12
0
i = 2404
12766
2252
2269
2262.74
0.115306
2.80595
15.5034
0.552245
107.22
99.83
106.908
0.230138
1
0
0.0393314
14
2
i = 2405
11127
2255
2271
2262.96
0.107548
2.97296
17.0479
0.534624
126.065
111.78
126.085
0.205233
1
0
0.578782
13
1
i = 2406
12765
2256
2271
2263.26
0.124512
2.8952
14.5431
0.542401
104.735
96.375
104.538
0.242053
1
0
0.187741
12
2
i = 2407
10785
2256
2272
2263.29
0.108975
3.1058
17.2313
0.524329
133.895
126.375
132.826
0.205676
1
0
0.462324
13
0
i = 2408
12764
2253
2270
2263.41
0.124869
2.91871
14.5936
0.541228
105.475
97.53
104.838
0.243865
1
0
0.0111519
14
2
i = 2409
11126
2256
2271
2263.56
0.105738
2.99793
17.4407
0.533658
128.51
118.06
129.299
0.203071
1
0
0.316763
12
1
i = 2410
12763
2254
2272
2263.81
0.124463
2.99679
14.781
0.531887
110.56
99.5
110.452
0.235384
1
0
0.0273609
15
2
i = 2411
10786
2257
2272
2263.82
0.107175
3.10746
17.5792
0.525875
136.35
126.975
134.802
0.205166
1
0
0.499619
12
0
i = 2412
11125
2257
2271
2264.11
0.103502
2.89208
17.5221
0.544202
123.905
117.4
124.827
0.203828
1
0
0.3882
11
1
i = 2413
10787
2256
2272
2264.14
0.108172
3.02332
17.0977
0.530401
129.21
123.32
128.369
0.205124
1
0
0.13976
13
0
i = 2414
12762
2253
2274
2264.16
0.132962
3.02863
13.9038
0.528646
106.18
100.53
105.444
0.249227
1
0
0.0189452
18
2
i = 2415
12761
2256
2273
2264.45
0.11233
2.88408
16.0637
0.542033
114.875
106.515
115.732
0.216287
1
0
0.0277994
14
2
i = 2416
10788
2250
2273
2264.59
0.106238
3.26016
18.0705
0.510316
153.025
135.75
146.577
0.193248
1
0
0.468095
20
0
i = 2417
11124
2258
2278
2264.63
0.102116
3.03312
18.2197
0.531612
140.995
129.695
137.261
0.196786
1
0
0.428366
17
1
i = 2418
12760
2256
2271
2264.66
0.117887
2.91448
15.4756
0.542596
110.815
103.125
110.477
0.232265
1
0
0.0550673
12
2
i = 2419
11123
2256
2273
2264.77
0.106624
2.90786
16.9943
0.539887
123.465
112.045
123.32
0.204584
1
0
0.0569224
14
1
i = 2420
10789
2250
2276
2265.18
0.106259
3.41436
18.4728
0.497907
168.865
142.935
157.908
0.187614
1
0
0.838868
23
0
i = 2421
11122
2251
2273
2265.24
0.0954963
3.17295
19.8491
0.517835
167.555
147.255
156.169
0.176925
1
0
1.31725
19
1
i = 2422
12759
2255
2274
2265.25
0.127011
3.00307
14.4957
0.531063
108.835
104.215
108.785
0.239421
1
0
0.00114476
16
2
i = 2423
10790
2251
2274
2265.29
0.103796
3.09912
18.0213
0.522878
145.075
131.95
139.449
0.192781
1
0
0.379201
20
0
i = 2424
11121
2253
2274
2265.6
0.0886952
3.0346
20.8704
0.52847
161.835
149.635
158.046
0.166564
1
0
0.215096
18
1
i = 2425
12758
2256
2275
2265.67
0.102229
2.92426
17.7698
0.538032
131.1
117.575
130.066
0.195064
1
0
0.0809947
16
2
i = 2426
10791
2259
2271
2265.72
0.0959457
2.71819
18.5529
0.566608
121.435
118.025
121.071
0.203258
1
0
0.379329
9
0
i = 2427
12757
2255
2277
2265.99
0.127765
3.01992
14.4482
0.529378
110.96
103.255
109.337
0.239772
1
0
0.0667224
19
2
i = 2428
11120
2260
2274
2266.23
0.092656
2.91037
19.7025
0.543869
141.2
131.26
141.419
0.184015
1
0
0.320478
11
1
i = 2429
10792
2257
2274
2266.24
0.0847655
2.8263
21.0762
0.547666
148.24
138.47
148.544
0.165033
1
0
0.14539
14
0
i = 2430
12756
2258
2274
2266.58
0.100702
2.93837
18.1064
0.537931
132.305
120.82
132.033
0.193574
1
0
0.00445996
13
2
i = 2431
10793
2252
2280
2266.64
0.0835632
3.27037
22.9885
0.508698
203.96
172.39
188.443
0.150689
1
0
1.16229
25
0
i = 2432
12755
2256
2274
2266.64
0.0839006
2.87582
21.4922
0.543413
155.055
141.015
153.643
0.16258
1
0
0.0437527
15
2
i = 2433
11119
2257
2276
2266.78
0.0791942
3.24915
24.1861
0.510749
198.59
181.455
196.138
0.143756
1
0
0.291348
16
1
i = 2434
11118
2253
2276
2266.93
0.094198
3.38876
20.7711
0.500282
181.09
160.645
175.449
0.167679
1
0
0.579678
20
1
i = 2435
10794
2258
2277
2267.02
0.0939933
3.11261
19.9425
0.521681
155.78
147.175
155.256
0.174101
1
0
0.102394
16
0
i = 2436
12754
2257
2273
2267.23
0.134789
2.92113
13.6511
0.544505
98.655
91.165
96.4613
0.270907
1
0
0.045097
13
2
i = 2437
11117
2259
2274
2267.33
0.0964632
2.89739
18.8112
0.543089
134.6
125.095
134.262
0.188861
1
0
0.0289237
12
1
i = 2438
12753
2258
2276
2267.6
0.113919
2.93982
15.9916
0.536826
118.205
106.58
117.4
0.217181
1
0
0.0439282
15
2
i = 2439
10795
2261
2274
2267.65
0.105292
2.84508
17.1403
0.550719
119.5
111.635
119.17
0.212574
1
0
0.0851646
10
0
i = 2440
12752
2258
2277
2267.89
0.117962
2.96793
15.5148
0.5341
115.925
103.26
115.191
0.223496
1
0
0.0189007
16
2
i = 2441
11116
2261
2274
2268.06
0.100809
2.81402
17.8332
0.554079
122.105
117.05
122.079
0.205211
1
0
0.20833
10
1
i = 2442
10796
2256
2274
2268.2
0.100731
2.84982
17.9903
0.550332
127.85
118.265
124.562
0.203401
1
0
0.0797191
15
0
i = 2443
12751
2260
2275
2268.36
0.111069
2.82508
16.1202
0.549532
112.81
105.28
112.416
0.219392
1
0
0.00642226
12
2
i = 2444
10797
2255
2275
2268.57
0.0893847
2.92919
20.4493
0.540843
153.58
135.825
147.012
0.175107
1
0
0.435435
17
0
i = 2445
12750
2260
2277
2268.6
0.104776
3.00244
17.576
0.531496
131.51
125.71
131.581
0.19814
1
0
0.0243023
14
2
i = 2446
11115
2261
2275
2268.64
0.0850308
2.8035
21.0075
0.55264
144.825
135.91
144.736
0.169971
1
0
0.0668334
11
1
i = 2447
10798
2257
2276
2268.96
0.0869381
2.99116
21.1889
0.533887
159.11
140.985
156.641
0.166662
1
0
0.153615
16
0
i = 2448
12749
2262
2276
2269.1
0.102073
2.83185
17.5664
0.549374
122.595
115.515
122.816
0.202175
1
0
0.0477853
11
2
i = 2449
11114
2262
2277
2269.11
0.0595627
2.93613
30.6344
0.539007
221.88
206.62
223.135
0.115365
1
0
0.265694
12
1
i = 2450
12747
2261
2278
2269.28
0.0543107
3.19231
34.9909
0.516118
276.6
263.78
277.831
0.100179
1
0
0.0885394
14
2
i = 2451
10799
2260
2279
2269.39
0.0929948
2.97488
19.7029
0.533458
147.295
133.165
146.708
0.175962
1
0
0.105684
16
0
i = 2452
12748
2263
2278
2269.48
0.115443
2.83628
15.5549
0.548941
109.05
101.605
109.599
0.228514
1
0
0.11066
12
2
i = 2453
10800
2261
2277
2269.68
0.0874775
2.8428
20.4947
0.546605
144.09
134.305
144.792
0.170552
1
0
0.172801
13
0
i = 2454
11113
2255
2279
2269.89
0.0512325
3.10592
36.5459
0.522167
286.64
266.16
283.762
0.0949396
1
0
0.194697
21
1
i = 2455
10801
2258
2279
2270.01
0.054938
3.14816
34.3145
0.51873
272.54
255.455
269.864
0.101188
1
0
0.463085
18
0
i = 2456
12746
2261
2278
2270.71
0.0461964
2.98197
39.7786
0.534198
294.995
267.645
293.95
0.0883125
1
0
0.119246
14
2
i = 2457
11112
2261
2280
2270.78
0.0506868
3.12597
37.0596
0.520542
290.65
272.41
289.509
0.0936668
1
0
0.0847854
16
1
i = 2458
10802
2256
2280
2271.01
0.0387361
3.28054
49.6893
0.508328
411.43
380.92
406.687
0.0699961
1
0
0.200843
21
0
i = 2459
11111
2263
2283
2271.57
0.0498855
3.26489
38.5045
0.509815
315.405
292.515
314.163
0.0905716
1
0
0.300681
17
1
i = 2460
12745
2260
2283
2271.68
0.0472001
3.17559
40.105
0.516241
321.665
297.62
319.118
0.0863816
1
0
0.304891
20
2
i = 2461
12742
2261
2279
2271.71
0.0577305
2.85739
31.1361
0.545193
221.44
203.665
221.112
0.112258
1
0
0.0163381
15
2
i = 2462
11109
2264
2280
2271.72
0.0508621
3.0109
36.2892
0.531495
271.065
260.815
271.756
0.0966489
1
0
0.236888
13
1
i = 2463
11108
2264
2281
2271.73
0.0553905
2.8941
32.6446
0.541395
234.445
215.97
236.038
0.10673
1
0
0.151406
14
1
i = 2464
12743
2263
2279
2271.81
0.0517902
2.96673
35.4009
0.535802
260.485
236.76
259.956
0.0994508
1
0
0.0610029
13
2
i = 2465
10805
2262
2285
2271.92
0.0568596
2.96275
32.157
0.534474
239.71
213.425
238.764
0.107742
1
0
0.0210339
20
0
i = 2466
10804
2261
2280
2271.95
0.0424214
3.00441
43.4274
0.531304
326.705
308.41
325.134
0.0801872
1
0
0.0356583
16
0
i = 2467
10803
2263
2280
2271.96
0.0369427
3.16872
51.2564
0.518075
403.675
378.715
403.126
0.0684207
1
0
0.0526261
14
0
i = 2468
11110
2263
2282
2271.97
0.0516453
3.17243
36.6455
0.516835
289.98
271.71
290.639
0.0948323
1
0
0.12963
16
1
i = 2469
12741
2264
2281
2272.11
0.0761428
2.86828
23.6342
0.543561
169.765
156.165
169.428
0.147058
1
0
0.0874244
14
2
i = 2470
11107
2265
2278
2272.19
0.0677668
2.79833
26.4759
0.555808
180.235
173.065
179.949
0.13854
1
0
0.232639
10
1
i = 2471
10806
2265
2278
2272.3
0.0793502
2.7574
22.4462
0.559759
151.015
144.845
150.312
0.163219
1
0
0.11246
10
0
i = 2472
12744
2263
2282
2272.39
0.0592144
3.18615
32.0279
0.515657
253.795
240.615
255.033
0.108437
1
0
0.0924923
16
2
i = 2473
12740
2266
2279
2272.49
0.101482
2.75846
17.474
0.558046
118.235
112.21
118.45
0.205987
1
0
0.0511183
10
2
i = 2474
11106
2266
2278
2272.54
0.0834481
2.75007
21.4207
0.563186
142.425
137.79
141.784
0.175575
1
0
0.230787
9
1
i = 2475
10807
2266
2278
2272.7
0.0988568
2.65835
17.7536
0.57176
114.21
110.875
113.823
0.209816
1
0
0.184732
9
0
i = 2476
12739
2264
2280
2272.82
0.112146
2.96066
16.3314
0.536335
120.945
108.54
119.687
0.215542
1
0
0.0326967
13
2
i = 2477
11105
2266
2279
2273.08
0.0924892
2.8405
19.5468
0.551918
134.895
129.34
134.837
0.188051
1
0
0.23634
10
1
i = 2478
12738
2262
2283
2273.26
0.130205
3.01757
14.1722
0.529617
109.19
101.885
107.081
0.244513
1
0
0.0744478
18
2
i = 2479
10808
2267
2284
2273.35
0.0955306
2.87426
18.9478
0.545855
135.605
125.59
135.354
0.188721
1
0
0.220584
14
0
i = 2480
12737
2264
2281
2273.56
0.109909
2.96533
16.6649
0.535386
123.91
111.625
122.675
0.210152
1
0
0.0364674
14
2
i = 2481
11104
2267
2280
2273.59
0.0848973
2.66786
20.51
0.566381
133.965
129.095
134.865
0.173758
1
0
0.287897
10
1
i = 2482
12736
2267
2281
2273.89
0.0921015
2.86594
19.5943
0.54642
138.185
127.645
138.653
0.181817
1
0
0.0524197
11
2
i = 2483
10809
2267
2282
2273.93
0.0829108
2.87093
21.7579
0.544889
154.315
141.57
155.22
0.162132
1
0
0.225648
12
0
i = 2484
11103
2263
2281
2274.05
0.0794378
2.82873
22.5275
0.548367
158.315
148.185
157.981
0.155781
1
0
0.0686581
15
1
i = 2485
10810
2265
2281
2274.17
0.0762604
2.86151
23.618
0.545676
167.025
156.33
167.122
0.149252
1
0
0.0431177
13
0
i = 2486
12735
2266
2282
2274.19
0.0876471
2.85472
20.4897
0.545173
144.905
135.55
145.719
0.170118
1
0
0.0495011
13
2
i = 2487
11102
2260
2280
2274.37
0.079776
2.86782
22.8701
0.549761
163.45
151.365
158.456
0.162111
1
0
0.255103
17
1
i = 2488
10811
2266
2283
2274.56
0.0830019
2.99351
22.1532
0.532261
165.945
149.265
165.393
0.157163
1
0
0.122939
14
0
i = 2489
12734
2266
2285
2274.6
0.096519
2.931
18.8444
0.537525
138.23
125.545
138.276
0.184123
1
0
0.0806993
16
2
i = 2490
11101
2267
2279
2274.66
0.0881065
2.78445
21.4311
0.567565
139.955
137.86
136.927
0.195187
1
0
0.127356
9
1
i = 2491
12733
2267
2283
2274.95
0.112671
2.88275
16.018
0.54258
114.355
104.7
115.07
0.217735
1
0
0.0300806
13
2
i = 2492
10812
2267
2285
2274.98
0.0889716
3.01426
20.7423
0.530535
156.58
147.33
156.234
0.168043
1
0
0.054328
15
0
i = 2493
12732
2268
2283
2275.23
0.0918537
2.86438
19.6048
0.545143
138.91
129.83
139.535
0.179277
1
0
0.0562755
12
2
i = 2494
11100
2266
2286
2275.25
0.0794592
3.1615
23.7738
0.517578
190.12
176.98
188.109
0.145973
1
0
0.189239
17
1
i = 2495
10813
2266
2284
2275.27
0.0784868
2.8982
23.0433
0.540541
166.975
153.49
166.983
0.150548
1
0
0.061346
15
0
i = 2496
11099
2266
2283
2275.52
0.0799557
3.06181
23.2897
0.527235
180.075
169.205
176.689
0.150903
1
0
0.396473
14
1
i = 2497
12731
2267
2285
2275.68
0.0925315
2.80596
19.2313
0.549287
135.21
123.96
135.088
0.180287
1
0
0.0378938
15
2
i = 2498
10814
2268
2282
2275.73
0.0836123
2.81315
21.4157
0.552018
148.03
138.73
147.802
0.167298
1
0
0.0462883
11
0
i = 2499
12730
2268
2283
2275.92
0.105464
2.82325
16.9505
0.548999
119.365
108.92
118.642
0.20717
1
0
0.0207589
12
2
i = 2500
11098
2269
2282
2276.01
0.0895045
2.61386
19.264
0.572208
123.695
119.785
123.794
0.185096
1
0
0.0936896
10
1
i = 2501
10815
2270
2282
2276.19
0.0948119
2.76993
18.8719
0.560732
126.725
122.18
126.514
0.198082
1
0
0.0843358
9
0
i = 2502
12729
2265
2284
2276.3
0.116547
2.92769
15.6062
0.538342
114.77
104.135
113.757
0.223397
1
0
0.0409005
16
2
i = 2503
11097
2270
2282
2276.69
0.0893396
2.72066
19.9261
0.566278
130.75
125.755
130.223
0.189069
1
0
0.315719
9
1
i = 2504
12728
2267
2284
2276.75
0.115266
2.86012
15.6032
0.545007
110.965
101.76
110.857
0.224164
1
0
0.0131771
14
2
i = 2505
10816
2269
2285
2276.77
0.0955658
2.94076
19.0797
0.537456
139.775
126.01
139.731
0.183233
1
0
0.272239
13
0
i = 2506
12727
2269
2287
2276.89
0.0895084
2.87052
20.1147
0.543407
143.555
131.295
144.436
0.172888
1
0
0.0489934
15
2
i = 2507
10817
2262
2288
2276.92
0.081487
3.06882
22.8363
0.525141
180.205
164.095
175.618
0.151698
1
0
0.136093
23
0
i = 2508
11096
2268
2284
2276.94
0.0751458
2.94554
24.3163
0.53784
177.33
160.615
177.154
0.144959
1
0
0.0595825
13
1
i = 2509
10818
2269
2287
2277.15
0.0696121
3.04458
26.6416
0.527826
202.93
193.43
202.674
0.130755
1
0
0.035063
15
0
i = 2510
11095
2269
2290
2277.3
0.0687879
2.79331
25.8121
0.550577
181.135
167.345
180.591
0.134379
1
0
0.0535178
18
1
i = 2511
12726
2270
2288
2277.33
0.068123
2.89541
26.5641
0.541682
191.49
176.74
192.12
0.13168
1
0
0.0387984
15
2
i = 2512
12725
2269
2284
2277.51
0.0961713
2.96817
19.1406
0.537658
140.275
129.14
139.21
0.187738
1
0
0.0876988
12
2
i = 2513
10819
2269
2285
2277.57
0.0797554
2.96965
22.9871
0.535228
170.19
154.295
169.292
0.152675
1
0
0.0713473
13
0
i = 2514
11094
2268
2286
2277.64
0.0820288
2.89867
22.0519
0.540579
161.05
144.925
159.678
0.157434
1
0
0.0982949
15
1
i = 2515
12724
2269
2286
2277.71
0.123513
2.82984
14.4704
0.547134
102.155
93.935
102.299
0.239956
1
0
0.0110738
14
2
i = 2516
10820
2269
2286
2277.87
0.103354
3.06464
18.007
0.526337
138.015
130.27
137.326
0.193884
1
0
0.0564695
14
0
i = 2517
11093
2267
2287
2277.94
0.105034
3.19241
18.0744
0.515157
146.515
133.52
144.099
0.192168
1
0
0.186485
17
1
i = 2518
12723
2270
2288
2278.16
0.119739
2.92681
15.1821
0.538099
111.53
101.655
111.143
0.228936
1
0
0.0121399
15
2
i = 2519
12722
2269
2289
2278.22
0.14739
3.29515
13.0869
0.507137
109.56
100.03
107.835
0.265594
1
0
0.0990791
17
2
i = 2520
10821
2270
2286
2278.22
0.108339
2.94471
16.8417
0.537108
123.005
113.255
123.326
0.207604
1
0
0.147393
13
0
i = 2521
11092
2268
2285
2278.25
0.0972575
2.96637
18.8841
0.536735
138.59
128.02
137.98
0.188205
1
0
0.0747292
14
1
i = 2522
11091
2270
2285
2278.68
0.0896759
2.82537
20.0024
0.550391
138.475
130.54
138.855
0.178428
1
0
0.168073
12
1
i = 2523
10822
2272
2286
2278.69
0.0961058
2.77318
18.4557
0.554803
125.92
118
126.836
0.191819
1
0
0.250098
11
0
i = 2524
12721
2267
2287
2278.78
0.128561
2.90172
14.0783
0.540338
102.005
92.63
102.012
0.246699
1
0
0.010893
17
2
i = 2525
11090
2272
2287
2278.98
0.0859248
2.76114
20.5698
0.554919
139.99
130.545
141.468
0.170376
1
0
0.279764
12
1
i = 2526
10823
2267
2288
2278.98
0.0931239
2.94321
19.5706
0.536319
144.58
129
144.119
0.177149
1
0
0.0209135
18
0
i = 2527
12720
2270
2289
2279.03
0.0974228
2.94035
18.6981
0.536592
137.725
125.96
137.651
0.185435
1
0
0.0466441
16
2
i = 2528
11089
2273
2288
2279.38
0.0986429
2.88324
18.3794
0.545127
131.365
121.71
131.426
0.194752
1
0
0.232375
12
1
i = 2529
10824
2272
2287
2279.4
0.0904072
2.84094
19.8309
0.547177
139.41
130.295
140.007
0.176874
1
0
0.0713974
12
0
i = 2530
11088
2272
2287
2279.46
0.0887445
2.807
20.077
0.550286
139.61
130.81
140.131
0.174403
1
0
0.13486
12
1
i = 2531
12719
2270
2288
2279.52
0.108529
2.87405
16.5954
0.542828
119.475
109.285
119.215
0.209083
1
0
0.0127651
15
2
i = 2532
12718
2269
2288
2279.58
0.118424
2.85572
15.16
0.544548
111.125
98.68
108.225
0.228841
1
0
0.129536
16
2
i = 2533
10825
2270
2291
2279.72
0.0936619
3.05824
19.8342
0.526097
154.99
142.855
151.956
0.174733
1
0
0.197847
18
0
i = 2534
12716
2271
2287
2279.78
0.0796346
2.99226
23.1248
0.533608
172.23
155.515
171.198
0.152388
1
0
0.0778666
13
2
i = 2535
11087
2272
2291
2279.83
0.0741715
2.86217
24.2392
0.544217
173.5
157.955
173.586
0.143495
1
0
0.0334236
16
1
i = 2536
10826
2270
2290
2279.91
0.0883946
3.09583
21.1452
0.522917
164.595
152.96
163.875
0.163935
1
0
0.186298
17
0
i = 2537
12717
2270
2290
2279.93
0.096256
2.78335
18.4113
0.551418
128.69
116.985
128.407
0.188164
1
0
0.0265254
17
2
i = 2538
10827
2270
2288
2280.02
0.0793512
3.01297
23.2519
0.530643
174.72
167.84
174.463
0.149898
1
0
0.053685
15
0
i = 2539
12715
2272
2289
2280.18
0.104983
2.84688
17.0766
0.545543
121.31
112.395
121.526
0.203425
1
0
0.0160712
14
2
i = 2540
11086
2270
2288
2280.21
0.0804113
2.97338
22.7965
0.534241
170.25
153.805
168.706
0.153008
1
0
0.153939
15
1
i = 2541
10828
2272
2287
2280.44
0.0887845
2.85859
20.3022
0.546752
144.1
133.915
142.936
0.174993
1
0
0.289522
12
0
i = 2542
11085
2269
2288
2280.6
0.0855189
2.99436
21.5274
0.532918
162.05
144.76
159.915
0.162909
1
0
0.336517
16
1
i = 2543
12713
2272
2289
2280.63
0.0820956
2.90309
22.0529
0.540297
159.275
146.43
159.833
0.157606
1
0
0.0487304
14
2
i = 2544
10829
2273
2286
2280.65
0.0803354
2.75399
22.2863
0.561812
149.295
142.695
147.713
0.167631
1
0
0.0952378
10
0
i = 2545
12714
2274
2291
2280.71
0.113854
2.7108
15.3845
0.560076
104.975
96.94
104.13
0.227907
1
0
0.0873629
14
2
i = 2546
10830
2273
2289
2280.94
0.0733707
2.75744
24.0492
0.554424
164.495
153.085
165.566
0.144575
1
0
0.160084
13
0
i = 2547
11084
2274
2287
2280.97
0.0769664
2.78196
23.1869
0.55657
156.99
147.275
157.428
0.156694
1
0
0.393798
10
1
i = 2548
12712
2274
2291
2281.02
0.0936019
3.01003
19.7479
0.532381
147.86
142.315
147.985
0.17913
1
0
0.0419467
14
2
i = 2549
12711
2273
2287
2281.34
0.1057
2.96507
17.6114
0.541944
126.91
119.1
125.472
0.213438
1
0
0.121814
11
2
i = 2550
10831
2270
2289
2281.42
0.0855579
3.0063
21.5534
0.531639
163.07
154.67
160.955
0.162359
1
0
0.174538
16
0
i = 2551
11083
2275
2290
2281.49
0.0883156
2.78744
20.143
0.55334
138.36
130.345
139.644
0.175783
1
0
0.0675361
12
1
i = 2552
12710
2271
2290
2281.66
0.116278
2.83892
15.3944
0.546165
109.915
100.23
109.243
0.225372
1
0
0.0152405
16
2
i = 2553
11082
2273
2291
2281.7
0.0948441
2.9172
19.1319
0.5388
139.735
127.06
139.622
0.181363
1
0
0.0616347
15
1
i = 2554
10832
2273
2289
2281.87
0.102967
2.97358
17.8309
0.53533
131.995
119.13
131.133
0.197738
1
0
0.0641173
13
0
i = 2555
12709
2273
2290
2282.05
0.113108
2.83155
15.8081
0.547068
111.925
103.595
111.705
0.219851
1
0
0.00462689
14
2
i = 2556
11081
2274
2291
2282.11
0.0974786
2.90038
18.5653
0.540606
134.76
123.775
134.535
0.187313
1
0
0.123702
14
1
i = 2557
12708
2275
2290
2282.31
0.115984
2.83804
15.4504
0.54747
108.87
101.215
109.002
0.227056
1
0
0.108157
12
2
i = 2558
10833
2276
2289
2282.33
0.102
2.78823
17.4935
0.555527
119.41
113.62
119.828
0.206714
1
0
0.161013
10
0
i = 2559
11080
2272
2291
2282.44
0.0990815
3.01971
18.6348
0.529683
144.125
133.69
140.517
0.186388
1
0
0.288079
16
1
i = 2560
11079
2269
2289
2282.54
0.11259
3.02184
16.5154
0.53314
129.295
118.78
122.121
0.218368
1
0
0.603515
17
1
i = 2561
12707
2275
2290
2282.57
0.122596
3.02895
15.1255
0.531165
113.205
108.595
113.173
0.234726
1
0
0.119753
12
2
i = 2562
10834
2275
2291
2282.58
0.104563
3.01167
17.6574
0.531533
131.81
126.735
132.28
0.198844
1
0
0.0984138
13
0
i = 2563
12706
2276
2289
2282.77
0.128602
2.87768
14.1326
0.548219
99.15
92.82
99.0579
0.259501
1
0
0.0303655
10
2
i = 2564
12705
2275
2291
2282.99
0.109325
2.82806
16.3481
0.547631
114.735
105.265
115.302
0.213009
1
0
0.0193728
13
2
i = 2565
10835
2275
2296
2283.01
0.104518
2.97035
17.5251
0.534296
129.665
118.93
130.223
0.198619
1
0
0.128948
18
0
i = 2566
11078
2274
2292
2283.23
0.103827
3.01047
17.7555
0.530489
135.455
127.385
133.521
0.195602
1
0
0.14471
15
1
i = 2567
12704
2277
2290
2283.36
0.11503
2.69137
15.2104
0.564188
100.44
96.395
100.964
0.234935
1
0
0.0635092
10
2
i = 2568
10836
2276
2292
2283.38
0.101034
2.75433
17.459
0.554954
119.53
112.445
120.114
0.199546
1
0
0.0796913
13
0
i = 2569
10837
2273
2292
2283.58
0.10236
3.07559
18.2072
0.525003
142.425
132.035
139.667
0.191045
1
0
0.219839
16
0
i = 2570
11077
2275
2293
2283.75
0.0958718
3.11299
19.5567
0.521859
154.24
142.175
152.023
0.177881
1
0
0.492507
15
1
i = 2571
12703
2274
2294
2283.81
0.122506
2.84899
14.6359
0.545036
108.33
94.4
104.473
0.236716
1
0
0.268843
17
2
i = 2572
10838
2273
2295
2283.95
0.0970003
2.86451
18.5345
0.543543
134.71
120.095
133.064
0.186903
1
0
0.133427
19
0
i = 2573
11076
2273
2292
2283.95
0.0931968
3.17759
20.3417
0.517083
163.52
149.715
160.616
0.171979
1
0
0.351324
16
1
i = 2574
12702
2275
2294
2284.02
0.109937
3.03604
16.8382
0.52814
128.295
121.935
127.928
0.20605
1
0
0.0177923
16
2
i = 2575
10839
2277
2291
2284.21
0.0896936
2.67631
19.4057
0.563948
129.13
122.245
128.759
0.181071
1
0
0.179868
11
0
i = 2576
10840
2271
2293
2284.33
0.0853219
3.08003
21.8556
0.524489
172.64
159.495
168.084
0.15895
1
0
0.379384
19
0
i = 2577
12701
2275
2291
2284.37
0.110275
2.94653
16.6067
0.538795
121.11
111.495
120.362
0.214567
1
0
0.00631852
13
2
i = 2578
11075
2270
2296
2284.39
0.0902614
3.07583
20.6399
0.524539
161.43
150.195
159.11
0.167837
1
0
0.126982
23
1
i = 2579
11074
2275
2291
2284.66
0.0875351
2.80399
20.4024
0.552148
140.75
132.025
140.789
0.174355
1
0
0.0720315
13
1
i = 2580
10841
2276
2291
2284.75
0.0839392
2.90854
21.7261
0.543401
156.925
144.185
154.582
0.165897
1
0
0.411199
12
0
i = 2581
12700
2273
2295
2284.79
0.0970228
2.93649
18.7616
0.536848
139.56
124.43
138.035
0.184652
1
0
0.0293198
19
2
i = 2582
11073
2276
2292
2284.97
0.0845696
2.83604
21.1849
0.547603
151.115
136.435
148.993
0.165548
1
0
0.179855
13
1
i = 2583
12699
2277
2293
2285.13
0.0997576
2.83111
17.926
0.547356
125.6
117.985
126.511
0.194295
1
0
0.0570714
13
2
i = 2584
11072
2271
2293
2285.23
0.0778984
2.88931
23.1912
0.541752
173.045
153.26
167.001
0.150114
1
0
0.398694
19
1
i = 2585
12698
2276
2293
2285.23
0.096655
2.85222
18.5692
0.545225
132.42
122.355
132.027
0.187406
1
0
0.010145
14
2
i = 2586
10842
2276
2296
2285.42
0.0843671
3.04117
21.9584
0.527604
168.125
159.03
167.23
0.157877
1
0
0.134467
17
0
i = 2587
12697
2277
2294
2285.46
0.0931668
2.82473
19.166
0.547606
135.665
125.05
135.323
0.18113
1
0
0.0143864
14
2
i = 2588
11071
2274
2294
2285.58
0.0881746
2.82802
20.2615
0.547184
145.41
131.335
143.278
0.171186
1
0
0.0998239
17
1
i = 2589
10843
2276
2293
2285.6
0.0928555
2.9501
19.6751
0.536773
142.965
132.695
144.08
0.178015
1
0
0.194199
14
0
i = 2590
10844
2277
2293
2285.62
0.0979389
2.87326
18.4042
0.543748
130.505
121.485
131.392
0.190006
1
0
0.105544
13
0
i = 2591
12696
2274
2295
2285.67
0.117512
2.87371
15.3242
0.542706
112.155
100.32
110.273
0.226122
1
0
0.0342575
18
2
i = 2592
11070
2279
2292
2286.01
0.0961833
2.7485
18.4319
0.559588
123.835
118.915
123.775
0.196439
1
0
0.0845096
10
1
i = 2593
10845
2274
2296
2286.12
0.0886507
3.25628
21.6243
0.509904
179.705
164.185
176.157
0.160353
1
0
0.192523
19
0
i = 2594
12695
2277
2294
2286.14
0.121353
2.92536
14.9802
0.53848
109.545
100.21
109.167
0.232548
1
0
0.0156558
14
2
i = 2595
11069
2276
2294
2286.22
0.0863388
3.11716
21.753
0.522247
170.66
160.54
168.301
0.161103
1
0
0.270937
15
1
i = 2596
12694
2277
2296
2286.36
0.0906043
2.93516
20.087
0.537037
148.11
134.525
147.602
0.172567
1
0
0.0271252
16
2
i = 2597
10846
2277
2296
2286.55
0.0873257
3.12467
21.5057
0.52063
169.52
158.56
167.999
0.16138
1
0
0.158441
16
0
i = 2598
12693
2279
2294
2286.65
0.105397
2.87255
17.1091
0.54435
121.835
112.385
121.907
0.205386
1
0
0.0264978
12
2
i = 2599
11068
2277
2294
2286.69
0.0828791
3.0788
22.5459
0.526174
175.22
163.83
171.624
0.156519
1
0
0.496834
14
1
i = 2600
12692
2279
2297
2286.83
0.0948689
2.92142
19.1488
0.538798
139.265
126.76
139.872
0.181855
1
0
0.0407805
15
2
i = 2601
10847
2276
2296
2287.02
0.0886138
2.95247
20.5993
0.535491
155.755
138.06
152.145
0.168323
1
0
0.327532
17
0
i = 2602
11067
2278
2294
2287.29
0.0800564
2.95629
22.9049
0.537742
168.09
153.305
166.703
0.1553
1
0
0.384338
13
1
i = 2603
10848
2275
2294
2287.3
0.0954473
2.97838
19.2892
0.535848
145.685
130.145
141.384
0.184636
1
0
0.326733
16
0
i = 2604
12691
2278
2295
2287.31
0.114489
3.04897
16.2218
0.528003
122.985
118.02
122.796
0.215906
1
0
0.0154068
14
2
i = 2605
10849
2274
2296
2287.62
0.102473
2.89947
17.6544
0.540477
132.38
116.27
127.906
0.196601
1
0
0.211034
19
0
i = 2606
12690
2279
2294
2287.64
0.126157
2.82065
14.2008
0.550665
99.17
92.43
98.5081
0.250839
1
0
0.0310953
12
2
i = 2607
11066
2279
2296
2287.74
0.0920747
3.03132
20.099
0.529066
152.68
143.635
151.78
0.173446
1
0
0.317237
14
1
i = 2608
11065
2277
2298
2287.92
0.098786
2.93497
18.422
0.536992
137.25
121.39
135.452
0.188063
1
0
0.174816
18
1
i = 2609
12689
2278
2297
2288
0.118875
2.92619
15.2869
0.537883
112.65
100.595
111.914
0.226803
1
0
0.0431649
16
2
i = 2610
10850
2274
2295
2288.03
0.105505
2.9919
17.4674
0.533985
132.07
118.35
129.051
0.202511
1
0
0.108595
18
0
i = 2611
11064
2278
2296
2288.1
0.0933616
2.83688
19.1698
0.546551
136.13
126.255
135.71
0.181295
1
0
0.0630102
15
1
i = 2612
12688
2279
2298
2288.27
0.111192
2.87741
16.2058
0.542378
116.785
107.24
116.774
0.213859
1
0
0.000632302
16
2
i = 2613
10851
2276
2296
2288.52
0.0928596
2.81614
19.2087
0.548832
136.445
124.31
134.728
0.181382
1
0
0.173784
17
0
i = 2614
12687
2280
2297
2288.54
0.120847
2.92905
15.0487
0.53794
109.68
100.52
110.034
0.231049
1
0
0.00848256
14
2
i = 2615
11063
2278
2296
2288.58
0.0910345
2.87343
19.7977
0.543558
143.61
130.52
141.481
0.176361
1
0
0.294263
15
1
i = 2616
12686
2278
2296
2288.74
0.118222
2.83442
15.1424
0.547357
108.03
98.5
106.692
0.230735
1
0
0.047489
15
2
i = 2617
10852
2278
2300
2288.85
0.0918565
3.00773
20.0557
0.530449
155.02
142.22
151.165
0.172733
1
0
0.330052
19
0
i = 2618
10853
2278
2299
2289.13
0.0996531
3.17625
18.9985
0.516259
154
141.3
151.011
0.182467
1
0
0.179377
18
0
i = 2619
12685
2278
2295
2289.14
0.113339
2.95996
16.3399
0.540869
120.18
110.15
117.051
0.226199
1
0
0.123873
14
2
i = 2620
11062
2279
2298
2289.21
0.0934288
2.90041
19.3648
0.540285
142.935
128.43
140.486
0.179069
1
0
0.183848
16
1
i = 2621
12684
2281
2296
2289.42
0.1254
2.85815
14.3713
0.546734
101.44
94.92
101.197
0.247059
1
0
0.0439678
12
2
i = 2622
10854
2279
2298
2289.71
0.103094
2.88593
17.5075
0.541765
127.91
114.28
126.219
0.198291
1
0
0.133101
16
0
i = 2623
11061
2283
2298
2289.72
0.0998987
2.98952
18.471
0.535286
136.665
123.99
136.74
0.193573
1
0
0.238145
12
1
i = 2624
11060
2281
2297
2289.86
0.0953317
2.93369
19.1222
0.538716
138.495
127.11
138.911
0.183947
1
0
0.0587913
13
1
i = 2625
12683
2280
2297
2289.9
0.112225
2.73744
15.6739
0.556853
106.725
99.12
106.717
0.222672
1
0
0.020456
14
2
i = 2626
10855
2284
2296
2290.27
0.0923301
2.67469
18.9876
0.568946
123.315
119.765
123.486
0.193712
1
0
0.359421
9
0
i = 2627
11059
2280
2298
2290.36
0.0961589
3.01194
19.1937
0.531091
144.71
138
143.639
0.182227
1
0
0.0379386
15
1
i = 2628
12682
2283
2299
2290.38
0.089697
2.79345
19.8076
0.551177
137.565
128.57
138.138
0.176082
1
0
0.0552759
13
2
i = 2629
12681
2282
2299
2290.56
0.108767
2.93744
16.7444
0.537189
122.055
112.2
122.763
0.207686
1
0
0.0246161
14
2
i = 2630
10856
2282
2296
2290.58
0.0844366
2.74516
21.1263
0.561783
140.425
135.2
140.105
0.175188
1
0
0.200709
11
0
i = 2631
11058
2284
2297
2290.7
0.0928628
2.81292
19.3118
0.553445
132.97
124.9
132.883
0.187919
1
0
0.0818728
10
1
i = 2632
10857
2278
2298
2290.93
0.091734
2.85654
19.601
0.545603
141.005
127.555
138.889
0.178886
1
0
0.132151
17
0
i = 2633
12680
2280
2299
2290.99
0.128486
3.0847
14.5327
0.524572
112.395
105.64
111.549
0.240153
1
0
0.025374
16
2
i = 2634
10858
2277
2299
2291.14
0.0846181
2.90762
21.4163
0.540014
160.715
143.095
155.233
0.162509
1
0
0.512206
19
0
i = 2635
11057
2283
2297
2291.17
0.0854637
2.84663
21.1844
0.550737
147.305
139.63
146.476
0.172786
1
0
0.129448
11
1
i = 2636
12679
2281
2299
2291.26
0.0980047
2.83909
18.2708
0.546443
131.33
119.51
129.343
0.1904
1
0
0.0573238
15
2
i = 2637
10859
2277
2299
2291.5
0.0789698
2.99047
23.2919
0.533099
176.725
157.94
172.966
0.150323
1
0
0.19243
19
0
i = 2638
11056
2279
2297
2291.51
0.080621
2.8981
22.8479
0.548078
164.395
151.115
159.043
0.164562
1
0
0.256127
15
1
i = 2639
12678
2284
2300
2291.53
0.077984
2.83139
22.9366
0.547479
161.54
149.75
162.052
0.152067
1
0
0.0197106
13
2
i = 2640
11055
2282
2299
2291.93
0.0866416
2.90406
20.9321
0.54135
151.315
137.125
150.593
0.167886
1
0
0.0723563
14
1
i = 2641
12677
2284
2301
2292.07
0.116567
2.90601
15.5406
0.54011
112.6
103.76
112.829
0.223826
1
0
0.0128038
14
2
i = 2642
12676
2281
2300
2292.12
0.113903
2.88003
15.8332
0.542525
115.295
104.97
113.727
0.219672
1
0
0.079219
16
2
i = 2643
10860
2285
2301
2292.19
0.095451
2.93241
19.0912
0.538742
139.12
128.19
139.431
0.184075
1
0
0.123324
13
0
i = 2644
11054
2283
2300
2292.35
0.0979556
3.09866
19.1212
0.524019
146.63
140.905
146.888
0.183656
1
0
0.0624742
14
1
i = 2645
10861
2281
2304
2292.4
0.106413
3.21186
17.8901
0.513319
148.415
133.705
143.98
0.193648
1
0
0.347455
20
0
i = 2646
12675
2281
2300
2292.75
0.125571
3.03879
14.7809
0.529479
112.1
106.61
111.143
0.238407
1
0
0.00997219
16
2
i = 2647
11053
2286
2299
2292.77
0.105926
2.72009
16.6194
0.561673
110.73
105.68
110.973
0.216014
1
0
0.17198
10
1
i = 2648
10862
2281
2300
2292.8
0.106158
2.8397
16.8813
0.546949
123.475
109.345
119.096
0.207168
1
0
0.375387
16
0
i = 2649
12674
2282
2302
2293.08
0.126066
3.01169
14.6247
0.530253
112.425
104.925
110.123
0.237201
1
0
0.0957467
17
2
i = 2650
12673
2283
2302
2293.25
0.122845
3.01464
15.0163
0.530055
114.17
108.075
113.115
0.231144
1
0
0.0276011
16
2
i = 2651
11052
2285
2300
2293.28
0.0978201
2.84354
18.3612
0.547702
129.56
120.905
128.927
0.192521
1
0
0.0684498
12
1
i = 2652
10863
2286
2300
2293.45
0.0970618
2.72467
18.1102
0.559523
121.69
115.79
121.896
0.195142
1
0
0.108922
11
0
i = 2653
11051
2281
2301
2293.65
0.0921399
2.94295
19.8045
0.537427
148.375
132.31
144.687
0.176862
1
0
0.278346
17
1
i = 2654
12672
2283
2301
2293.71
0.113415
3.01628
16.2994
0.531274
124.045
117.1
121.761
0.215805
1
0
0.133645
15
2
i = 2655
10864
2287
2303
2293.84
0.0941325
2.86419
19.1422
0.545403
136.785
124.76
136.581
0.184116
1
0
0.14043
13
0
i = 2656
12671
2287
2301
2294.19
0.106491
2.77119
16.6461
0.554879
113.51
108.015
114.049
0.21241
1
0
0.0708203
11
2
i = 2657
11050
2284
2301
2294.19
0.0962702
2.97193
19.0904
0.536096
141.02
129.045
139.848
0.185906
1
0
0.0403114
14
1
i = 2658
10865
2287
2303
2294.2
0.0925389
2.94601
19.7395
0.53756
146.13
132.325
144.799
0.178141
1
0
0.424842
13
0
i = 2659
11049
2285
2305
2294.56
0.0916021
2.98466
20.0347
0.532542
149.455
135.815
149.774
0.172983
1
0
0.12388
17
1
i = 2660
12670
2286
2301
2294.59
0.109463
2.88454
16.5631
0.544919
117.57
109.695
117.297
0.215911
1
0
0.0404713
12
2
i = 2661
10866
2287
2303
2294.66
0.0930129
2.8166
19.1774
0.548792
134.32
124.16
134.805
0.181667
1
0
0.0841599
13
0
i = 2662
12669
2284
2304
2294.71
0.132198
3.04696
14.0272
0.527123
108.085
101.325
106.921
0.24719
1
0
0.0275624
17
2
i = 2663
11048
2286
2303
2294.98
0.0958031
2.93335
18.9994
0.537674
137.755
125.585
138.918
0.183227
1
0
0.149609
14
1
i = 2664
10867
2287
2303
2295.07
0.0975516
2.82836
18.3222
0.547606
129.735
119.93
129.211
0.190066
1
0
0.0357743
13
0
i = 2665
12668
2285
2303
2295.23
0.13348
3.08586
13.9976
0.524786
109.75
102.065
107.272
0.250105
1
0
0.162785
15
2
i = 2666
11047
2288
2304
2295.38
0.0984113
2.84613
18.227
0.546235
128.935
119.95
129.416
0.191676
1
0
0.107054
13
1
i = 2667
10868
2287
2308
2295.42
0.0970442
3.28053
19.8457
0.508779
168.17
150.9
162.656
0.176052
1
0
0.508016
18
0
i = 2668
12667
2284
2305
2295.66
0.119992
3.08436
15.5486
0.523924
122.485
112.845
119.968
0.223014
1
0
0.134299
18
2
i = 2669
11046
2287
2303
2295.85
0.0836935
2.76753
21.1337
0.55389
145.465
135.185
145.413
0.165248
1
0
0.0949636
13
1
i = 2670
10869
2288
2306
2295.91
0.0934388
3.01899
19.7681
0.530196
148.945
141.165
149.104
0.176456
1
0
0.13377
15
0
i = 2671
12666
2286
2303
2296.01
0.103816
2.90515
17.477
0.541406
126.95
116.265
125.675
0.201392
1
0
0.0246765
14
2
i = 2672
12665
2287
2303
2296.28
0.103147
2.94311
17.7335
0.53882
129.465
119.23
128.567
0.20033
1
0
0.0257172
13
2
i = 2673
10870
2287
2303
2296.3
0.0907253
2.83966
19.782
0.547927
138.675
130.055
138.788
0.178473
1
0
0.0960371
13
0
i = 2674
11045
2287
2305
2296.49
0.0878567
2.82768
20.3334
0.547212
144.13
132.76
143.778
0.170572
1
0
0.0254321
15
1
i = 2675
12664
2287
2306
2296.8
0.111253
2.89996
16.2604
0.540278
118.635
107.125
118.026
0.213164
1
0
0.0276807
16
2
i = 2676
10871
2284
2304
2296.81
0.094144
2.89271
19.2185
0.542135
140.245
125.43
137.948
0.182365
1
0
0.0847034
17
0
i = 2677
11044
2289
2305
2296.99
0.0952062
2.79907
18.6746
0.550382
129.59
119.245
130.416
0.186343
1
0
0.0519403
13
1
i = 2678
12663
2290
2307
2297.23
0.1164
2.8919
15.5403
0.54216
111.48
103.56
112.171
0.225412
1
0
0.0271654
14
2
i = 2679
10872
2289
2306
2297.44
0.0999155
2.97857
18.3565
0.533559
136.945
123.3
136.428
0.189606
1
0
0.100506
14
0
i = 2680
12662
2287
2307
2297.67
0.129806
3.06903
14.3373
0.525231
111.145
104.15
110.069
0.241857
1
0
0.0219889
17
2
i = 2681
11043
2288
2304
2297.78
0.105891
2.91132
17.2355
0.543172
123.755
113.335
122.723
0.209247
1
0
0.0777497
13
1
i = 2682
10873
2290
2303
2298.1
0.108629
2.78273
16.8202
0.562388
112.79
108.875
110.635
0.231703
1
0
0.0878468
10
0
i = 2683
12661
2290
2305
2298.16
0.131241
2.95762
13.9699
0.537638
101.75
94.505
101.776
0.254541
1
0
0.0359103
12
2
i = 2684
11042
2289
2305
2298.28
0.102372
2.99806
18.048
0.534261
134.47
122.645
133.036
0.197665
1
0
0.112872
13
1
i = 2685
12660
2290
2307
2298.41
0.124285
3.06836
14.9818
0.525941
115.605
108.88
114.559
0.232856
1
0
0.0827529
14
2
i = 2686
10874
2290
2304
2298.6
0.103766
2.79558
17.3898
0.557432
118.16
112.41
117.051
0.214606
1
0
0.111342
11
0
i = 2687
11041
2289
2305
2298.63
0.0885385
2.873
20.4364
0.545915
146.705
134.07
144.2
0.174858
1
0
0.17905
13
1
i = 2688
12659
2289
2307
2298.9
0.120047
2.93733
15.1711
0.537187
111.88
99.585
111.158
0.229214
1
0
0.0918984
15
2
i = 2689
11040
2290
2305
2298.97
0.105385
2.88587
17.2696
0.546232
122.3
112.085
121.481
0.21032
1
0
0.104778
12
1
i = 2690
10875
2291
2306
2299.03
0.104102
2.9742
17.6554
0.536018
129.54
119.95
129.472
0.201134
1
0
0.104429
12
0
i = 2691
12658
2292
2307
2299.46
0.128195
2.86778
14.0536
0.544748
99.84
92.66
100.068
0.249907
1
0
0.0327573
12
2
i = 2692
10876
2291
2307
2299.64
0.110373
2.98619
16.6606
0.533901
123.39
112.415
123.273
0.210979
1
0
0.0481855
13
0
i = 2693
12657
2292
2307
2299.88
0.123117
2.98508
14.9515
0.534928
109.76
100.01
110.155
0.237207
1
0
0.0797441
12
2
i = 2694
11839
2293
2308
2299.99
0.114179
2.99541
16.1581
0.534265
119.86
108.395
119.879
0.220092
1
0
0.0904697
12
1
i = 2695
12656
2291
2306
2300.21
0.100233
2.80136
17.9019
0.554638
123.33
116.62
122.063
0.203416
1
0
0.0673148
12
2
i = 2696
10877
2290
2308
2300.21
0.105091
3.12699
17.9002
0.521449
140.575
131.8
138.912
0.195825
1
0
0.1915
15
0
i = 2697
11838
2292
2309
2300.52
0.0825334
2.8976
21.9148
0.54079
160.295
144.38
158.583
0.158573
1
0
0.156083
14
1
i = 2698
10878
2294
2309
2300.89
0.0762014
2.92046
23.8922
0.540653
172.115
157.745
173.17
0.148242
1
0
0.170111
12
0
i = 2699
12655
2292
2311
2300.95
0.0902034
3.00804
20.4268
0.530581
154.45
144.16
153.786
0.169835
1
0
0.220172
16
2
i = 2700
11837
2291
2308
2301.18
0.0673351
2.9355
27.1127
0.539154
199.055
181.315
196.431
0.13055
1
0
0.17853
14
1
i = 2701
10879
2294
2310
2301.61
0.0636003
2.96276
28.7834
0.535641
211.57
193.205
212.327
0.121677
1
0
0.0489766
13
0
i = 2702
11836
2293
2310
2301.7
0.0681379
2.96101
26.8376
0.535118
198.605
178.985
198.202
0.129664
1
0
0.100067
14
1
i = 2703
12654
2293
2311
2301.74
0.0607673
3.09289
30.7535
0.523514
237.875
223.6
237.571
0.113078
1
0
0.294691
15
2
i = 2704
12653
2293
2309
2301.8
0.122017
2.93013
14.9282
0.538923
109.215
98.53
108.388
0.235342
1
0
0.0241268
13
2
i = 2705
10880
2294
2311
2302.1
0.0801746
2.91771
22.6405
0.539038
165.575
151.06
165.015
0.153653
1
0
0.151635
14
0
i = 2706
10881
2289
2311
2302.32
0.104232
3.1466
18.0847
0.519003
147.72
133.455
141.993
0.192262
1
0
0.342692
19
0
i = 2707
11835
2294
2311
2302.35
0.0893575
2.90915
20.2821
0.539747
147.375
134.695
147.375
0.171387
1
0
0.152892
14
1
i = 2708
12652
2292
2309
2302.54
0.110918
2.88148
16.3291
0.544866
117.18
107.975
115.711
0.218291
1
0
0.0515651
14
2
i = 2709
12651
2296
2309
2302.66
0.107381
2.74645
16.477
0.559181
110.785
105.28
111.089
0.218291
1
0
0.0786864
10
2
i = 2710
11834
2293
2309
2302.67
0.0919286
2.92305
19.8781
0.541771
143.86
131.395
142.332
0.180822
1
0
0.080496
13
1
i = 2711
10882
2292
2311
2302.74
0.0999413
2.96199
18.2983
0.534878
136.27
122.84
135.273
0.18992
1
0
0.131868
16
0
i = 2712
11833
2294
2310
2303.23
0.0913602
2.80872
19.5262
0.550598
136.51
127.255
135.738
0.180208
1
0
0.0199153
13
1
i = 2713
12650
2295
2313
2303.25
0.116046
2.96951
15.7794
0.534241
118.025
106.33
117.17
0.220318
1
0
0.173697
15
2
i = 2714
10883
2295
2311
2303.34
0.10401
2.95474
17.575
0.536299
129.535
118.325
129.027
0.199144
1
0
0.175949
13
0
i = 2715
12649
2295
2311
2303.47
0.117119
2.89417
15.4447
0.541731
111.345
102.02
111.121
0.2263
1
0
0.086116
13
2
i = 2716
10884
2293
2311
2303.76
0.108273
3.01059
17.0593
0.53184
129.375
122.575
127.151
0.206327
1
0
0.401956
15
0
i = 2717
11832
2295
2311
2303.91
0.0973314
2.89293
18.5955
0.542367
133.925
121.83
133.289
0.18892
1
0
0.0225955
13
1
i = 2718
12648
2293
2312
2304.01
0.113448
2.85592
15.8282
0.544701
114.7
104.245
112.832
0.219521
1
0
0.0961339
16
2
i = 2719
11831
2293
2318
2304.39
0.0994009
3.09232
18.7923
0.52314
152.895
136.81
145.655
0.18434
1
0
0.381549
22
1
i = 2720
10885
2296
2312
2304.55
0.105156
3.02643
17.6067
0.530447
133.075
127.275
131.981
0.199845
1
0
0.161698
13
0
i = 2721
12647
2294
2315
2304.68
0.122647
2.91177
14.7792
0.539122
109.61
97.62
107.825
0.234407
1
0
0.0527835
18
2
i = 2722
11830
2297
2313
2304.96
0.0935788
2.9404
19.4822
0.537442
143.635
127.95
142.601
0.179363
1
0
0.225381
13
1
i = 2723
12646
2295
2315
2305.1
0.108203
2.92489
16.79
0.537928
124.96
112.125
123.005
0.206365
1
0
0.059106
17
2
i = 2724
10886
2296
2312
2305.17
0.10379
3.12673
18.2041
0.523813
140.31
134.985
139.537
0.197353
1
0
0.0268783
13
0
i = 2725
11829
2297
2312
2305.33
0.100256
3.01397
18.493
0.533442
137.67
133.23
136.715
0.19402
1
0
0.0800803
12
1
i = 2726
10887
2291
2313
2305.44
0.101458
3.20055
18.7801
0.516088
156.345
140.46
148.645
0.187964
1
0
0.527918
19
0
i = 2727
12645
2295
2316
2305.55
0.130126
2.9595
14.0435
0.534759
106.725
93.825
104.133
0.246693
1
0
0.0855938
18
2
i = 2728
12644
2296
2316
2305.96
0.116787
2.92366
15.5526
0.538041
115.15
102
113.899
0.222783
1
0
0.050056
17
2
i = 2729
10888
2297
2315
2306.06
0.0926349
2.82043
19.2591
0.547869
136.89
125.725
135.934
0.180014
1
0
0.128355
15
0
i = 2730
11828
2299
2312
2306.06
0.0867705
2.77304
20.5433
0.557575
139.435
133.17
138.889
0.177101
1
0
0.141502
10
1
i = 2731
12643
2295
2316
2306.45
0.112667
3.01405
16.369
0.529941
125.55
117.46
123.507
0.211726
1
0
0.0501883
18
2
i = 2732
10889
2300
2314
2306.65
0.0863417
2.82077
20.7325
0.550557
145.835
133.41
144.724
0.171505
1
0
0.388255
11
0
i = 2733
7433
2299
2313
2306.68
0.259454
2.91278
7.0339
0.543389
50.22
46.58
50.0898
0.51396
1
0
0.0108695
11
2
i = 2734
11827
2299
2321
2306.7
0.0773888
2.97024
23.6767
0.534594
181.64
157.835
175.791
0.147422
1
0
0.456394
19
1
i = 2735
12642
2298
2315
2306.95
0.091683
2.96125
19.9485
0.535189
146.785
132.825
147.199
0.174597
1
0
0.0488558
14
2
i = 2736
10890
2298
2314
2307.12
0.0867327
3.11608
21.7347
0.52447
169.515
160.255
166.229
0.164861
1
0
0.38187
13
0
i = 2737
11826
2299
2321
2307.29
0.0796701
3.04807
23.2885
0.527395
181.245
168.78
177.596
0.149401
1
0
0.172953
19
1
i = 2738
12641
2296
2316
2307.46
0.096485
2.80977
18.4559
0.548917
129.92
119.965
129.724
0.187867
1
0
0.00881102
17
2
i = 2739
10891
2298
2315
2307.7
0.100016
3.13069
18.8499
0.522101
149.635
138.545
145.684
0.187806
1
0
0.497232
14
0
i = 2740
11825
2297
2314
2307.82
0.0905818
3.00018
20.5072
0.536025
154.605
146.335
149.814
0.177759
1
0
0.494652
14
1
i = 2741
12640
2297
2317
2307.9
0.133531
2.94557
13.6539
0.536094
101.6
90.335
100.639
0.253892
1
0
0.0157561
17
2
i = 2742
11824
2300
2317
2308.48
0.103662
2.99887
17.7541
0.531797
133.43
120.11
132.801
0.196125
1
0
0.0373023
14
1
i = 2743
12639
2301
2317
2308.63
0.119879
2.87025
15.0236
0.543825
107.24
98.565
107.534
0.232292
1
0
0.0995921
13
2
i = 2744
10892
2298
2316
2308.63
0.109249
2.9995
16.868
0.532549
127.64
113.715
125.451
0.20809
1
0
0.151484
15
0
i = 2745
12638
2298
2317
2308.85
0.127033
3.10613
14.7484
0.522685
116.76
107.58
114.048
0.236467
1
0
0.150133
16
2
i = 2746
10893
2299
2314
2309.03
0.107363
2.90063
17.4779
0.551673
121.415
116.595
119.324
0.225731
1
0
0.0797692
12
0
i = 2747
11823
2302
2318
2309.18
0.10436
2.87854
17.2947
0.543525
124.785
114.085
124.101
0.20274
1
0
0.17058
13
1
i = 2748
12637
2300
2318
2309.47
0.122858
2.96334
14.8871
0.534681
111.27
99.56
110.182
0.233271
1
0
0.0875523
15
2
i = 2749
10894
2303
2315
2309.5
0.0980317
2.81221
18.4829
0.558058
125.45
120.33
124.661
0.20582
1
0
0.0522983
9
0
i = 2750
11822
2300
2318
2309.82
0.0948282
3.08877
19.7007
0.524127
153.265
143.25
151.515
0.176976
1
0
0.111983
15
1
i = 2751
12636
2299
2317
2310.04
0.121894
2.88512
14.8324
0.543223
106.395
98.675
105.958
0.237166
1
0
0.00692476
15
2
i = 2752
11821
2296
2318
2310.21
0.0934646
3.16489
20.2524
0.518419
165.07
150.795
159.003
0.173269
1
0
0.431195
19
1
i = 2753
10895
2301
2319
2310.22
0.090966
2.91136
19.9273
0.539325
145.01
132.985
145.055
0.1741
1
0
0.0454055
15
0
i = 2754
12635
2302
2318
2310.42
0.103929
2.97469
17.6515
0.534643
130.365
119.14
130.346
0.198561
1
0
0.0162674
13
2
i = 2755
10896
2300
2320
2310.84
0.0923116
2.87447
19.5103
0.542649
141.52
127.34
140.399
0.177628
1
0
0.0293557
17
0
i = 2756
11820
2296
2322
2310.87
0.0997694
3.30055
19.3432
0.506383
168.28
146.045
159.933
0.179113
1
0
0.455218
23
1
i = 2757
12634
2302
2319
2311.05
0.121464
3.0105
15.1856
0.530986
113.895
109.43
113.773
0.229782
1
0
0.0176901
14
2
i = 2758
10897
2303
2319
2311.16
0.0867685
2.91312
20.9119
0.539869
151.385
139.98
151.623
0.166972
1
0
0.0477309
13
0
i = 2759
12633
2300
2322
2311.54
0.112387
3.05179
16.5117
0.526613
127.725
119.695
126.239
0.209821
1
0
0.0280137
19
2
i = 2760
11819
2303
2319
2311.58
0.0899856
3.01605
20.5393
0.531339
152.74
147.56
153.442
0.171279
1
0
0.18962
13
1
i = 2761
10898
2304
2319
2311.74
0.0874959
2.94969
20.9
0.537733
151.775
140.32
152.495
0.169026
1
0
0.153881
12
0
i = 2762
12632
2301
2318
2311.95
0.0970367
2.92235
18.8869
0.543003
136.195
124.535
134.436
0.192763
1
0
0.0377119
14
2
i = 2763
11818
2304
2320
2312
0.0866331
2.96843
21.147
0.535011
156.3
143.255
156.157
0.165419
1
0
0.0536814
13
1
i = 2764
10899
2305
2322
2312.49
0.0944266
2.86792
19.0659
0.543999
136.155
126.175
136.603
0.182985
1
0
0.0808409
14
0
i = 2765
12631
2301
2320
2312.56
0.116471
2.97982
15.7653
0.534102
118.41
105.985
116.618
0.222199
1
0
0.0522514
16
2
i = 2766
11817
2303
2321
2312.61
0.09158
3.06752
20.3245
0.525752
156.055
147.325
155.443
0.171233
1
0
0.190643
15
1
i = 2767
12630
2304
2320
2312.97
0.111581
2.83787
16.0622
0.547443
113.58
103.745
113.027
0.218383
1
0
0.0142417
13
2
i = 2768
10900
2299
2323
2313
0.0932675
3.15101
20.2179
0.518294
164.715
150.16
159.493
0.171416
1
0
0.646358
21
0
i = 2769
11816
2302
2323
2313.32
0.084352
2.95815
21.6596
0.534901
163.995
144.95
160.455
0.159976
1
0
0.234782
18
1
i = 2770
12629
2306
2320
2313.48
0.108866
2.89831
16.6963
0.544117
118.815
111.365
118.723
0.215063
1
0
0.0851974
11
2
i = 2771
11815
2299
2322
2313.61
0.0613413
3.18584
30.9312
0.516073
252.625
230.73
245.413
0.112717
1
0
0.403811
20
1
i = 2772
12626
2304
2323
2313.66
0.0362941
3.26345
52.8903
0.509633
428.805
403.02
430.856
0.0657397
1
0
0.142603
16
2
i = 2773
10901
2303
2321
2313.79
0.0770566
2.90396
23.5264
0.541102
170.645
155.495
169.506
0.148998
1
0
0.107957
15
0
i = 2774
11814
2302
2324
2313.94
0.0433513
3.24706
44.1565
0.510599
359.585
331.77
358.813
0.0785069
1
0
0.0927704
19
1
i = 2775
12628
2305
2320
2314.1
0.0780654
2.86759
23.2667
0.548386
163.97
154.14
162.286
0.156832
1
0
0.0665161
12
2
i = 2776
10902
2304
2322
2314.31
0.0648319
3.01248
28.4684
0.530986
213.62
204.995
213.16
0.12279
1
0
0.0089056
15
0
i = 2777
10903
2300
2322
2314.39
0.0486344
3.28896
39.7401
0.509424
328.765
304.91
322.728
0.0891344
1
0
0.377686
19
0
i = 2778
10904
2304
2324
2314.41
0.0472608
3.34154
41.097
0.503553
342.92
319.285
342.959
0.0845315
1
0
0.0823162
17
0
i = 2779
12627
2303
2323
2314.52
0.0806932
2.96071
22.6557
0.534889
168.175
152.145
167.564
0.153244
1
0
0.017387
17
2
i = 2780
11813
2306
2324
2314.64
0.0459566
3.20177
41.3867
0.514813
328.87
310.96
330.559
0.0842514
1
0
0.322348
15
1
i = 2781
12625
2304
2323
2314.97
0.0603149
3.1826
31.4579
0.516712
250.83
234.355
248.728
0.111248
1
0
0.342012
16
2
i = 2782
10905
2304
2325
2315.25
0.0795794
3.33266
24.372
0.504116
205.215
188.485
203.014
0.142395
1
0
0.123351
18
0
i = 2783
11812
2308
2322
2315.59
0.067234
2.87129
26.911
0.546623
189.715
177.97
189.507
0.133395
1
0
0.217763
11
1
i = 2784
12624
2306
2323
2315.89
0.113911
3.01942
16.2482
0.531416
122.39
116.355
121.224
0.217405
1
0
0.0330891
14
2
i = 2785
11811
2306
2326
2316.22
0.0934173
3.21125
20.3791
0.513507
167.88
152.61
163.668
0.170213
1
0
0.429051
17
1
i = 2786
10906
2307
2323
2316.45
0.108323
3.01893
17.1436
0.533118
127.78
123.62
126.803
0.20969
1
0
0.0228947
13
0
i = 2787
12623
2308
2325
2316.48
0.116339
2.95422
15.6997
0.535695
115.58
105.545
115.756
0.221575
1
0
0.00473271
14
2
i = 2788
12602
2308
2342
2316.81
0.120954
2.407
18.1463
1.0001
633.535
104.465
109.479
0.485352
2
0
2.70991
28
2
i = 2789
12622
2306
2326
2316.85
0.134763
3.03763
13.7392
0.527951
106.745
98.49
104.383
0.252412
1
0
0.125551
17
2
i = 2790
11792
2309
2355
2316.91
0.20744
1.96665
7.40852
0.834724
538.455
57.935
36.5211
0.807362
2
0
4.26751
40
1
i = 2791
11810
2306
2324
2316.94
0.10659
3.29438
18.2127
0.510576
150.01
138.13
146.936
0.197935
1
0
0.184703
15
1
i = 2792
12621
2308
2326
2317.2
0.108718
2.89316
16.621
0.540999
120.42
110.34
120.255
0.208697
1
0
0.0406549
15
2
i = 2793
10907
2310
2329
2317.26
0.0991897
3.00231
18.5935
0.532497
139.77
133.56
139.258
0.189157
1
0
0.0374378
16
0
i = 2794
11809
2308
2325
2317.62
0.104953
3.06589
17.7604
0.527079
134.735
128.815
134.774
0.198278
1
0
0.154716
14
1
i = 2795
10908
2308
2326
2317.72
0.0964504
2.97724
19.0099
0.533549
142.365
127.44
141.213
0.18288
1
0
0.0697818
15
0
i = 2796
12620
2310
2327
2317.74
0.11342
2.88198
15.9083
0.54249
113.795
104.665
114.56
0.218928
1
0
0.0299712
14
2
i = 2797
12619
2311
2328
2317.9
0.118728
2.98997
15.5222
0.534345
114.945
103.805
115.512
0.228326
1
0
0.0252236
14
2
i = 2798
11808
2311
2325
2317.98
0.106767
2.83611
16.8069
0.548981
117.57
107.395
117.759
0.211347
1
0
0.228756
11
1
i = 2799
10909
2306
2327
2318.09
0.0967476
2.96282
18.9008
0.534573
143.13
127.145
140.063
0.18348
1
0
0.144811
18
0
i = 2800
12618
2310
2327
2318.46
0.104704
2.98813
17.5455
0.532726
131.505
118.295
130.796
0.198409
1
0
0.0446357
14
2
i = 2801
11791
2312
2334
2318.5
0.243894
2.62229
8.30375
0.576456
188.235
50.545
54.3829
0.532838
2
0
0.0956645
16
1
i = 2802
11807
2309
2327
2318.64
0.0944141
3.09794
19.8139
0.523252
153.24
144.41
152.95
0.175793
1
0
0.198753
15
1
i = 2803
10910
2312
2327
2318.93
0.0955657
2.79033
18.5977
0.552224
128.305
118.47
129.18
0.188828
1
0
0.133847
12
0
i = 2804
11806
2305
2327
2319.08
0.0926072
3.23049
20.6524
0.513178
170.905
156.32
165.471
0.170002
1
0
0.362344
19
1
i = 2805
12617
2308
2326
2319.13
0.119162
2.86362
15.1179
0.545343
109.33
99.725
107.14
0.23288
1
0
0.071462
15
2
i = 2806
10911
2309
2326
2319.42
0.0894924
2.84418
20.0826
0.547807
141.735
131.55
140.897
0.17637
1
0
0.00639518
14
0
i = 2807
12616
2310
2327
2319.65
0.102789
2.79703
17.2958
0.550787
119.815
112.065
120.411
0.201597
1
0
0.0440302
14
2
i = 2808
11805
2311
2325
2319.84
0.0928577
2.86739
19.8907
0.553008
137.845
129.78
135.568
0.193592
1
0
0.0138739
11
1
i = 2809
10912
2310
2334
2319.91
0.087424
3.10854
21.4234
0.521818
170.63
156.105
166.865
0.161765
1
0
0.127738
21
0
i = 2810
12615
2311
2330
2320.06
0.0981449
2.97321
18.6642
0.533635
138.605
126.695
138.914
0.185799
1
0
0.023945
16
2
i = 2811
11804
2312
2327
2320.46
0.0847471
2.78679
20.984
0.55328
144.555
135.965
144.336
0.168529
1
0
0.0657792
12
1
i = 2812
10913
2312
2330
2320.52
0.087437
2.91506
20.7457
0.539032
150.515
138.365
151.298
0.167307
1
0
0.0461027
15
0
i = 2813
12614
2312
2331
2320.53
0.10922
2.95826
16.7311
0.535095
125.96
112.245
123.887
0.207479
1
0
0.201009
16
2
i = 2814
11803
2314
2329
2321.08
0.0740465
2.7438
23.7886
0.556485
162.78
152.46
162.628
0.147068
1
0
0.189387
12
1
i = 2815
12613
2313
2331
2321.09
0.0881766
2.9439
20.6779
0.536603
152.3
139.23
152.231
0.168194
1
0
0.0184307
15
2
i = 2816
10914
2309
2328
2321.1
0.0824899
2.89125
21.9467
0.542808
158.92
146.135
156.981
0.160542
1
0
0.0995654
16
0
i = 2817
12612
2313
2332
2321.51
0.0844039
2.85102
21.2525
0.54497
152.74
139.205
151.734
0.1632
1
0
0.056006
16
2
i = 2818
11802
2313
2330
2321.51
0.0725728
2.94708
25.1367
0.536328
185.565
168.035
184.895
0.138369
1
0
0.0335289
14
1
i = 2819
10915
2314
2329
2321.61
0.0835575
2.82544
21.396
0.548595
149.38
139.55
150.155
0.163815
1
0
0.0671322
12
0
i = 2820
11801
2312
2332
2322.03
0.0845884
2.93774
21.5244
0.536752
160.175
144.365
158.381
0.160977
1
0
0.391511
17
1
i = 2821
12611
2311
2330
2322.16
0.108624
2.9975
16.944
0.532085
127.69
115.055
126.423
0.205853
1
0
0.0208103
16
2
i = 2822
10916
2314
2328
2322.19
0.0934307
2.81135
19.2437
0.553882
132.675
125.815
131.567
0.189615
1
0
0.0653287
11
0
i = 2823
12610
2315
2330
2322.6
0.10465
2.87002
17.2228
0.544558
122.235
113.6
122.651
0.203967
1
0
0.0316744
12
2
i = 2824
11800
2313
2331
2322.73
0.0899099
2.7879
19.7292
0.551123
138.735
127.135
137.506
0.175828
1
0
0.250662
15
1
i = 2825
10917
2313
2331
2322.96
0.102769
2.92191
17.6753
0.53861
129.85
116.295
128.818
0.196751
1
0
0.0878486
15
0
i = 2826
11799
2309
2331
2323.19
0.101432
3.1391
18.5816
0.520414
151.885
136.73
144.8
0.188598
1
0
0.572818
19
1
i = 2827
12609
2315
2331
2323.19
0.118056
2.92992
15.4154
0.538394
112.625
103.33
112.36
0.226669
1
0
0.0244308
13
2
i = 2828
10918
2315
2331
2323.57
0.102438
2.94003
17.8041
0.537768
130.405
118.81
129.913
0.196837
1
0
0.0475562
13
0
i = 2829
12608
2314
2332
2323.76
0.124085
3.04399
14.9434
0.527815
113.77
108.285
113.376
0.232973
1
0
0.0801388
15
2
i = 2830
11798
2315
2331
2323.95
0.0930982
2.82878
19.2181
0.548249
134.57
124.48
134.855
0.182395
1
0
0.1065
13
1
i = 2831
10919
2315
2332
2324.07
0.0913949
2.93272
19.9149
0.53778
145.59
133.665
145.522
0.174886
1
0
0.0082285
14
0
i = 2832
12607
2314
2332
2324.23
0.124124
3.01758
14.8803
0.530456
111.825
107.53
111.663
0.234728
1
0
0.0388507
15
2
i = 2833
10921
2309
2340
2324.36
0.0898312
5.76035
28.413
0.384122
411.11
387.47
407.316
0.123217
1
0
3.567
28
0
i = 2834
12606
2313
2332
2324.46
0.0755363
3.00837
24.4235
0.531517
183.485
175.55
182.448
0.143366
1
0
0.0293283
16
2
i = 2835
10920
2311
2333
2324.46
0.0773795
3.33202
25.084
0.504841
214.625
193
207.888
0.139299
1
0
0.807035
19
0
i = 2836
11797
2315
2333
2324.46
0.0743087
3.0038
24.7823
0.531124
188.52
177.3
185.845
0.140201
1
0
0.373266
15
1
i = 2837
12605
2313
2334
2325
0.118371
3.13384
15.8894
0.519897
126.665
117.055
124.411
0.218488
1
0
0.148659
18
2
i = 2838
11796
2315
2335
2325.08
0.0862347
3.08835
21.6486
0.523547
170.845
157.955
167.356
0.160118
1
0
0.315527
17
1
i = 2839
12604
2318
2334
2325.82
0.116255
2.88404
15.5282
0.542488
111.315
101.68
111.63
0.224665
1
0
0.0478767
13
2
i = 2840
11795
2319
2337
2326.09
0.08514
2.73062
20.6341
0.557534
142.52
131.95
140.857
0.169122
1
0
0.141342
15
1
i = 2841
12603
2310
2337
2326.18
0.111632
3.18313
16.9774
0.515636
145.045
126.005
135.385
0.204067
1
0
0.504865
24
2
i = 2842
12602
2308
2342
2326.33
0.14227
5.51126
37.5589
0.408119
633.535
505.845
517.188
0.193798
2
1
2.70991
28
2
i = 2843
10922
2307
2347
2326.45
0.113058
7.82108
26.3373
0.330209
514.845
489.495
510.909
0.134087
1
0
4.77071
37
0
i = 2844
10923
2318
2332
2326.48
0.0989795
2.77829
18.1198
0.558261
123.51
117.01
121.738
0.203866
1
0
0.0527919
11
0
i = 2845
11794
2321
2332
2326.71
0.0835015
2.52896
20.4669
0.586616
125.365
122.675
125.211
0.182256
1
0
0.201044
8
1
i = 2846
10924
2321
2332
2327.11
0.1045
2.76755
17.4764
0.567812
114.59
113.15
113.529
0.230417
1
0
0.166897
8
0
i = 2847
11793
2319
2336
2327.15
0.101504
3.39581
19.3427
0.501567
165.99
149.67
162.655
0.183408
1
0
1.40931
14
1
i = 2848
12601
2312
2347
2327.45
0.25024
3.91725
18.5901
0.502384
343.79
161.57
182.533
0.382677
2
0
1.04633
29
2
i = 2849
10925
2321
2333
2327.57
0.103445
2.70931
17.1303
0.566758
112.11
109.215
111.915
0.218162
1
0
0.301684
9
0
i = 2850
12600
2319
2351
2327.85
0.111586
2.92228
16.4016
0.540319
257.435
108.16
120.065
0.21738
2
0
0.0482992
26
2
i = 2851
11791
2312
2334
2328.14
0.109187
2.86099
19.1675
0.562243
188.235
134.74
133.369
0.247391
2
1
0.0956645
16
1
i = 2852
10926
2322
2334
2328.22
0.107362
2.69696
16.4046
0.566914
107.795
104.4
107.513
0.22489
1
0
0.113032
9
0
i = 2853
11792
2309
2355
2328.26
0.182555
7.63715
25.6752
0.341713
538.455
444.56
489.007
0.220436
2
1
4.26751
40
1
i = 2854
12599
2320
2352
2328.44
0.121767
2.90921
14.9012
0.540215
330.015
99.705
108.555
0.234562
2
0
0.0402658
26
2
i = 2855
12598
2318
2352
2328.77
0.139416
2.90118
13.05
0.541981
259.97
86.19
94.8973
0.271625
2
0
0.0344005
28
2
i = 2856
10927
2323
2334
2328.97
0.109243
2.60904
16.0022
0.580113
100.77
97.61
99.7698
0.23946
1
0
0.0374842
8
0
i = 2857
11790
2324
2333
2329.25
0.114501
2.29835
14.7751
0.625923
79.455
78.635
78.0712
0.282123
1
0
0.213164
6
1
i = 2858
12597
2319
2347
2329.56
0.125419
2.98904
15.5328
0.539662
251.135
105.575
116.366
0.254824
2
0
0.0652106
22
2
i = 2859
10928
2325
2334
2329.82
0.115018
2.17227
13.8762
0.636583
72.1
68.615
71.7439
0.277872
1
0
0.356764
6
0
i = 2860
11789
2325
2333
2329.92
0.113344
2.09015
14.7312
0.66088
70.595
70.595
68.6031
0.30012
1
0
0.317468
5
1
i = 2861
12596
2321
2347
2330.26
0.099546
2.90445
21.6179
0.548068
331.965
149.395
157.329
0.206083
2
0
0.0595856
20
2
i = 2862
10929
2326
2334
2330.36
0.130983
2.0437
11.9615
0.661452
57.58
57.58
57.085
0.337634
1
0
0.639903
5
0
i = 2863
12595
2321
2347
2330.76
0.221611
3.01373
15.7263
0.549101
269.305
105.845
118.764
0.394789
2
0
0.0158883
20
2
i = 2864
11788
2317
2347
2330.89
0.168047
2.95707
21.3685
0.567657
360.945
138.58
158.389
0.298996
2
0
0.326083
24
1
i = 2865
12594
2321
2349
2331
0.44778
2.83935
14.7304
1.25658
247.795
85.815
104.829
1.26628
2
0
0.0779591
22
2
i = 2866
10930
2320
2345
2331.43
0.253464
3.1994
20.1076
0.593919
285.285
144.38
161.239
0.430336
2
0
0.107065
19
0
i = 2867
12591
2322
2342
2333.15
0.0416761
3.15291
45.2713
0.518412
357.44
337.58
356.346
0.0767505
1
0
0.0459233
17
2
i = 2868
11785
2321
2343
2333.42
0.0403417
3.1747
46.9205
0.516422
375.645
351.04
372.612
0.0739075
1
0
0.291948
19
1
i = 2869
12590
2321
2342
2333.57
0.0462938
3.05953
40.1509
0.526338
309.995
291.77
306.496
0.0866002
1
0
0.210406
18
2
i = 2870
10933
2321
2344
2333.57
0.0411675
3.255
46.5545
0.509941
382.55
353.51
379.413
0.0744391
1
0
0.377316
20
0
i = 2871
11784
2321
2346
2333.59
0.0381548
3.17775
49.6293
0.516059
400.47
370.15
395.279
0.0698
1
0
0.214099
22
1
i = 2872
10934
2319
2341
2333.9
0.0420047
3.07157
44.4677
0.527172
342.605
322.8
337.058
0.0796808
1
0
0.314761
19
0
i = 2873
10932
2323
2343
2333.92
0.0562252
3.34895
34.5915
0.5032
287.645
266.475
288.818
0.100635
1
0
0.227693
17
0
i = 2874
11786
2326
2344
2334.09
0.0643614
3.67145
31.8094
0.483579
287.34
276.835
288.485
0.113121
1
0
0.719638
15
1
i = 2875
12589
2325
2341
2334.15
0.0535252
2.96995
34.3174
0.536223
251.625
232.795
251.294
0.103347
1
0
0.151081
13
2
i = 2876
11783
2323
2343
2334.31
0.0438939
2.99025
41.8552
0.532196
313.705
283.685
312.78
0.0829163
1
0
0.0967115
17
1
i = 2877
12592
2324
2347
2334.33
0.0695226
3.29627
27.7416
0.506759
230.11
213.29
229.08
0.124943
1
0
0.0695699
20
2
i = 2878
10935
2325
2345
2334.42
0.046596
3.09992
40.1413
0.522613
313.44
295.19
311.537
0.0863884
1
0
0.144929
17
0
i = 2879
12593
2323
2347
2334.45
0.0921453
4.15282
23.5036
0.451886
241.79
230.945
243.739
0.148113
1
0
0.47481
21
2
i = 2880
10931
2322
2344
2334.65
0.0888053
4.25016
24.7988
0.449146
255.705
249.345
259.073
0.14464
1
0
1.28531
19
0
i = 2881
12588
2327
2346
2334.82
0.0546975
2.93361
33.2828
0.537708
243.295
220.515
244.177
0.104659
1
0
0.0835603
16
2
i = 2882
11782
2326
2343
2335.1
0.0484586
2.93525
37.5775
0.537573
274.405
252.835
274.775
0.092705
1
0
0.182147
14
1
i = 2883
11787
2321
2348
2335.18
0.0901571
4.96808
26.2934
0.413632
318.705
306.68
324.803
0.133182
1
0
2.60535
24
1
i = 2884
10936
2327
2345
2335.31
0.0496537
3.03261
37.2712
0.528743
282.86
269.745
282.493
0.0933533
1
0
0.196377
15
0
i = 2885
12587
2325
2344
2335.42
0.0613945
2.96566
29.8014
0.534416
220.915
200.91
220.828
0.116472
1
0
0.0351966
16
2
i = 2886
11781
2325
2344
2335.97
0.0488178
2.90931
37.128
0.539746
269.965
243.215
269.487
0.093642
1
0
0.0477616
16
1
i = 2887
12586
2325
2345
2336.11
0.0546584
3.03384
33.8556
0.528339
257.69
245.2
256.741
0.102489
1
0
0.0174124
17
2
i = 2888
10937
2326
2344
2336.12
0.0477282
3.04072
38.8439
0.528385
294.22
282.67
293.819
0.0898765
1
0
0.195961
15
0
i = 2889
11780
2329
2343
2336.71
0.0527418
2.82289
34.0113
0.551113
236.205
220.87
235.513
0.105388
1
0
0.0825982
11
1
i = 2890
12585
2329
2344
2336.98
0.0561735
2.89186
32.2303
0.542932
229.68
210.965
230.513
0.109464
1
0
0.188104
12
2
i = 2891
10938
2328
2349
2336.99
0.0579348
3.04589
32.0038
0.527273
245.295
231.13
244.114
0.1084
1
0
0.245199
18
0
i = 2892
12584
2331
2346
2337.49
0.0996546
2.8025
17.9023
0.55195
123.48
116.36
124.741
0.197978
1
0
0.1563
12
2
i = 2893
11779
2329
2344
2337.61
0.0761314
2.92599
24.0059
0.541455
173.145
159.75
172.124
0.149609
1
0
0.0707526
12
1
i = 2894
12601
2312
2347
2337.8
0.26809
3.65407
16.4867
0.546546
343.79
157.915
149.73
0.438544
2
1
1.04633
29
2
i = 2895
10939
2328
2347
2338.04
0.0855519
3.12839
21.9665
0.5204
171.965
162.55
171.624
0.158114
1
0
0.0680467
16
0
i = 2896
12594
2321
2349
2338.05
0.428652
3.19073
17.561
0.916313
247.795
152.93
140.382
0.935761
2
1
0.0779591
22
2
i = 2897
12583
2330
2345
2338.38
0.108576
3.03379
17.1447
0.532026
127.605
124.265
127.378
0.210022
1
0
0.0277917
12
2
i = 2898
11778
2330
2347
2338.6
0.0790695
2.82855
22.5986
0.547245
158.86
147.24
159.728
0.15363
1
0
0.0532722
14
1
i = 2899
10940
2332
2346
2338.86
0.0892326
2.93143
20.4756
0.540963
147.225
136.325
147.862
0.175163
1
0
0.167894
11
0
i = 2900
10930
2320
2345
2339.09
0.239317
2.71783
18.4095
0.789506
285.285
133.93
122.588
0.52687
2
1
0.107065
19
0
i = 2901
12595
2321
2347
2339.19
0.162488
2.88011
20.8504
0.569654
269.305
154.93
149.719
0.296187
2
1
0.0158883
20
2
i = 2902
11777
2329
2349
2339.25
0.08033
2.79681
22.1148
0.550092
154.895
143.725
154.96
0.156656
1
0
0.176428
17
1
i = 2903
12582
2327
2346
2339.27
0.0872734
2.96687
21.0477
0.536719
157.13
141.97
153.804
0.168913
1
0
0.146046
16
2
i = 2904
11788
2317
2347
2339.36
0.140216
3.03768
25.9514
0.553866
360.945
206.88
195.803
0.249787
2
1
0.326083
24
1
i = 2905
10941
2332
2349
2339.45
0.0862222
2.87202
20.8968
0.543677
150.57
138.035
149.914
0.167056
1
0
0.170017
14
0
i = 2906
12581
2329
2347
2339.75
0.104248
2.99267
17.662
0.533329
132.075
118.71
130.93
0.199081
1
0
0.0349948
15
2
i = 2907
10942
2327
2347
2339.89
0.101675
3.08689
18.4183
0.525911
145.715
134.165
140.272
0.192475
1
0
0.533478
17
0
i = 2908
10923
2334
2345
2339.96
0.248862
2.92747
7.61264
0.556082
52.28
49.94
51.7967
0.550891
1
0
0.036217
8
0
i = 2909
11776
2333
2346
2340.08
0.0985308
2.75057
18.0101
0.559596
120.17
116.795
120.877
0.201518
1
0
0.430301
10
1
i = 2910
10929
2336
2343
2340.11
0.13518
2.02056
12.307
0.680499
56.26
56.26
54.461
0.383709
1
0
0.164478
4
0
i = 2911
12580
2331
2346
2340.14
0.121472
2.9705
15.2795
0.540122
111.105
103.445
109.728
0.24242
1
0
0.0419021
12
2
i = 2912
12596
2321
2347
2340.4
0.0886765
2.91924
24.2303
0.550678
331.965
170.265
174.145
0.189711
2
1
0.0595856
20
2
i = 2913
11775
2333
2346
2340.61
0.102053
2.78073
17.6343
0.559271
118.61
113.745
117.96
0.212199
1
0
0.175408
10
1
i = 2914
12579
2329
2346
2340.78
0.136467
2.99212
13.9089
0.54242
101.335
93.56
98.4268
0.280865
1
0
0.0475252
14
2
i = 2915
10943
2331
2350
2340.84
0.10344
3.13282
18.1799
0.519991
142.93
134.31
142.304
0.190973
1
0
0.203785
16
0
i = 2916
10928
2336
2346
2341
0.109121
2.50776
15.7643
0.594821
94.195
91.17
94.2419
0.249792
1
0
0.427041
7
0
i = 2917
12597
2319
2347
2341.05
0.10348
2.91349
18.6538
0.552399
251.135
137.24
132.12
0.224072
2
1
0.0652106
22
2
i = 2918
11789
2335
2346
2341.17
0.0702773
2.57518
24.7729
0.584009
152.82
151.9
151.923
0.155155
1
0
0.458168
8
1
i = 2919
12578
2332
2352
2341.24
0.127972
3.09413
14.6026
0.52313
115.255
106.94
113.117
0.237537
1
0
0.187089
17
2
i = 2920
11774
2334
2348
2341.32
0.0948109
2.98692
19.4825
0.536721
142.475
132.555
142.492
0.185632
1
0
0.0997304
11
1
i = 2921
10944
2334
2349
2341.68
0.10481
2.94043
17.4171
0.538478
127.565
115.64
126.769
0.202621
1
0
0.15665
12
0
i = 2922
10927
2336
2348
2341.92
0.118167
2.8159
15.2892
0.556976
103.805
97.48
104.236
0.246519
1
0
0.335166
9
0
i = 2923
12600
2319
2351
2341.99
0.11385
3.26446
16.9789
0.511993
257.435
129.67
138.318
0.211034
2
1
0.0482992
26
2
i = 2924
12577
2334
2349
2342.01
0.14196
3.12858
13.3088
0.523947
101.73
99.175
102.102
0.270474
1
0
0.0777114
12
2
i = 2925
10945
2334
2350
2342.25
0.104291
3.02488
17.74
0.530319
133.515
128.23
133.181
0.197804
1
0
0.0637963
13
0
i = 2926
11773
2335
2349
2342.28
0.100257
2.98832
18.4258
0.536553
133.985
126.135
134.887
0.196179
1
0
0.347829
11
1
i = 2927
11790
2336
2348
2342.3
0.0478353
2.71597
36.9903
0.565412
244.34
236.1
243.531
0.100236
1
0
0.196154
9
1
i = 2928
11791
2336
2347
2342.31
0.0871369
2.5495
19.9253
0.587152
122.4
120.95
120.634
0.193634
1
0
0.244983
8
1
i = 2929
12598
2318
2352
2342.42
0.0834871
2.96481
22.0272
0.536247
259.97
148.76
163.527
0.161028
2
1
0.0344005
28
2
i = 2930
12576
2331
2351
2342.54
0.114575
3.09614
16.3204
0.52326
127.575
119.735
126.035
0.213137
1
0
0.0843632
17
2
i = 2931
10924
2335
2352
2342.63
0.121793
3.12616
15.4505
0.521856
120.93
114.255
120.262
0.22763
1
0
0.182894
14
0
i = 2932
11772
2335
2352
2342.7
0.104061
3.10013
18.0018
0.523832
139.655
132.215
139.032
0.194952
1
0
0.358054
14
1
i = 2933
10926
2336
2348
2342.85
0.115261
2.70458
15.4398
0.56846
100.615
97.065
99.9434
0.245612
1
0
0.104301
9
0
i = 2934
10946
2335
2350
2342.92
0.107225
2.94017
17.031
0.538711
123.835
113.105
123.723
0.207666
1
0
0.0589605
12
0
i = 2935
12599
2320
2352
2343.17
0.0597205
2.92154
30.4444
0.538984
330.015
204.27
222.486
0.114714
2
1
0.0402658
26
2
i = 2936
12575
2332
2351
2343.17
0.130811
3.07191
14.2482
0.525833
112.835
103.395
108.796
0.245361
1
0
0.295405
16
2
i = 2937
11771
2331
2351
2343.28
0.100954
3.00325
18.2522
0.531718
140.375
130.495
136.325
0.191366
1
0
0.300523
17
1
i = 2938
10925
2336
2353
2343.29
0.0898479
2.73275
19.5555
0.557107
134.54
125.075
133.631
0.178105
1
0
0.144105
14
0
i = 2939
10947
2335
2349
2343.55
0.110653
2.83372
16.4277
0.553858
113.63
107.405
112.006
0.227651
1
0
0.0915313
11
0
i = 2940
12574
2335
2352
2343.59
0.131361
3.02547
14.0735
0.52953
106.53
100.575
106.133
0.247591
1
0
0.189221
14
2
i = 2941
12573
2334
2351
2343.93
0.116347
3.047
15.9873
0.529239
121.085
114.985
120.225
0.221488
1
0
0.00361598
14
2
i = 2942
10948
2334
2357
2344.13
0.102569
2.96247
17.8254
0.534493
134.145
119.885
132.346
0.194356
1
0
0.0735985
20
0
i = 2943
11770
2336
2354
2344.3
0.0992177
2.99316
18.5294
0.532144
140.755
124.925
138.663
0.187652
1
0
0.390286
15
1
i = 2944
12572
2337
2351
2344.59
0.111673
2.87177
16.2037
0.546586
114.34
106.955
114.12
0.221563
1
0
0.0314406
11
2
i = 2945
10949
2336
2354
2344.67
0.0923346
2.91599
19.6479
0.538916
143.605
129.755
143.331
0.176606
1
0
0.14012
15
0
i = 2946
11769
2335
2352
2344.8
0.0824032
2.93722
22.1307
0.538195
161.785
147.33
161.125
0.158648
1
0
0.0603518
14
1
i = 2947
12571
2335
2356
2345.1
0.0829004
2.91064
21.8609
0.539228
160.84
145.835
159.448
0.158476
1
0
0.0835259
18
2
i = 2948
11768
2336
2352
2345.28
0.0743527
2.88998
24.3624
0.543404
175.465
161.76
173.725
0.145309
1
0
0.423696
13
1
i = 2949
10950
2333
2360
2345.4
0.0864609
3.18259
21.9179
0.515665
182.255
162.91
174.847
0.15805
1
0
0.548182
24
0
i = 2950
12570
2338
2353
2345.83
0.0948638
2.91264
19.1513
0.540961
138.12
125.96
138.041
0.184149
1
0
0.0401907
12
2
i = 2951
11767
2336
2354
2346.02
0.0773336
2.96164
23.6512
0.535105
177.08
158.785
174.567
0.147205
1
0
0.251687
15
1
i = 2952
12569
2338
2353
2346.1
0.138508
3.04824
13.4516
0.530209
100.945
98.03
100.755
0.266007
1
0
0.0107619
12
2
i = 2953
10951
2339
2356
2346.18
0.0930641
3.09373
20.14
0.525246
156.7
147.385
155.003
0.175848
1
0
0.332342
14
0
i = 2954
12566
2333
2357
2346.4
0.0405837
3.46324
48.7133
0.494421
422.09
388.37
422.145
0.0711734
1
0
0.408325
21
2
i = 2955
10954
2334
2355
2346.49
0.0347993
3.48169
57.0618
0.494373
493.65
456.715
492.716
0.061565
1
0
0.60325
18
0
i = 2956
10952
2339
2355
2346.54
0.0729005
2.94276
25.0261
0.537433
184.27
167.145
183.439
0.139915
1
0
0.12581
13
0
i = 2957
12565
2334
2357
2346.58
0.0362717
3.65903
56.0335
0.481183
509.845
486.605
512.162
0.0619828
1
0
1.30391
20
2
i = 2958
10953
2337
2355
2346.66
0.0439833
3.10917
42.611
0.522341
331.02
313.315
330.045
0.0817698
1
0
0.110705
15
0
i = 2959
11766
2338
2354
2346.72
0.0634907
2.95374
28.8041
0.536774
210.46
192.1
210.831
0.121977
1
0
0.180542
13
1
i = 2960
12568
2338
2356
2346.74
0.0704065
2.86583
25.5435
0.543555
182.77
166.665
183.189
0.135777
1
0
0.0902918
15
2
i = 2961
11764
2335
2357
2346.76
0.0362989
3.44312
54.308
0.495925
466.18
430.025
467.564
0.0638791
1
0
1.09177
19
1
i = 2962
11765
2336
2354
2346.81
0.0495316
3.14793
38.1918
0.520948
297.64
283.48
296.378
0.0929815
1
0
0.403377
15
1
i = 2963
10955
2336
2360
2346.96
0.0422333
3.70607
48.4269
0.478014
446.5
423.88
449.286
0.0716415
1
0
1.16476
21
0
i = 2964
12567
2338
2355
2347.05
0.0570634
2.90646
31.7507
0.54013
229.655
212.3
230.045
0.109617
1
0
0.0349419
14
2
i = 2965
11763
2335
2360
2347.07
0.0339265
3.68995
60.1463
0.478939
557.43
524.855
555.935
0.0576142
1
0
0.61028
22
1
i = 2966
12564
2333
2356
2347.34
0.0717704
3.90265
29.3871
0.468403
283.535
268.405
282.285
0.121627
1
0
1.61084
20
2
i = 2967
11762
2334
2356
2348.13
0.0509422
3.66565
40.1957
0.483978
367.815
348.75
361.269
0.0896391
1
0
1.95898
19
1
i = 2968
10956
2337
2357
2348.31
0.0539574
3.42308
36.4663
0.498195
314.005
287.425
310.256
0.0959307
1
0
0.984463
17
0
i = 2969
12563
2339
2357
2348.69
0.0458858
3.1478
41.1033
0.519246
321.495
305.3
322.076
0.084869
1
0
0.121196
15
2
i = 2970
10957
2338
2357
2349.18
0.0552126
3.09062
33.8633
0.524312
261.59
248.575
260.036
0.103314
1
0
0.0121821
16
0
i = 2971
11761
2335
2358
2349.86
0.074052
3.20885
25.7258
0.51454
212.81
193.095
205.175
0.135962
1
0
0.709185
20
1
i = 2972
10958
2342
2357
2349.87
0.0780134
2.99215
23.6249
0.534335
174.025
158.795
174.449
0.150179
1
0
0.0877041
12
0
i = 2973
12562
2339
2359
2350.14
0.0943753
2.98007
19.4326
0.533049
145.72
131.75
144.802
0.178498
1
0
0.0177593
17
2
i = 2974
11760
2341
2361
2350.72
0.0901416
2.99455
20.393
0.531655
155.855
137.08
152.949
0.169936
1
0
0.156447
17
1
i = 2975
12561
2342
2358
2350.72
0.107801
2.88736
16.7656
0.542592
120.725
110.125
120.153
0.208927
1
0
0.01457
13
2
i = 2976
6623
2341
2356
2351.09
0.236121
2.75949
7.68752
0.564025
54.175
48.475
50.3052
0.502991
1
0
0.418664
12
1
i = 2977
10959
2341
2361
2351.18
0.101803
2.93797
17.8854
0.536733
132.355
120.45
131.604
0.193732
1
0
0.138409
17
0
i = 2978
12560
2343
2362
2351.35
0.120016
2.92506
15.1408
0.53815
111.21
100.94
110.855
0.22933
1
0
0.0565259
16
2
i = 2979
5850
2347
2357
2351.58
0.244156
2.56862
7.20381
0.590462
43.835
42.595
44.052
0.563466
1
0
0.116063
7
0
i = 2980
7423
2345
2358
2351.59
0.185922
2.80465
9.62733
0.554061
65.935
62.465
66.1564
0.376178
1
0
0.0428162
10
2
i = 2981
11759
2345
2358
2351.63
0.0970449
2.77805
18.3473
0.556374
124.285
118.25
124.982
0.196759
1
0
0.264981
10
1
i = 2982
12559
2341
2360
2351.9
0.125432
3.00382
14.6852
0.53132
112.085
104.455
109.952
0.23705
1
0
0.114073
16
2
i = 2983
10960
2345
2361
2352.1
0.0967478
2.7338
18.1693
0.557243
124.71
116.245
124.059
0.192117
1
0
0.171791
13
0
i = 2984
12558
2343
2363
2352.28
0.129895
3.05072
14.2847
0.526803
110.99
103.3
109.123
0.242743
1
0
0.0657748
17
2
i = 2985
11758
2346
2361
2352.57
0.101458
2.65861
17.0981
0.565613
112.745
106.99
113.364
0.205182
1
0
0.246348
12
1
i = 2986
10961
2344
2361
2352.79
0.101779
2.9352
17.888
0.537429
131.45
118.55
130.968
0.194474
1
0
0.0455451
14
0
i = 2987
12557
2344
2362
2352.92
0.122762
2.94513
14.8516
0.536247
109.22
97.89
109.381
0.233647
1
0
0.0633429
15
2
i = 2988
11757
2345
2363
2353.38
0.0966259
3.07371
19.283
0.525245
152.97
138.94
148.079
0.180519
1
0
1.09611
15
1
i = 2989
10962
2344
2362
2353.46
0.104094
3.00954
17.7082
0.530626
133.4
127.45
133.04
0.196226
1
0
0.130407
15
0
i = 2990
12556
2344
2362
2353.78
0.131007
3.02131
14.1006
0.529761
105.61
100.85
106.205
0.246826
1
0
0.0510724
15
2
i = 2991
12554
2345
2371
2355.26
0.217459
3.0302
24.3166
0.725926
322.955
154.1
184.666
0.418007
2
0
0.0358392
20
2
i = 2992
10963
2347
2368
2355.45
0.100953
3.86087
20.7947
0.471228
205.115
182.91
199.051
0.172495
1
0
3.75747
18
0
i = 2993
12553
2347
2364
2355.51
0.113825
2.87311
15.8223
0.543048
114.36
103.945
113.561
0.219549
1
0
0.055878
14
2
i = 2994
11756
2345
2370
2355.86
0.112366
5.05797
21.4153
0.412345
270.83
251.55
267.254
0.168912
1
0
6.9252
22
1
i = 2995
11753
2344
2364
2356.17
0.0797926
2.97639
22.9838
0.533927
173.43
155.55
170.325
0.151698
1
0
0.173466
17
1
i = 2996
11754
2345
2369
2356.18
0.0885461
3.80843
23.4152
0.471573
231.595
206.21
223.163
0.148207
1
0
2.48661
21
1
i = 2997
10966
2346
2365
2356.23
0.0862547
3.07643
21.6059
0.524771
166.44
158.125
165.997
0.160747
1
0
0.0212541
16
0
i = 2998
12552
2345
2364
2356.3
0.0858825
2.87734
20.9925
0.542915
151.775
138.61
150.498
0.165894
1
0
0.0236982
16
2
i = 2999
11752
2347
2365
2356.66
0.0834277
2.86922
21.5711
0.543318
153.725
141.87
154.645
0.160902
1
0
0.157929
15
1
i = 3000
10965
2345
2370
2356.71
0.101698
4.34345
21.782
0.441947
241.06
215.69
236.2
0.159982
1
0
3.84297
22
0
i = 3001
12551
2349
2364
2356.77
0.110429
3.04031
16.8298
0.530374
126.455
121
126.178
0.211399
1
0
0.0294594
12
2
i = 3002
10967
2347
2365
2356.79
0.0857904
2.99993
21.4551
0.531606
160.745
144.7
160.498
0.162157
1
0
0.0825137
15
0
i = 3003
12555
2345
2370
2356.88
0.08278
4.41318
26.9755
0.438495
295.455
273.915
297.051
0.129259
1
0
1.66712
22
2
i = 3004
11755
2344
2369
2357.09
0.0893227
4.99867
26.6754
0.413501
329.04
310.03
329.437
0.133173
1
0
6.6526
22
1
i = 3005
12550
2346
2367
2357.15
0.109624
2.94457
16.628
0.536123
125.02
111.53
122.639
0.208366
1
0
0.0644644
18
2
i = 3006
10968
2348
2367
2357.37
0.0930172
3.00213
19.7884
0.53105
149.17
141.995
148.673
0.175228
1
0
0.0841556
16
0
i = 3007
10964
2346
2369
2357.39
0.0903119
4.9603
26.3662
0.416713
318.08
305.105
321.075
0.137544
1
0
7.20126
20
0
i = 3008
11751
2350
2365
2357.43
0.0958557
2.99807
19.2394
0.533649
142.06
130.93
142.725
0.184092
1
0
0.215719
12
1
i = 3009
12549
2349
2366
2357.87
0.119475
2.98732
15.3756
0.532874
115.79
101.86
114.45
0.226575
1
0
0.14244
14
2
i = 3010
11750
2350
2364
2358.05
0.0996767
3.03106
18.8263
0.535463
138.625
136.475
137.649
0.198156
1
0
0.0795603
11
1
i = 3011
10969
2349
2367
2358.16
0.0990176
2.95549
18.4458
0.535323
138.92
123.385
136.269
0.18815
1
0
0.17336
15
0
i = 3012
12548
2351
2367
2358.51
0.118795
2.93944
15.3492
0.537741
111.365
102.885
112.388
0.228135
1
0
0.117821
13
2
i = 3013
10970
2351
2366
2358.77
0.104937
3.04625
17.7296
0.52991
133.53
127.685
133.152
0.200779
1
0
0.0525004
12
0
i = 3014
11749
2349
2365
2358.79
0.102421
2.98561
18.0804
0.537116
133.005
122.345
131.569
0.201114
1
0
0.288978
13
1
i = 3015
12547
2348
2367
2358.99
0.129834
3.0438
14.2843
0.52798
109.31
102.33
108.258
0.244083
1
0
0.0162985
16
2
i = 3016
12546
2350
2370
2359.56
0.106205
2.96343
17.2184
0.534439
128.8
115.695
127.812
0.201265
1
0
0.0302759
17
2
i = 3017
10971
2352
2366
2359.63
0.0970991
2.98353
19.0467
0.537611
138.71
128.615
138.573
0.191171
1
0
0.0956289
11
0
i = 3018
11748
2351
2370
2359.77
0.0949218
3.13711
19.8274
0.519755
157.22
145.94
155.537
0.175305
1
0
0.109862
16
1
i = 3019
12545
2349
2368
2360.17
0.11874
3.0383
15.6081
0.528623
119.95
112.98
117.952
0.22374
1
0
0.0654852
16
2
i = 3020
10972
2351
2368
2360.21
0.0931967
2.98369
19.7046
0.53341
146.01
134.02
146.255
0.177161
1
0
0.0213694
14
0
i = 3021
11747
2351
2371
2360.4
0.0952022
3.19996
19.9627
0.514457
161.85
149.135
159.849
0.173838
1
0
0.3533
17
1
i = 3022
12544
2349
2369
2360.93
0.120978
3.13196
15.5538
0.520666
124.01
113.735
121.175
0.224537
1
0
0.0937821
17
2
i = 3023
10973
2352
2367
2360.95
0.091927
2.88167
19.7767
0.546502
139.11
129.535
138.999
0.183402
1
0
0.125177
12
0
i = 3024
11746
2352
2371
2361.05
0.0957498
3.09315
19.5149
0.52329
153.19
142.795
150.998
0.177869
1
0
0.393119
16
1
i = 3025
12543
2350
2369
2361.54
0.113542
3.12638
16.5808
0.522012
130.225
122
128.286
0.212534
1
0
0.0560215
16
2
i = 3026
10974
2351
2367
2361.73
0.0890833
2.75829
20.1455
0.561451
135.5
129.355
133.591
0.185877
1
0
0.266799
13
0
i = 3027
11745
2351
2370
2361.9
0.0853597
3.09515
21.9105
0.523632
172.61
159.19
168.809
0.159204
1
0
0.376706
16
1
i = 3028
12542
2354
2369
2361.93
0.109072
2.97537
16.8496
0.535788
123.225
112.77
123.718
0.210471
1
0
0.0761957
12
2
i = 3029
10975
2354
2370
2362.38
0.0847475
2.92126
21.4444
0.539249
156.95
143.28
155.729
0.163037
1
0
0.189158
13
0
i = 3030
12541
2353
2369
2362.51
0.0981286
2.96771
18.754
0.537469
137.045
126.83
136.496
0.191218
1
0
0.0619191
13
2
i = 3031
11744
2353
2370
2362.52
0.0856677
3.09322
21.8533
0.524706
169.295
159.835
167.358
0.161073
1
0
0.141366
14
1
i = 3032
12534
2350
2375
2362.81
0.0587686
4.0526
36.3922
0.457135
365.915
349.3
368.795
0.0953459
1
0
1.2152
22
2
i = 3033
10976
2353
2371
2363.02
0.0898863
2.91344
20.1797
0.539412
147.55
134.695
146.621
0.172365
1
0
0.0420824
15
0
i = 3034
12554
2345
2371
2363.03
0.295821
3.06488
18.0188
0.705101
322.955
161.95
137.438
0.561033
2
1
0.0358392
20
2
i = 3035
11743
2354
2372
2363.16
0.0929696
2.84708
19.2805
0.545321
136.98
127.045
137.329
0.179848
1
0
0.081547
15
1
i = 3036
12540
2354
2371
2363.21
0.106493
2.98088
17.2361
0.533658
128.005
117.135
127.815
0.202527
1
0
0.0611385
14
2
i = 3037
10977
2349
2373
2363.69
0.094963
3.07697
19.6233
0.524553
159.115
141.885
151.045
0.176708
1
0
0.500768
21
0
i = 3038
12539
2355
2370
2363.79
0.119625
2.82729
15.0127
0.550597
104.66
97.365
104.082
0.238708
1
0
0.0114592
12
2
i = 3039
10980
2348
2376
2363.84
0.0787191
3.91505
26.7018
0.465001
264.515
242.11
261.665
0.129823
1
0
0.440004
25
0
i = 3040
10981
2353
2379
2363.88
0.0665628
4.08827
32.2883
0.455518
330.25
312.31
329.956
0.107919
1
0
0.579788
23
0
i = 3041
11742
2355
2370
2364.06
0.0895092
2.82542
20.1089
0.551835
138.855
132.17
138.597
0.180232
1
0
0.138836
12
1
i = 3042
12538
2356
2372
2364.4
0.102228
2.84391
17.5354
0.546265
123.895
115.24
124.145
0.198889
1
0
0.0124112
13
2
i = 3043
10978
2356
2372
2364.5
0.0931168
2.92374
19.5283
0.539128
142.44
130.11
141.821
0.179222
1
0
0.021986
13
0
i = 3044
12533
2352
2375
2364.54
0.0671951
4.23982
32.6094
0.44805
340.22
327.095
342.991
0.107776
1
0
0.639365
20
2
i = 3045
11741
2353
2372
2364.74
0.0868777
2.93685
20.9861
0.538107
155.855
139.37
152.89
0.167105
1
0
0.182965
16
1
i = 3046
10979
2356
2374
2364.81
0.0992749
3.0027
18.5453
0.531159
138.52
133.075
139.201
0.187243
1
0
0.104519
15
0
i = 3047
11738
2354
2374
2364.82
0.0765674
4.12616
28.3403
0.456171
283.945
278.85
287.129
0.126957
1
0
1.83695
17
1
i = 3048
12537
2356
2373
2364.89
0.12183
2.94233
14.9629
0.536829
109.775
99.475
109.768
0.232602
1
0
0.0303043
14
2
i = 3049
11737
2352
2375
2364.94
0.0535051
4.41925
41.9072
0.439919
452.32
433.3
456.703
0.0849778
1
0
3.07666
20
1
i = 3050
11740
2355
2373
2365.43
0.10198
3.03302
18.1657
0.52941
139.36
131.245
136.764
0.192861
1
0
0.279223
15
1
i = 3051
10982
2354
2375
2365.62
0.0635809
3.82522
32.7363
0.471714
309.025
294.715
310.534
0.107373
1
0
1.58543
18
0
i = 3052
12536
2354
2373
2365.62
0.13328
2.94408
13.6934
0.537294
100.725
91.415
100.095
0.255718
1
0
0.00735094
16
2
i = 3053
12535
2354
2373
2365.92
0.11065
3.098
16.9597
0.525111
131.08
124.3
129.532
0.209349
1
0
0.139577
16
2
i = 3054
11739
2356
2372
2366.11
0.101205
3.04059
18.5904
0.534342
139.245
134.275
136.361
0.200444
1
0
0.281289
13
1
i = 3055
11736
2353
2376
2367.17
0.0616417
3.98148
34.5606
0.463753
348.05
315.44
338.695
0.103434
1
0
3.93916
20
1
i = 3056
12532
2356
2375
2367.32
0.0453992
3.09392
41.2179
0.524239
318.945
302.95
316.468
0.0850556
1
0
0.230375
16
2
i = 3057
10983
2355
2378
2367.4
0.0542074
3.22395
35.186
0.512375
291.73
265.41
284.102
0.0984755
1
0
0.866697
20
0
i = 3058
12531
2361
2377
2368.53
0.0951232
2.9523
19.2116
0.536608
140.245
129.18
141.251
0.182337
1
0
0.0471193
13
2
i = 3059
10984
2359
2378
2368.72
0.0646368
3.16077
29.2235
0.517702
231.76
216.6
230.787
0.118819
1
0
0.0320561
16
0
i = 3060
11735
2360
2379
2368.96
0.0625514
3.08604
29.8383
0.523908
231.315
215.88
230.356
0.116347
1
0
0.0678181
16
1
i = 3061
12530
2358
2377
2369.16
0.0666229
3.01501
27.7082
0.530584
207.9
200.015
207.885
0.12594
1
0
0.0230557
16
2
i = 3062
10985
2354
2378
2369.37
0.0634575
3.14211
29.6844
0.519393
242.43
220.18
232.7
0.117155
1
0
1.03303
21
0
i = 3063
12529
2360
2380
2369.57
0.08801
3.07089
21.152
0.525044
163.87
153.675
162.645
0.163894
1
0
0.0711983
17
2
i = 3064
11734
2357
2379
2369.78
0.0712843
3.079
26.1506
0.524399
204.1
189.325
201.378
0.132623
1
0
0.1334
19
1
i = 3065
10986
2356
2379
2370.17
0.0824378
3.00605
22.3439
0.530767
171.31
160.315
167.909
0.155279
1
0
0.256086
20
0
i = 3066
11733
2360
2378
2370.61
0.0882061
2.92165
20.609
0.539259
149.255
137.4
149.572
0.169753
1
0
0.0883455
15
1
i = 3067
12528
2362
2378
2370.62
0.110858
2.78814
16.0111
0.551687
111.335
103.075
111.107
0.217804
1
0
0.0092446
13
2
i = 3068
26
2364
2377
2370.92
0.204664
3.009
9.13028
0.538527
66.6
65.38
66.2628
0.41208
1
0
0.0906028
10
0
i = 3069
10987
2362
2379
2371.05
0.0934522
3.10755
20.0615
0.522972
156.765
147.925
154.853
0.174513
1
0
0.450246
14
0
i = 3070
2296
2362
2381
2371.07
0.126783
3.00454
14.5245
0.530866
109.59
104.475
109.224
0.238799
1
0
0.035164
16
2
i = 3071
12527
2361
2379
2371.09
0.0948586
2.84738
18.9024
0.545556
134.76
124.43
134.298
0.183883
1
0
0.0383062
15
2
i = 3072
1586
2363
2383
2371.13
0.322353
3.48738
6.17274
0.494633
56.47
48.385
53.5787
0.573281
1
0
0.27239
17
1
i = 3073
11732
2365
2381
2371.45
0.0967515
2.86783
18.6725
0.546096
131.925
123.24
133.132
0.190757
1
0
0.0570993
13
1
i = 3074
10988
2362
2380
2371.51
0.0972702
3.21016
19.5819
0.514238
157.38
147.665
156.45
0.178242
1
0
0.317103
15
0
i = 3075
12526
2364
2379
2371.65
0.112038
2.83329
15.9803
0.547889
111.68
104.825
112.417
0.219443
1
0
0.121087
12
2
i = 3076
11731
2365
2384
2372.24
0.0882538
2.95286
20.7184
0.536748
152.555
139.73
152.695
0.169437
1
0
0.0630585
16
1
i = 3077
12525
2366
2381
2372.25
0.119343
2.78033
14.9055
0.554672
102.935
96.445
102.972
0.239066
1
0
0.0692773
12
2
i = 3078
10989
2364
2379
2372.34
0.0812179
2.9865
22.7153
0.535687
167.53
153.84
166.538
0.157629
1
0
0.16008
12
0
i = 3079
12524
2365
2382
2372.61
0.0675215
2.95205
27.0561
0.536339
198.155
181.535
199.38
0.129126
1
0
0.0371111
14
2
i = 3080
11730
2365
2387
2373.02
0.0603236
3.00335
30.5348
0.531413
231.09
219.225
229.374
0.114062
1
0
0.16729
19
1
i = 3081
10990
2365
2380
2373.19
0.0559983
3.00796
33.046
0.53359
245.405
238
244.327
0.108124
1
0
0.0800199
12
0
i = 3082
11729
2365
2381
2373.61
0.0571039
2.95874
32.0465
0.536205
234.5
215.03
235.139
0.109508
1
0
0.111649
13
1
i = 3083
10991
2364
2380
2373.65
0.0627114
3.03984
29.7858
0.532196
223.365
215.14
220.842
0.121924
1
0
0.0898456
13
0
i = 3084
12523
2363
2382
2373.7
0.0490833
3.03682
37.7302
0.528353
287.73
271.545
285.754
0.0921995
1
0
0.0566056
16
2
i = 3085
12522
2365
2381
2373.81
0.103019
2.91122
17.6222
0.540595
126.945
116.405
127.169
0.19922
1
0
0.0208642
13
2
i = 3086
11728
2364
2384
2374.01
0.0807766
3.0439
22.9441
0.527337
176.005
166.155
174.864
0.151053
1
0
0.113868
17
1
i = 3087
12521
2363
2380
2374.23
0.125353
2.87173
14.5292
0.548624
103.645
96.045
101.183
0.252973
1
0
0.106052
14
2
i = 3088
10992
2359
2380
2374.26
0.0927833
2.96548
20.0274
0.541073
150.225
135
143.235
0.186088
1
0
0.318715
18
0
i = 3089
12520
2367
2385
2374.83
0.121836
2.94732
14.9775
0.536492
111.13
99.54
110.346
0.23265
1
0
0.0473673
15
2
i = 3090
11727
2367
2383
2374.88
0.0979226
2.90895
18.5161
0.540231
133.195
122.69
134.185
0.188534
1
0
0.199903
13
1
i = 3091
10993
2367
2386
2375.11
0.097876
2.97852
18.7389
0.533511
143.105
126.9
139.616
0.185662
1
0
0.627349
16
0
i = 3092
12519
2366
2382
2375.47
0.113868
3.02102
16.3172
0.533002
121.505
117.815
120.733
0.220475
1
0
0.0360365
13
2
i = 3093
11726
2368
2383
2375.59
0.0953531
2.85962
18.8663
0.545488
133.61
124.29
133.905
0.186093
1
0
0.154348
12
1
i = 3094
10994
2367
2386
2375.81
0.100645
3.18681
18.8488
0.515753
151.66
138.655
150.144
0.184524
1
0
0.602552
16
0
i = 3095
12518
2366
2385
2375.97
0.116111
3.01408
15.8848
0.530039
119.855
113.17
119.716
0.218376
1
0
0.00474051
16
2
i = 3096
11725
2368
2386
2376.02
0.0935824
2.91225
19.3781
0.539492
141.865
129.16
141.152
0.179446
1
0
0.115095
15
1
i = 3097
10995
2366
2386
2376.38
0.0946953
2.95275
19.2763
0.535398
144.365
129.11
142.521
0.179769
1
0
0.230745
17
0
i = 3098
12517
2365
2385
2376.54
0.115375
2.96813
15.8655
0.534237
119.06
106.045
117.62
0.218866
1
0
0.0549817
17
2
i = 3099
11724
2368
2387
2376.65
0.106581
3.05377
17.4211
0.52673
132.9
125.81
133.099
0.199389
1
0
0.0759413
16
1
i = 3100
10996
2369
2384
2376.77
0.0922961
2.90389
19.6512
0.541667
142.115
129.54
141.317
0.179272
1
0
0.0888763
12
0
i = 3101
12516
2369
2387
2377.14
0.133866
3.08261
13.942
0.524665
107.975
101.955
107.343
0.25011
1
0
0.135064
15
2
i = 3102
11723
2369
2391
2377.45
0.102099
3.17579
18.5524
0.516816
149.185
138.42
147.34
0.18779
1
0
0.083694
19
1
i = 3103
10997
2369
2387
2377.47
0.0964435
3.2198
19.7804
0.513507
160.335
148.605
158.845
0.176523
1
0
0.143285
15
0
i = 3104
12515
2366
2386
2377.63
0.11298
3.02398
16.3556
0.529399
125.475
117.5
123.419
0.212544
1
0
0.0553527
17
2
i = 3105
10998
2369
2387
2378.09
0.10184
3.00909
18.0974
0.530594
136.69
130.38
136.069
0.191877
1
0
0.0761995
15
0
i = 3106
11722
2367
2387
2378.14
0.0940796
3.22633
20.2891
0.512581
165.445
153.025
163.296
0.171424
1
0
0.192483
17
1
i = 3107
12514
2370
2389
2378.5
0.127396
3.14234
14.7882
0.519476
116.725
109.45
116.167
0.235393
1
0
0.0341136
16
2
i = 3108
12513
2371
2387
2378.91
0.110183
2.85933
16.3118
0.544726
115.915
106.15
116.282
0.213673
1
0
0.0315405
13
2
i = 3109
10999
2372
2389
2378.92
0.0967269
2.82577
18.4924
0.548698
132.45
117.86
130.399
0.189853
1
0
0.411161
14
0
i = 3110
11721
2364
2387
2379.04
0.098201
3.16633
19.273
0.518071
160.01
143.345
151.587
0.181645
1
0
0.630733
20
1
i = 3111
12512
2372
2387
2379.36
0.11944
2.99265
15.4263
0.534112
113.72
105.2
114.28
0.229556
1
0
0.0536926
12
2
i = 3112
11720
2367
2388
2379.63
0.0969205
3.13563
19.4191
0.520091
154.965
142.79
151.737
0.179365
1
0
0.206266
18
1
i = 3113
11000
2371
2391
2379.64
0.0976991
2.97223
18.7477
0.533805
143.09
124.885
139.519
0.185111
1
0
0.716303
17
0
i = 3114
12511
2371
2387
2379.86
0.125967
2.94764
14.5078
0.537521
106.26
96.62
105.848
0.242647
1
0
0.0477563
13
2
i = 3115
11001
2368
2388
2379.97
0.10278
3.14953
18.3618
0.519312
146.33
134.83
143.767
0.190392
1
0
0.0849659
17
0
i = 3116
11719
2370
2388
2380.26
0.102793
3.11966
18.28
0.522097
143.38
134.925
141.496
0.191825
1
0
0.144801
15
1
i = 3117
12510
2372
2389
2380.58
0.127822
3.04258
14.5047
0.528086
109.92
105.065
109.978
0.240337
1
0
0.0100769
14
2
i = 3118
11002
2373
2388
2380.78
0.104487
2.93217
17.4472
0.53924
126.39
116.405
126.581
0.202292
1
0
0.183781
12
0
i = 3119
11718
2374
2386
2381.02
0.109747
2.76901
16.5467
0.563959
109.775
106.94
108.542
0.23502
1
0
0.169243
9
1
i = 3120
12509
2372
2388
2381.23
0.123905
2.96202
14.8099
0.537106
108.565
100.02
108.062
0.239892
1
0
0.00498566
13
2
i = 3121
11717
2373
2390
2381.66
0.0923957
2.78691
19.1956
0.551268
132.335
124.24
133.718
0.180788
1
0
0.113493
14
1
i = 3122
12508
2372
2389
2381.83
0.113459
2.85673
15.8449
0.545441
112.375
103.115
112.367
0.22098
1
0
0.0122458
14
2
i = 3123
11003
2374
2393
2381.92
0.102607
3.02247
18.0119
0.529873
137.24
128.025
136.081
0.193632
1
0
0.258888
16
0
i = 3124
12507
2372
2392
2382.36
0.103746
2.85096
17.2884
0.544851
125.495
113.055
123.462
0.200403
1
0
0.0810618
17
2
i = 3125
11716
2374
2391
2382.42
0.0873833
2.83718
20.4799
0.546422
145.445
134.16
145.227
0.169539
1
0
0.0425973
14
1
i = 3126
11004
2373
2391
2382.55
0.0960561
3.12237
19.5518
0.521208
153.32
143.365
152.121
0.178159
1
0
0.163577
15
0
i = 3127
12506
2375
2393
2383.04
0.103896
2.93135
17.5122
0.537758
128.55
117.295
128.38
0.198613
1
0
0.0114832
15
2
i = 3128
11715
2376
2390
2383.18
0.0876859
2.70873
19.9746
0.560763
133.43
127.445
134.038
0.176235
1
0
0.0863928
11
1
i = 3129
11005
2373
2391
2383.21
0.0941436
3.08149
19.831
0.525118
155.21
144.19
151.797
0.176464
1
0
0.317294
15
0
i = 3130
12505
2372
2392
2383.69
0.116279
2.98438
15.7868
0.532871
118.54
106.25
117.59
0.220144
1
0
0.0255701
17
2
i = 3131
11006
2376
2391
2383.77
0.0936199
2.82292
19.0897
0.5489
134.67
123.775
133.743
0.183715
1
0
0.1608
12
0
i = 3132
11714
2377
2392
2383.88
0.092536
2.78856
19.2024
0.552458
132.33
123.32
133.295
0.182988
1
0
0.0764159
12
1
i = 3133
12504
2376
2391
2384.32
0.110309
2.83794
16.2681
0.548291
114.67
107.005
113.969
0.217405
1
0
0.210502
12
2
i = 3134
11007
2375
2390
2384.45
0.0916842
2.70221
19.2299
0.564871
128.485
121.55
126.335
0.189676
1
0
0.0491974
12
0
i = 3135
11713
2376
2392
2384.46
0.096373
2.89919
18.786
0.541274
134.69
125.2
135.388
0.18607
1
0
0.0607641
13
1
i = 3136
12503
2376
2392
2384.78
0.106768
2.81363
16.7055
0.549427
117.37
108.135
116.802
0.209232
1
0
0.0655114
13
2
i = 3137
12502
2374
2395
2385.14
0.126543
3.08289
14.7395
0.523986
116.62
107.365
113.763
0.235122
1
0
0.121461
18
2
i = 3138
11008
2376
2392
2385.25
0.0987851
2.9179
18.4283
0.540896
133.925
122.73
132.621
0.192289
1
0
0.0540018
13
0
i = 3139
11712
2377
2394
2385.32
0.100081
2.96256
18.2765
0.534976
134.055
123.995
135.157
0.190398
1
0
0.073801
14
1
i = 3140
12501
2375
2394
2385.82
0.13592
3.11802
13.8106
0.521694
107.47
101.57
107.201
0.252541
1
0
0.0150507
16
2
i = 3141
11009
2375
2394
2385.96
0.109894
3.03483
16.8502
0.528711
129.79
120.4
127.368
0.206816
1
0
0.143896
16
0
i = 3142
11711
2378
2399
2386.04
0.100793
2.95733
18.1318
0.535423
137.48
122.59
134.159
0.191888
1
0
0.317123
18
1
i = 3143
12500
2379
2394
2386.49
0.123377
3.00407
14.9634
0.533155
110.86
107.255
111.175
0.236788
1
0
0.0588915
12
2
i = 3144
11010
2379
2394
2386.58
0.114298
2.94461
15.9821
0.538084
116.125
107.29
116.545
0.220786
1
0
0.0679257
12
0
i = 3145
11710
2379
2396
2386.61
0.109554
2.9542
16.6816
0.536148
123.535
111.94
123.016
0.20944
1
0
0.111124
14
1
i = 3146
12499
2379
2395
2387.04
0.141407
2.98732
12.9981
0.533401
96.56
88.32
96.5423
0.269337
1
0
0.0389643
13
2
i = 3147
11011
2377
2401
2387.32
0.106058
3.1243
17.7039
0.520478
144.335
130.29
138.611
0.195712
1
0
0.293344
21
0
i = 3148
11709
2378
2396
2387.42
0.0996531
3.07137
18.6881
0.52535
144.855
136.015
143.198
0.186097
1
0
0.115405
15
1
i = 3149
12498
2379
2396
2387.6
0.113693
2.95523
16.0679
0.535612
118.285
107.755
118.476
0.216513
1
0
0.00640245
14
2
i = 3150
11012
2380
2396
2387.87
0.0918335
2.92106
19.7859
0.539157
144.735
129.77
143.955
0.176512
1
0
0.167409
13
0
i = 3151
12497
2377
2395
2388.09
0.0961276
2.9239
18.9446
0.539935
139.1
126.745
136.921
0.186295
1
0
0.127163
15
2
i = 3152
11708
2381
2396
2388.2
0.0942754
2.89261
19.2002
0.542676
137.74
127.685
137.916
0.183404
1
0
0.0271456
12
1
i = 3153
11013
2382
2395
2388.42
0.0997804
2.72969
17.6701
0.560636
118.41
112.655
118.737
0.203038
1
0
0.229109
10
0
i = 3154
12496
2377
2396
2388.52
0.120649
2.89331
14.9894
0.541669
112.865
98.78
107.879
0.232894
1
0
0.606618
16
2
i = 3155
11707
2378
2396
2388.7
0.0959344
3.01346
19.2592
0.531488
144.895
138.205
143.765
0.182573
1
0
0.0480419
15
1
i = 3156
12495
2378
2396
2389.13
0.11463
2.69207
15.2201
0.561669
103.935
96.28
101.816
0.229614
1
0
0.112545
15
2
i = 3157
11014
2380
2396
2389.27
0.104991
2.84218
17.1
0.547629
119.605
112.845
120.114
0.206351
1
0
0.125692
13
0
i = 3158
11706
2379
2402
2389.32
0.0980079
3.01747
18.8274
0.529599
146.21
134.815
142.378
0.184012
1
0
0.221649
20
1
i = 3159
12494
2378
2397
2389.77
0.125237
2.87143
14.3908
0.543994
107.945
93.71
102.619
0.243198
1
0
0.461954
16
2
i = 3160
11015
2379
2403
2389.94
0.101628
3.15365
18.5619
0.518035
153.765
136.22
146.708
0.186639
1
0
0.394757
21
0
i = 3161
11705
2381
2397
2389.96
0.0931018
2.81225
19.1596
0.5498
133.425
123.005
133.7
0.18285
1
0
0.106976
13
1
i = 3162
12493
2380
2398
2390.44
0.121659
3.04486
15.2583
0.528437
116.465
110.675
115.288
0.22974
1
0
0.026289
15
2
i = 3163
11704
2382
2397
2390.64
0.0814754
2.83957
22.0688
0.548978
154.875
144.62
154.006
0.161658
1
0
0.145254
12
1
i = 3164
11016
2379
2401
2390.65
0.0895726
3.09194
20.8532
0.52319
165.98
151.11
161.503
0.166148
1
0
0.246789
19
0
i = 3165
12492
2383
2398
2390.91
0.104487
2.9822
17.6094
0.535192
129.695
117.75
129.597
0.201421
1
0
0.0151325
12
2
i = 3166
11017
2384
2397
2391.01
0.0729358
2.73715
24.2508
0.560609
162.65
155.835
162.26
0.149104
1
0
0.104702
10
0
i = 3167
12491
2380
2402
2391.24
0.0595659
2.88383
30.2842
0.54172
221.845
200.635
218.872
0.114389
1
0
0.232413
19
2
i = 3168
11703
2384
2398
2391.29
0.065454
2.90284
27.7737
0.543449
197.385
186.155
198.191
0.128937
1
0
0.309974
11
1
i = 3169
11018
2384
2398
2391.5
0.0656785
2.8423
27.3828
0.548918
192.015
179.125
191.338
0.130449
1
0
0.0915973
11
0
i = 3170
12490
2383
2401
2391.72
0.0982087
3.05294
18.9045
0.526862
144.29
137.005
144.214
0.183842
1
0
0.0256121
15
2
i = 3171
11702
2384
2399
2391.73
0.0723409
3.00277
25.5185
0.533341
188.695
182.645
189.252
0.138953
1
0
0.118306
12
1
i = 3172
11019
2382
2400
2392.21
0.0816232
3.01072
22.6015
0.531019
169.82
162.685
169.26
0.154478
1
0
0.0235427
15
0
i = 3173
12489
2385
2401
2392.26
0.099099
2.86672
18.1712
0.544486
129.48
120.24
129.896
0.192663
1
0
0.0193363
13
2
i = 3174
11701
2381
2401
2392.49
0.0867816
3.08593
21.5107
0.524079
168.48
157.125
165.624
0.16164
1
0
0.226413
17
1
i = 3175
11020
2383
2402
2392.91
0.0984021
3.16182
19.1998
0.517652
154.16
140.235
151.61
0.180915
1
0
0.374837
16
0
i = 3176
12488
2384
2401
2392.96
0.107266
2.88814
16.8358
0.541752
121.025
110.035
121.294
0.20656
1
0
0.00928337
14
2
i = 3177
11700
2383
2399
2392.99
0.096239
2.99459
19.329
0.537324
144.22
128.355
140.378
0.190306
1
0
0.325535
13
1
i = 3178
12487
2383
2402
2393.49
0.127403
2.97185
14.3765
0.533892
107.605
96.71
106.722
0.241509
1
0
0.0115549
16
2
i = 3179
11021
2387
2401
2393.53
0.109222
3.00355
16.9776
0.53568
125.295
120.47
125.364
0.214064
1
0
0.260531
11
0
i = 3180
11699
2384
2400
2393.73
0.0993976
2.95471
18.5069
0.539371
135.79
123.87
133.624
0.1953
1
0
0.196527
13
1
i = 3181
12486
2384
2403
2394.15
0.116748
2.9094
15.5208
0.539444
112.95
103.64
112.956
0.223408
1
0
0.018726
16
2
i = 3182
11022
2387
2403
2394.25
0.103302
2.79329
17.2012
0.551316
119.37
111.99
119.941
0.202998
1
0
0.130055
13
0
i = 3183
12485
2386
2402
2394.61
0.113995
2.87398
15.8139
0.543675
112.675
103.99
112.932
0.221118
1
0
0.0333894
13
2
i = 3184
11698
2387
2406
2394.7
0.102168
2.88336
17.6649
0.542356
127.385
116.56
127.391
0.197158
1
0
0.0921318
16
1
i = 3185
11023
2386
2402
2395.1
0.0945939
2.85354
19.0077
0.546237
134.745
125.33
134.269
0.185085
1
0
0.0232169
13
0
i = 3186
11697
2386
2404
2395.15
0.101285
2.97749
18.1002
0.533366
135.46
122.27
134.686
0.191785
1
0
0.0359063
15
1
i = 3187
12484
2385
2402
2395.25
0.112958
2.9994
16.3564
0.533977
121.375
111.39
120.723
0.21776
1
0
0.013178
14
2
i = 3188
11024
2388
2401
2395.44
0.0931892
2.81464
19.39
0.555478
132.645
126.85
131.661
0.191951
1
0
0.122269
10
0
i = 3189
12483
2387
2402
2395.61
0.102454
2.85216
17.5897
0.547799
123.24
115.67
123.279
0.202888
1
0
0.06408
12
2
i = 3190
11696
2384
2402
2395.82
0.0903117
2.88479
20.1139
0.5456
145.635
131.39
141.958
0.179188
1
0
0.149608
15
1
i = 3191
11025
2387
2403
2396.16
0.0914378
3.00172
20.2049
0.53362
148.96
145.8
149.361
0.175972
1
0
0.12078
13
0
i = 3192
12482
2386
2404
2396.41
0.115628
2.94153
15.7707
0.537238
116.095
105.825
115.376
0.221413
1
0
0.0387634
15
2
i = 3193
11695
2389
2402
2396.47
0.0897902
2.7146
19.6998
0.564308
130.43
125.155
129.669
0.186384
1
0
0.0339011
10
1
i = 3194
12481
2387
2403
2396.84
0.104399
2.84318
17.2619
0.549294
121.84
112.415
120.214
0.208159
1
0
0.111751
13
2
i = 3195
11026
2388
2404
2396.98
0.0936845
3.12058
20.12
0.523755
154.495
148.085
154.381
0.177426
1
0
0.124782
13
0
i = 3196
12477
2385
2406
2397.03
0.0527913
3.93609
40.0799
0.466037
388.21
367.48
389.03
0.0887575
1
0
0.800095
18
2
i = 3197
12480
2389
2406
2397.11
0.101964
2.79745
17.428
0.550285
121.69
113.48
121.931
0.199225
1
0
0.0110474
14
2
i = 3198
11694
2391
2404
2397.14
0.0956849
2.739
18.4753
0.560099
124.28
118.665
124.667
0.195033
1
0
0.0506775
10
1
i = 3199
11692
2387
2405
2397.35
0.0718938
3.51912
27.8905
0.493869
241.865
235.105
240.665
0.129004
1
0
0.420776
15
1
i = 3200
11693
2389
2408
2397.55
0.0952207
3.1268
19.7348
0.520702
156.37
144.95
154.286
0.176283
1
0
0.230115
16
1
i = 3201
11027
2390
2407
2397.66
0.0995727
2.93795
18.3008
0.537523
133.325
121.895
134.251
0.190716
1
0
0.128379
14
0
i = 3202
11029
2384
2409
2397.77
0.0579946
3.64735
34.983
0.481774
322.66
301.985
319.314
0.099101
1
0
0.965595
22
0
i = 3203
11028
2390
2405
2397.84
0.0852074
2.96415
21.5208
0.536612
157.48
144.04
157.601
0.164468
1
0
0.0903234
12
0
i = 3204
12479
2386
2406
2397.87
0.12541
2.82738
14.2452
0.547337
101.755
91.61
100.623
0.243682
1
0
0.0208738
17
2
i = 3205
12478
2387
2405
2397.89
0.104164
3.02865
17.7967
0.530617
134.23
127.68
133.185
0.198521
1
0
0.00945141
15
2
i = 3206
11691
2387
2406
2398.17
0.0543236
3.68129
37.8005
0.483283
343.925
329.225
340.559
0.0956793
1
0
2.0307
16
1
i = 3207
11030
2382
2409
2398.61
0.0560728
3.60852
35.9937
0.484493
332.25
308.14
324.599
0.096448
1
0
1.65295
24
0
i = 3208
12476
2388
2407
2399.37
0.0556974
3.05664
33.39
0.52735
255.75
243.12
253.377
0.104916
1
0
0.23936
16
2
i = 3209
11690
2388
2409
2399.5
0.0535774
3.0585
34.6755
0.526097
265.74
253.055
265.416
0.0999671
1
0
0.450773
18
1
i = 3210
11031
2390
2409
2399.77
0.0663872
3.09772
28.1662
0.522879
220.92
205.255
218.104
0.123207
1
0
0.200477
16
0
i = 3211
12475
2392
2410
2399.85
0.0775435
2.88823
23.2914
0.541798
168.59
152.36
168.248
0.149389
1
0
0.0408835
15
2
i = 3212
11689
2391
2408
2400.17
0.0710229
2.90571
25.5091
0.540271
184.69
170.495
184.671
0.136532
1
0
0.144968
14
1
i = 3213
12474
2389
2408
2400.32
0.0955336
2.79177
18.5855
0.551004
130.735
120.275
129.425
0.18709
1
0
0.015906
16
2
i = 3214
11032
2392
2407
2400.35
0.0885283
2.93032
20.6255
0.540345
149.175
138.045
148.663
0.172806
1
0
0.133508
12
0
i = 3215
11688
2386
2414
2400.77
0.0851957
3.06028
21.8117
0.525869
175.16
156.975
167.315
0.158818
1
0
0.296178
25
1
i = 3216
11033
2392
2407
2400.81
0.0939376
3.023
19.8626
0.534397
148.15
142.66
145.952
0.184249
1
0
0.24693
12
0
i = 3217
12473
2392
2409
2400.85
0.129229
3.10398
14.4958
0.523116
111.86
106.27
111.895
0.241138
1
0
0.0199017
14
2
i = 3218
12472
2390
2412
2401.08
0.0865427
3.01181
21.3016
0.530089
163.095
153.2
160.766
0.16263
1
0
0.103797
19
2
i = 3219
11034
2392
2408
2401.39
0.0795904
2.92705
22.9286
0.54049
166.17
153.53
165.153
0.155256
1
0
0.211089
13
0
i = 3220
11687
2394
2409
2401.42
0.0737993
2.71592
23.7379
0.559041
159.58
151.19
160.626
0.146983
1
0
0.132238
12
1
i = 3221
12471
2391
2412
2401.78
0.103151
3.01077
17.8689
0.530195
136.485
127.98
134.763
0.193894
1
0
0.0847698
18
2
i = 3222
11035
2394
2409
2401.95
0.0901066
2.88371
20.0613
0.543601
141.86
130.905
143.154
0.175695
1
0
0.324886
12
0
i = 3223
11686
2395
2409
2402.01
0.0781403
2.9241
23.3477
0.541521
167.455
157.245
168.083
0.153428
1
0
0.159959
11
1
i = 3224
12470
2391
2413
2402.16
0.109099
3.03857
16.9724
0.527752
131.76
122.875
129.223
0.204115
1
0
0.159654
19
2
i = 3225
11036
2391
2410
2402.6
0.0929753
3.0508
19.9946
0.528209
152.27
145.07
151.132
0.175832
1
0
0.0452576
16
0
i = 3226
12465
2392
2412
2402.62
0.0786837
3.74502
26.168
0.476677
242.255
231.775
243.16
0.134209
1
0
0.756939
17
2
i = 3227
12469
2393
2412
2402.63
0.0918206
2.9812
19.9761
0.532897
149.165
134.43
149.021
0.173561
1
0
0.00119471
16
2
i = 3228
11685
2395
2412
2402.72
0.0826275
3.00055
22.2915
0.532032
165.455
159.465
166.889
0.156791
1
0
0.134502
14
1
i = 3229
12468
2393
2410
2403.04
0.120579
2.88263
14.9877
0.543462
107.505
99.455
106.967
0.234716
1
0
0.00265831
14
2
i = 3230
12464
2392
2415
2403.08
0.0717449
3.58417
28.0325
0.486016
251.2
239.345
251.525
0.12369
1
0
0.125516
20
2
i = 3231
11684
2395
2413
2403.12
0.0967518
3.05451
19.2008
0.527017
148.535
139.09
146.524
0.181513
1
0
0.139842
15
1
i = 3232
11039
2394
2412
2403.19
0.0877315
3.54195
22.8405
0.49072
199.44
193.445
200.291
0.154663
1
0
0.0987745
15
0
i = 3233
11681
2388
2416
2403.25
0.0705791
3.81297
29.3892
0.471133
284.96
261.56
280.71
0.117891
1
0
0.577061
25
1
i = 3234
11037
2396
2410
2403.32
0.101582
2.85962
17.7513
0.547135
124.855
117.325
124.965
0.200945
1
0
0.0464573
11
0
i = 3235
10240
2392
2418
2403.37
0.0819896
3.73567
25.043
0.47606
237.98
220.29
234.316
0.138457
1
0
0.762984
23
0
i = 3236
12467
2395
2411
2403.5
0.124359
2.94629
14.6804
0.537155
107.795
98.18
107.384
0.238622
1
0
0.0171087
13
2
i = 3237
11038
2396
2411
2403.57
0.0973619
3.18346
19.5695
0.519526
152.475
146.34
153.053
0.184064
1
0
0.250678
12
0
i = 3238
11683
2396
2413
2403.85
0.0964385
2.86683
18.658
0.543813
133.695
121.62
133.687
0.186476
1
0
0.122434
14
1
i = 3239
11682
2394
2412
2403.87
0.0794347
2.97388
23.0709
0.533923
171.085
155.285
171.088
0.150793
1
0
0.33261
15
1
i = 3240
12466
2394
2413
2403.91
0.117674
3.06694
15.8111
0.525488
122.705
114.515
121.213
0.219466
1
0
0.0901938
16
2
i = 3241
11680
2391
2412
2404.04
0.0896331
3.59406
22.5823
0.488125
201.005
193.22
199.637
0.158326
1
0
0.329456
18
1
i = 3242
10241
2393
2411
2404.54
0.0931954
3.19345
20.5996
0.520103
166.22
153.985
159.846
0.178118
1
0
0.752651
15
0
i = 3243
12463
2398
2413
2405.17
0.127989
3.04366
14.5314
0.530168
108.825
105.85
109.372
0.245061
1
0
0.0395079
12
2
i = 3244
11679
2395
2413
2405.62
0.0964096
2.95191
18.956
0.536606
141.08
127.17
138.908
0.184771
1
0
0.2046
15
1
i = 3245
12462
2397
2413
2405.77
0.133921
3.07899
13.96
0.526541
106.965
101.74
106.09
0.253719
1
0
0.0367871
13
2
i = 3246
10242
2394
2412
2405.79
0.103034
3.02778
18.1198
0.53373
135.255
130.61
133.507
0.201535
1
0
0.0897284
15
0
i = 3247
12461
2396
2413
2406.22
0.103203
2.89555
17.5641
0.54271
127.04
116.66
125.609
0.201216
1
0
0.0209395
14
2
i = 3248
10243
2397
2417
2406.65
0.0761647
3.17127
24.8389
0.516717
197.18
185.655
197.141
0.139631
1
0
0.065942
17
0
i = 3249
11678
2394
2420
2406.75
0.0734879
3.12591
25.5564
0.520319
208.185
186.52
200.241
0.135548
1
0
0.44935
23
1
i = 3250
11677
2398
2415
2407.05
0.0599807
2.88554
30.0959
0.542032
216.05
200.19
216.561
0.11559
1
0
0.0962861
14
1
i = 3251
12460
2397
2415
2407.08
0.0552594
2.96125
33.0985
0.535183
243.83
223.905
244.191
0.105231
1
0
0.0243665
15
2
i = 3252
10244
2397
2418
2407.16
0.0685356
3.07754
27.1908
0.524424
211.655
198.7
209.626
0.127435
1
0
0.106173
18
0
i = 3253
12459
2400
2418
2407.23
0.0986741
2.83302
18.1387
0.547531
129.505
118.835
128.398
0.192692
1
0
0.0534481
15
2
i = 3254
11676
2397
2413
2407.35
0.0843916
2.93167
21.9068
0.54437
156.605
147.055
154.711
0.170488
1
0
0.147924
13
1
i = 3255
10245
2397
2415
2407.37
0.0860357
3.056
21.6137
0.527415
163.99
157.275
163.961
0.162093
1
0
0.0742136
15
0
i = 3256
12458
2400
2414
2407.39
0.105341
2.76955
16.8294
0.55524
115.11
108.56
115.036
0.210517
1
0
0.0136633
11
2
i = 3257
10246
2401
2414
2407.58
0.101899
2.94459
18.0663
0.542833
128.92
121.575
129.404
0.204752
1
0
0.213616
10
0
i = 3258
12457
2399
2414
2407.8
0.125395
3.04703
14.9484
0.532522
111.635
108.03
110.6
0.245467
1
0
0.00950044
12
2
i = 3259
11675
2401
2413
2407.91
0.105656
2.8797
17.6005
0.554634
120.17
115.185
119.484
0.22472
1
0
0.388504
9
1
i = 3260
10247
2402
2419
2408.28
0.107097
2.90715
17.0188
0.543297
124.155
112.885
122.805
0.211318
1
0
0.352873
14
0
i = 3261
11674
2398
2413
2408.33
0.106126
2.91401
18.0377
0.553058
124.465
120.41
121.82
0.226976
1
0
0.125072
12
1
i = 3262
12456
2397
2415
2408.4
0.130133
3.05059
14.3467
0.530336
109.965
104.065
107.252
0.25059
1
0
0.149027
15
2
i = 3263
12455
2400
2416
2408.67
0.12135
2.92416
14.9903
0.539278
109.05
100.045
108.743
0.233915
1
0
0.0940982
13
2
i = 3264
10248
2400
2416
2408.76
0.0966355
2.92156
18.8189
0.539624
136.77
123.84
136.304
0.186523
1
0
0.154074
13
0
i = 3265
11673
2401
2418
2409.03
0.0969738
3.07695
19.2329
0.525384
148.02
140.4
147.519
0.181708
1
0
0.0960822
14
1
i = 3266
10249
2399
2416
2409.08
0.0900513
2.77538
19.6791
0.553439
136.485
127.22
135.52
0.178032
1
0
0.0124106
14
0
i = 3267
12454
2399
2419
2409.27
0.10985
2.93564
16.5686
0.536948
124.01
110.39
121.811
0.209132
1
0
0.112116
17
2
i = 3268
11672
2403
2415
2409.39
0.0889317
2.77958
20.1945
0.560324
135.39
131.09
135.278
0.186317
1
0
0.26186
9
1
i = 3269
12453
2402
2416
2409.45
0.0975971
2.71062
17.9614
0.560856
120.505
113.865
120.334
0.196545
1
0
0.018855
11
2
i = 3270
10250
2396
2417
2409.49
0.0909504
2.98318
20.1979
0.533714
152.12
136.07
149.655
0.173286
1
0
0.0944263
18
0
i = 3271
11671
2401
2417
2409.65
0.0877918
2.98194
20.9311
0.534279
154.5
141.51
154.648
0.167931
1
0
0.104313
13
1
i = 3272
12452
2403
2418
2409.82
0.0973492
2.76563
18.1771
0.554701
124.45
115.835
125.191
0.193238
1
0
0.0354984
12
2
i = 3273
10251
2401
2420
2409.96
0.0904857
2.93856
20.1256
0.536762
149.26
133.04
148.071
0.172294
1
0
0.0926295
16
0
i = 3274
12451
2403
2417
2410.05
0.103444
2.77448
17.1452
0.554517
117.225
111.365
117.709
0.206152
1
0
0.0591808
11
2
i = 3275
11670
2399
2417
2410.2
0.0917241
2.99518
20.121
0.534159
151.445
136.795
148.455
0.17666
1
0
0.294925
15
1
i = 3276
10252
2402
2417
2410.38
0.0858801
2.8208
20.8335
0.549971
145.595
136.29
145.044
0.169797
1
0
0.132495
12
0
i = 3277
12450
2403
2417
2410.46
0.0902744
2.7608
19.6092
0.556152
133.385
126.2
133.557
0.180744
1
0
0.055276
11
2
i = 3278
11669
2400
2416
2410.75
0.0965633
2.89781
19.2033
0.549709
136.06
126.865
132.56
0.199653
1
0
0.170223
13
1
i = 3279
10253
2403
2417
2410.77
0.0951223
2.94113
19.3076
0.541378
139.425
129.005
138.42
0.188485
1
0
0.206064
11
0
i = 3280
12449
2400
2418
2410.87
0.115192
2.88707
15.6932
0.542736
113.39
102.355
112.374
0.223486
1
0
0.0230628
15
2
i = 3281
11668
2402
2418
2411.21
0.0942283
3.03207
19.7198
0.531299
148.37
142.82
146.993
0.180981
1
0
0.219673
13
1
i = 3282
12448
2403
2421
2411.33
0.114689
2.82825
15.5784
0.547199
110.735
101.7
110.285
0.222718
1
0
0.0176941
15
2
i = 3283
10254
2402
2419
2411.36
0.115107
3.07585
16.21
0.525865
124.26
118.385
123.667
0.216439
1
0
0.120921
14
0
i = 3284
11667
2402
2417
2411.68
0.101028
2.76142
17.756
0.560859
121.985
113.66
118.035
0.210224
1
0
0.314685
12
1
i = 3285
12447
2405
2419
2411.71
0.125838
2.76834
14.0814
0.555225
96.32
89.87
96.6147
0.251252
1
0
0.0529406
11
2
i = 3286
12446
2405
2419
2411.91
0.118136
2.82495
15.158
0.549978
105.585
97.91
105.866
0.23415
1
0
0.0322426
11
2
i = 3287
10255
2402
2421
2411.91
0.111771
2.84001
16.0167
0.545935
114.66
103.295
113.872
0.216379
1
0
0.142172
16
0
i = 3288
11666
2398
2419
2412.06
0.0944582
2.93869
19.328
0.538568
148.37
128.54
140.412
0.18259
1
0
0.850781
18
1
i = 3289
10256
2406
2420
2412.25
0.109033
2.73094
16.1605
0.559532
109.935
102.8
109.491
0.220121
1
0
0.395995
11
0
i = 3290
12445
2401
2420
2412.3
0.101165
2.89881
17.8886
0.54095
130.595
118.925
129.162
0.194768
1
0
0.0557049
16
2
i = 3291
12444
2404
2420
2412.6
0.0985452
2.80913
18.0803
0.549669
126.79
117.325
126.379
0.19296
1
0
0.0411609
13
2
i = 3292
10257
2406
2419
2412.61
0.102566
2.95246
17.9782
0.542253
129.605
119.81
129.024
0.206063
1
0
0.189345
10
0
i = 3293
11665
2404
2421
2412.78
0.0821529
3.07933
22.7083
0.525089
175.425
165.18
174.028
0.153756
1
0
0.208522
14
1
i = 3294
12443
2403
2422
2412.94
0.107745
2.92126
16.8516
0.538328
125.49
110.16
123.175
0.205727
1
0
0.108258
16
2
i = 3295
10258
2401
2419
2413.02
0.0952182
2.96819
19.4436
0.539587
142.325
131.21
140.048
0.188933
1
0
0.0709766
15
0
i = 3296
11664
2405
2420
2413.13
0.0871846
2.92076
20.8853
0.540672
151.275
139.615
150.507
0.169665
1
0
0.0802462
12
1
i = 3297
10259
2404
2420
2413.2
0.0937877
2.85173
19.1718
0.546622
136.44
126.12
135.186
0.183887
1
0
0.121413
13
0
i = 3298
12442
2403
2420
2413.43
0.116626
2.87967
15.5135
0.544671
111.135
102.6
110.066
0.228898
1
0
0.0150652
14
2
i = 3299
10260
2405
2421
2413.49
0.0970768
2.73798
18.1141
0.556478
122.855
115.395
123.638
0.192101
1
0
0.254783
13
0
i = 3300
11663
2407
2423
2413.9
0.0797934
3.06323
23.4009
0.528506
176.76
167.395
177.884
0.152363
1
0
0.452218
13
1
i = 3301
12441
2406
2421
2413.93
0.114893
2.84446
15.6202
0.547074
109.75
101.035
110.086
0.22508
1
0
0.0353315
12
2
i = 3302
10261
2400
2424
2414.07
0.0638187
3.03474
28.9967
0.528107
226.25
209.345
220.377
0.119497
1
0
0.321215
21
0
i = 3303
11662
2405
2425
2414.18
0.0542632
3.20644
35.0614
0.514003
282.885
264.375
281.285
0.0990397
1
0
0.126937
17
1
i = 3304
11661
2401
2421
2414.23
0.0504757
3.06358
37.0244
0.528728
285.49
269.655
278.658
0.0965918
1
0
0.472235
17
1
i = 3305
12440
2403
2424
2414.31
0.0464902
3.05546
39.941
0.526338
307.19
290.65
305.504
0.0867716
1
0
0.158131
18
2
i = 3306
12439
2402
2425
2414.31
0.0570425
3.04003
32.4691
0.527624
253.855
234.325
247.325
0.106696
1
0
0.340588
20
2
i = 3307
10262
2400
2423
2414.43
0.044205
3.08976
42.254
0.523726
330.75
309.85
325.825
0.0822655
1
0
0.362217
20
0
i = 3308
10263
2405
2422
2414.65
0.0615573
2.99503
29.9156
0.532993
223.4
201.73
222.087
0.117382
1
0
0.206056
14
0
i = 3309
11660
2404
2422
2414.74
0.063017
3.00515
29.2809
0.53226
220.565
209
217.923
0.120133
1
0
0.363376
15
1
i = 3310
12438
2406
2425
2414.78
0.0910316
2.84458
19.682
0.545531
141.71
127.53
140.224
0.176135
1
0
0.102289
16
2
i = 3311
12437
2404
2422
2414.99
0.0870585
2.84754
20.623
0.546525
145.71
133.04
145.614
0.170122
1
0
0.0164563
15
2
i = 3312
10264
2407
2421
2415.03
0.0838704
2.88709
21.7259
0.546735
154.285
144.21
152.518
0.168186
1
0
0.150131
11
0
i = 3313
11659
2405
2422
2415.08
0.0764019
2.88392
23.6629
0.543438
171.785
157.29
168.868
0.148809
1
0
0.376973
14
1
i = 3314
12436
2406
2425
2415.4
0.110912
3.07157
16.7871
0.525062
130.81
121.88
128.982
0.206649
1
0
0.0944634
16
2
i = 3315
10265
2408
2423
2415.46
0.0831035
2.92395
21.8999
0.539836
158.56
145.845
158.766
0.160899
1
0
0.26404
12
0
i = 3316
11658
2409
2421
2415.52
0.0824503
2.71796
21.5179
0.565824
141.27
136.74
141.129
0.173562
1
0
0.368886
9
1
i = 3317
12435
2406
2426
2415.53
0.0860049
2.94497
21.1961
0.536107
159.79
141.32
156.368
0.16349
1
0
0.219807
17
2
i = 3318
10266
2407
2423
2415.81
0.0885775
2.96109
20.6779
0.536285
151.935
137.535
151.574
0.170216
1
0
0.109778
13
0
i = 3319
11657
2406
2422
2415.9
0.0792439
2.88511
22.9433
0.54591
163.34
150.39
161.662
0.157662
1
0
0.123269
13
1
i = 3320
12434
2408
2424
2415.92
0.120749
3.00336
15.2641
0.532052
113.8
108.51
113.989
0.229523
1
0
0.0201906
13
2
i = 3321
10267
2406
2425
2416.03
0.100741
3.16662
18.769
0.517299
149.23
139.905
148.379
0.185137
1
0
0.119124
16
0
i = 3322
11656
2410
2422
2416.31
0.0877873
2.74081
20.2685
0.563337
134.135
130.575
134.418
0.183841
1
0
0.412696
9
1
i = 3323
10268
2407
2424
2416.34
0.103476
3.1765
18.3368
0.517905
145.445
136.965
144.148
0.192188
1
0
0.148749
14
0
i = 3324
12433
2409
2425
2416.36
0.124564
2.89797
14.5347
0.541546
105.465
96.345
104.992
0.240868
1
0
0.0362385
13
2
i = 3325
12432
2406
2426
2416.82
0.109587
2.80546
16.236
0.549264
116.225
103.61
114.065
0.213415
1
0
0.119342
17
2
i = 3326
10269
2410
2424
2416.87
0.0949352
2.73214
18.5319
0.558495
124.51
117.305
125.561
0.190198
1
0
0.21276
11
0
i = 3327
11655
2410
2425
2416.96
0.0855745
2.89119
21.1575
0.543073
151.11
138.535
151.93
0.166886
1
0
0.219713
12
1
i = 3328
12431
2409
2426
2417.19
0.121005
2.86739
14.8692
0.543621
107.19
97.905
106.556
0.23369
1
0
0.116596
14
2
i = 3329
10270
2409
2425
2417.33
0.0827222
2.70217
21.1148
0.560005
141.135
134.57
142.402
0.164584
1
0
0.218701
13
0
i = 3330
11654
2409
2426
2417.47
0.0723485
3.02043
25.531
0.529953
193.175
183.69
192.291
0.136456
1
0
0.294844
14
1
i = 3331
10271
2409
2425
2417.6
0.0726386
2.8351
24.6444
0.547239
174.485
161.27
173.759
0.141687
1
0
0.215849
13
0
i = 3332
11653
2408
2426
2417.61
0.0718121
2.90545
25.2186
0.539947
184.605
166.87
183.039
0.137663
1
0
0.15379
15
1
i = 3333
12430
2408
2425
2417.62
0.0942113
2.90298
19.2321
0.540948
139.665
127.045
138.713
0.181826
1
0
0.035807
14
2
i = 3334
12429
2407
2425
2417.77
0.0796752
2.94087
22.9013
0.53781
168.04
152.04
166.999
0.153237
1
0
0.00918873
15
2
i = 3335
10272
2405
2425
2417.93
0.084609
2.93932
21.5702
0.538241
159.655
143.135
156.963
0.163164
1
0
0.167157
17
0
i = 3336
12428
2409
2425
2418.03
0.105597
2.85921
17.0415
0.545607
121.285
112.595
120.681
0.206256
1
0
0.0169295
13
2
i = 3337
11652
2410
2426
2418.11
0.0839189
3.02338
22.039
0.530387
166.62
159.235
165.497
0.159119
1
0
0.239279
13
1
i = 3338
12427
2409
2426
2418.44
0.124726
2.94078
14.6194
0.537378
107.38
98.025
106.877
0.239001
1
0
0.0120764
14
2
i = 3339
12426
2411
2429
2418.63
0.10013
2.98872
18.3598
0.53309
138.515
123.77
137.049
0.19039
1
0
0.185519
15
2
i = 3340
10273
2412
2425
2418.63
0.0955304
2.70268
18.3571
0.563135
122.125
115.755
122.062
0.1949
1
0
0.0413717
10
0
i = 3341
11651
2410
2430
2418.67
0.0862946
3.16845
21.9206
0.517255
175.47
163.275
173.724
0.158687
1
0
0.230524
17
1
i = 3342
10274
2412
2425
2418.83
0.0865253
2.59479
19.8352
0.573776
126.82
120.7
126.923
0.178839
1
0
0.105018
10
0
i = 3343
12425
2412
2427
2418.95
0.0984423
2.82157
18.1586
0.549311
126.54
116.69
127.459
0.19367
1
0
0.0875348
12
2
i = 3344
11650
2405
2432
2419.15
0.0779276
3.25019
24.5748
0.510275
209.1
185.55
200.198
0.140962
1
0
0.692106
24
1
i = 3345
10275
2412
2426
2419.53
0.0804405
2.84595
22.3771
0.548675
156.75
146.68
156.466
0.15981
1
0
0.0803854
11
0
i = 3346
12424
2413
2431
2419.89
0.0824266
2.91007
22.0402
0.541188
158.525
144.97
159.887
0.160084
1
0
0.120953
15
2
i = 3347
11649
2407
2434
2420.01
0.0554879
3.2132
34.3161
0.513203
286.82
257.745
276.385
0.100947
1
0
0.784658
24
1
i = 3348
10278
2411
2426
2420.25
0.0927673
2.86547
19.6147
0.549318
137.99
129.58
136.222
0.187556
1
0
0.0520393
12
0
i = 3349
11647
2411
2426
2420.26
0.0723141
2.96931
25.7197
0.54087
186.745
173.495
184.037
0.14511
1
0
0.10345
12
1
i = 3350
12422
2410
2428
2420.31
0.0960051
3.0213
19.2534
0.530236
145.505
139.03
144.563
0.181605
1
0
0.0464473
15
2
i = 3351
11648
2409
2430
2420.33
0.0515439
3.20153
36.8781
0.514256
298.165
276.845
295.323
0.0940361
1
0
0.480295
18
1
i = 3352
12421
2412
2428
2420.35
0.105792
2.90315
17.1234
0.540842
123.37
114.24
123.642
0.204011
1
0
0.0200007
13
2
i = 3353
10276
2411
2431
2420.39
0.0534691
3.16627
35.3553
0.517161
281.33
264.035
280.174
0.09813
1
0
0.123507
17
0
i = 3354
10277
2410
2429
2420.44
0.0633548
3.20255
30.0233
0.514656
241.935
225.56
239.555
0.116041
1
0
0.146376
16
0
i = 3355
11646
2411
2429
2420.48
0.0854352
2.99504
21.5232
0.531891
161.385
145.715
160.943
0.161418
1
0
0.0196651
15
1
i = 3356
12420
2410
2427
2420.5
0.105863
2.93343
17.2717
0.540273
126.14
115.625
124.453
0.206929
1
0
0.114299
14
2
i = 3357
10279
2413
2427
2420.72
0.0903162
2.79178
19.7418
0.553888
135.985
127.28
135.357
0.181049
1
0
0.0393537
11
0
i = 3358
12423
2412
2430
2420.76
0.04093
3.05236
45.3551
0.526902
343.975
328.52
345.919
0.07662
1
0
0.119031
15
2
i = 3359
11645
2410
2432
2420.9
0.0827471
3.02247
22.3181
0.529155
172.295
159.26
169.038
0.155224
1
0
0.128356
19
1
i = 3360
12419
2410
2427
2420.9
0.106503
2.90295
17.1312
0.544386
123.135
112.755
121.376
0.21152
1
0
0.0472291
14
2
i = 3361
10280
2410
2430
2421.02
0.0911725
3.12119
20.5878
0.520949
164.645
151.38
160.543
0.168625
1
0
0.504589
17
0
i = 3362
10281
2410
2428
2421.09
0.0838801
3.09993
22.4022
0.525434
175.87
163.975
170.773
0.159317
1
0
0.563727
15
0
i = 3363
12418
2412
2430
2421.13
0.0951498
2.90735
19.0378
0.539684
138.185
127.055
138.416
0.182215
1
0
0.0494323
15
2
i = 3364
11644
2407
2430
2421.3
0.0725224
2.93734
25.1064
0.536917
188.845
167.725
184.389
0.138167
1
0
0.177435
20
1
i = 3365
11621
2414
2439
2421.36
0.311735
2.89679
9.45047
0.551687
273.255
67.6
68.4016
0.590932
2
0
0.0348792
19
1
i = 3366
10282
2413
2428
2421.45
0.0828799
2.86018
21.7559
0.546629
153.63
143.555
153.233
0.16335
1
0
0.0625443
12
0
i = 3367
12417
2412
2428
2421.45
0.0818009
2.92857
22.3249
0.540564
161.6
149.42
160.714
0.159814
1
0
0.0215721
13
2
i = 3368
12389
2411
2440
2421.66
0.260945
3.16742
25.7222
0.90551
437.835
164.37
204.182
0.570019
2
0
0.0174781
23
2
i = 3369
11643
2413
2429
2421.68
0.072366
3.00679
25.5049
0.532235
191.895
182.01
189.845
0.138047
1
0
0.151593
13
1
i = 3370
12416
2414
2432
2421.93
0.0949912
2.94269
19.193
0.536822
140.43
126.775
141.211
0.181393
1
0
0.0366616
15
2
i = 3371
12415
2411
2430
2421.93
0.124093
3.0156
14.8735
0.530327
113.28
106.705
111.764
0.234151
1
0
0.119891
16
2
i = 3372
10283
2416
2430
2421.95
0.0950896
2.88543
19.16
0.54694
135.69
123.305
136.281
0.190815
1
0
0.412967
11
0
i = 3373
11642
2415
2431
2422.18
0.0826715
2.9604
22.1527
0.536349
162.825
149.83
163.247
0.158888
1
0
0.172444
13
1
i = 3374
10284
2410
2431
2422.2
0.110672
3.01852
16.6784
0.529688
129.605
119.5
125.831
0.208061
1
0
0.260661
18
0
i = 3375
12414
2415
2429
2422.26
0.132339
2.88789
13.697
0.544669
97.455
91.245
97.3215
0.260969
1
0
0.0811749
11
2
i = 3376
11641
2416
2430
2422.47
0.0946681
2.88515
19.1571
0.54532
135.795
126.94
136.5
0.187388
1
0
0.180799
11
1
i = 3377
10285
2411
2432
2422.59
0.117804
3.10079
15.8796
0.522531
126.1
116.285
123.177
0.218362
1
0
0.220812
18
0
i = 3378
12413
2415
2429
2422.72
0.127444
2.86893
14.2029
0.547165
99.68
93.095
99.7454
0.25363
1
0
0.0703643
11
2
i = 3379
11640
2417
2430
2422.96
0.0965296
2.81336
18.6176
0.554074
127.33
118.775
128.638
0.19641
1
0
0.431565
10
1
i = 3380
12412
2413
2433
2423.11
0.121222
2.87601
14.8609
0.542472
107.83
98.42
107.067
0.233138
1
0
0.0110397
17
2
i = 3381
10286
2411
2433
2423.17
0.102901
2.95222
17.7372
0.535429
134.145
119.285
131.159
0.195337
1
0
0.11521
19
0
i = 3382
12411
2415
2431
2423.34
0.111848
2.98965
16.4428
0.533317
121.49
111.795
122.044
0.213177
1
0
0.0632329
13
2
i = 3383
10287
2415
2429
2423.43
0.0969283
2.66921
18.0576
0.567968
117.815
113.645
117.382
0.201141
1
0
0.0988451
11
0
i = 3384
11639
2417
2431
2423.5
0.0854381
2.89865
21.2779
0.544125
150.7
141.93
152.248
0.168828
1
0
0.353704
11
1
i = 3385
10288
2412
2433
2423.61
0.0912192
2.91322
19.8764
0.539019
147.005
131.51
144.986
0.174341
1
0
0.0898395
18
0
i = 3386
12410
2412
2432
2423.61
0.099277
3.14842
18.9971
0.519046
153.54
140.175
149.029
0.183373
1
0
0.311268
17
2
i = 3387
11638
2415
2431
2423.64
0.0825725
3.0176
22.3924
0.531289
165.61
161.88
167.281
0.157245
1
0
0.630396
13
1
i = 3388
12409
2413
2432
2423.82
0.121318
3.03371
15.2584
0.528692
116.06
109.22
115.386
0.228137
1
0
0.0357293
16
2
i = 3389
10289
2412
2431
2423.82
0.102106
3.05256
18.226
0.528506
140.72
131.97
137.508
0.193787
1
0
0.278978
16
0
i = 3390
11637
2417
2431
2424.11
0.0909925
2.92227
20.0444
0.541697
142.775
135.675
144.115
0.17873
1
0
0.473835
11
1
i = 3391
12408
2416
2435
2424.22
0.125686
3.05741
14.786
0.526663
113.24
107.615
113.039
0.23548
1
0
0.0914117
16
2
i = 3392
10290
2416
2431
2424.37
0.103773
2.89797
17.4917
0.543137
125.465
116.385
124.799
0.203327
1
0
0.0919325
12
0
i = 3393
11636
2417
2431
2424.48
0.0971323
2.80091
18.3672
0.552529
125.895
119.985
126.708
0.193663
1
0
0.254015
11
1
i = 3394
10291
2415
2432
2424.68
0.104957
2.87791
17.1885
0.543298
123.905
112.455
122.899
0.203446
1
0
0.0384671
14
0
i = 3395
12407
2417
2435
2424.71
0.14085
3.0152
13.1093
0.530733
98.84
93.545
98.7158
0.266615
1
0
0.0516165
15
2
i = 3396
12406
2415
2433
2424.72
0.130602
3.06823
14.2547
0.525761
110.905
103.395
108.989
0.244309
1
0
0.164687
15
2
i = 3397
10292
2416
2433
2424.95
0.0970069
2.88206
18.5964
0.542309
133.25
121.645
133.71
0.186979
1
0
0.0719278
14
0
i = 3398
11635
2413
2434
2424.97
0.0905111
2.99087
20.2984
0.532053
155.505
135.66
151.858
0.170835
1
0
0.354852
18
1
i = 3399
12405
2416
2433
2425.03
0.116214
2.9897
15.8153
0.532754
118.2
107.255
117.728
0.220473
1
0
0.0245548
14
2
i = 3400
10293
2416
2432
2425.39
0.0806921
2.90151
22.5086
0.542681
162.255
149.8
160.853
0.157856
1
0
0.243938
13
0
i = 3401
11634
2417
2432
2425.4
0.0682036
2.85964
26.4279
0.546551
186.505
174.5
186.233
0.134292
1
0
0.0944614
12
1
i = 3402
12404
2417
2435
2425.46
0.0715402
2.98178
25.6467
0.533073
191.59
173.095
191.223
0.135466
1
0
0.0270378
15
2
i = 3403
12403
2416
2436
2425.55
0.105664
2.95014
17.2677
0.535638
127.65
116.02
127.608
0.200686
1
0
0.108823
17
2
i = 3404
11633
2415
2432
2425.63
0.0688128
2.99752
26.9223
0.535438
200.175
181.37
197.305
0.134162
1
0
0.0793923
14
1
i = 3405
10294
2416
2432
2425.73
0.0816839
2.77363
21.7455
0.555166
149.98
139.25
148.417
0.163595
1
0
0.0775133
13
0
i = 3406
11632
2413
2432
2425.86
0.086237
2.82959
20.846
0.550579
147.05
134.375
144.509
0.172312
1
0
0.0945948
16
1
i = 3407
10295
2416
2432
2425.99
0.107536
2.75175
16.4788
0.558134
111.74
103.87
111.154
0.217573
1
0
0.070578
13
0
i = 3408
12402
2416
2435
2426.08
0.120232
2.68566
14.479
0.561373
97.67
91.505
97.3898
0.239298
1
0
0.00436297
16
2
i = 3409
11631
2414
2432
2426.13
0.103263
2.92888
17.8171
0.543334
130.51
119.325
126.527
0.206502
1
0
0.226352
15
1
i = 3410
10326
2418
2443
2426.24
0.296398
2.97769
8.87361
0.540271
215.99
61.145
66.1269
0.576734
2
0
0.085485
19
0
i = 3411
12401
2417
2434
2426.3
0.116987
2.6621
14.8176
0.564061
98.555
92.915
98.5425
0.234245
1
0
0.00955245
14
2
i = 3412
10296
2416
2434
2426.36
0.114652
2.86204
15.6833
0.544381
111.135
104
111.82
0.222087
1
0
0.0860575
15
0
i = 3413
11603
2422
2429
2426.4
0.210231
1.92408
7.9287
0.694357
34.245
33.875
32.9059
0.595862
1
0
0.148787
4
1
i = 3414
10297
2421
2432
2426.63
0.117971
2.75601
15.2952
0.567443
100.265
97.46
100.326
0.257699
1
0
0.371337
8
0
i = 3415
12365
2415
2446
2426.66
0.100807
3.26331
26.96
0.517993
331.82
199.635
220.51
0.19114
2
0
0.0242163
25
2
i = 3416
12400
2418
2437
2426.66
0.116757
2.71318
14.9864
0.558543
103.62
93.98
101.873
0.231243
1
0
0.183597
16
2
i = 3417
10327
2417
2444
2426.7
0.139548
3.15652
20.158
0.526678
295.45
135.725
159.401
0.264828
2
0
0.19127
21
0
i = 3418
11630
2414
2434
2426.76
0.105494
3.22212
18.1549
0.515237
146.875
136.355
144
0.196297
1
0
0.247375
17
1
i = 3419
12399
2418
2434
2426.88
0.124057
2.80029
14.345
0.550812
99.215
92.025
99.7703
0.243845
1
0
0.0562951
13
2
i = 3420
10328
2417
2449
2427.05
0.177155
3.08434
17.4134
0.535191
283.545
124.5
134.589
0.319261
2
0
0.490206
26
0
i = 3421
10298
2421
2432
2427.12
0.124408
2.8579
15.0347
0.561259
100.55
99.875
99.9982
0.275217
1
0
0.503631
8
0
i = 3422
11629
2418
2436
2427.14
0.100388
2.91164
18.0578
0.539292
130.935
121.055
131.478
0.192111
1
0
0.122005
15
1
i = 3423
11602
2423
2431
2427.21
0.104861
2.20175
15.7159
0.644399
80.6
80.6
79.6925
0.273607
1
0
0.200387
5
1
i = 3424
12364
2418
2445
2427.22
0.147397
3.16309
20.9875
0.526732
290.13
147.69
166.234
0.266697
2
0
0.0113227
21
2
i = 3425
12398
2419
2435
2427.34
0.108655
2.92441
16.7346
0.538949
120.985
112.305
121.673
0.2089
1
0
0.0445093
13
2
i = 3426
10299
2418
2435
2427.47
0.100875
2.99793
18.257
0.532482
135.31
124.615
135.868
0.191852
1
0
0.118897
14
0
i = 3427
12397
2416
2435
2427.68
0.101625
2.77792
17.4335
0.552648
121.675
111.775
120.568
0.199951
1
0
0.0132184
16
2
i = 3428
11628
2421
2436
2427.72
0.0904777
2.77008
19.5792
0.554445
133.905
124.925
135.031
0.17973
1
0
0.337548
12
1
i = 3429
11622
2414
2440
2427.77
0.0870145
5.33469
28.3275
0.400863
371
360.89
372.159
0.126425
1
0
12.8399
23
1
i = 3430
10300
2421
2435
2427.82
0.0957029
2.68799
18.2279
0.562779
120.33
114.845
121.674
0.19287
1
0
0.270873
11
0
i = 3431
10306
2414
2440
2427.84
0.102672
5.16277
23.5879
0.406882
301.145
291.665
300.81
0.150636
1
0
6.84601
23
0
i = 3432
12396
2417
2434
2427.87
0.112841
2.7477
15.6763
0.558054
107.675
99.51
105.844
0.227566
1
0
0.0556423
14
2
i = 3433
10307
2414
2439
2427.9
0.102179
5.17847
23.8372
0.407739
303.505
295.74
302.351
0.15216
1
0
9.33892
22
0
i = 3434
11627
2421
2434
2428.08
0.0909156
2.79296
19.6902
0.555903
134.09
128.46
133.9
0.185379
1
0
0.0983947
10
1
i = 3435
10301
2421
2436
2428.19
0.094667
2.72305
18.5323
0.558425
124.775
118.96
125.771
0.188472
1
0
0.154736
12
0
i = 3436
12395
2419
2436
2428.37
0.106133
2.84653
16.8958
0.545854
119.885
111.045
119.815
0.206128
1
0
0.0154559
14
2
i = 3437
11626
2421
2435
2428.37
0.0899505
2.74689
19.622
0.557315
132.895
125.92
133.157
0.180194
1
0
0.0897551
11
1
i = 3438
10302
2419
2437
2428.47
0.10387
3.0026
17.7257
0.531229
134.65
126.375
132.874
0.196015
1
0
0.150134
15
0
i = 3439
12394
2419
2437
2428.47
0.115065
2.87131
15.6452
0.543074
111.73
103.41
112.298
0.221755
1
0
0.0183859
15
2
i = 3440
10303
2414
2437
2428.6
0.109385
3.18552
17.3446
0.516087
144.525
128.07
137.612
0.200987
1
0
0.594374
20
0
i = 3441
11625
2419
2441
2428.8
0.0937023
3.00695
19.6584
0.530544
151.67
139.795
148.122
0.176264
1
0
0.222957
19
1
i = 3442
12393
2421
2436
2428.84
0.110742
2.8594
16.2478
0.545646
114.51
106.11
115.139
0.216381
1
0
0.0593285
12
2
i = 3443
11623
2415
2437
2428.94
0.0840609
3.49831
23.7174
0.49404
218.05
187.46
204.834
0.149511
1
0
3.19074
19
1
i = 3444
10304
2414
2438
2428.96
0.118334
3.46208
16.7161
0.495121
151.67
129.915
144.1
0.20871
1
0
0.519337
21
0
i = 3445
12392
2422
2436
2428.97
0.107178
2.67605
16.2373
0.563905
107.45
100.285
107.877
0.216257
1
0
0.0560861
11
2
i = 3446
11624
2422
2437
2429.13
0.0896954
2.90452
20.2265
0.541702
146.365
134.595
145.857
0.174338
1
0
0.12304
12
1
i = 3447
10305
2418
2440
2429.21
0.110697
3.43645
17.7899
0.496343
158.145
138.52
152.989
0.194887
1
0
0.845532
19
0
i = 3448
12389
2411
2440
2429.26
0.224549
3.13976
29.6222
0.926748
437.835
261.355
233.01
0.49973
2
1
0.0174781
23
2
i = 3449
12390
2416
2440
2429.37
0.106581
3.36744
18.29
0.501367
163.87
140.3
154.187
0.189495
1
0
1.3357
21
2
i = 3450
12391
2419
2437
2429.55
0.12115
2.80619
14.6971
0.549805
103.63
94.335
102.716
0.237061
1
0
0.20592
15
2
i = 3451
10308
2410
2440
2429.84
0.11
3.84661
18.953
0.469651
197.06
168.44
181.669
0.183934
1
0
2.05928
27
0
i = 3452
12388
2415
2439
2430.14
0.0909332
3.16159
20.7771
0.517696
173.6
153.905
164.007
0.167228
1
0
1.15671
21
2
i = 3453
11621
2414
2439
2430.18
0.109196
2.98402
27.4627
0.542137
273.255
193.48
204.892
0.203761
2
1
0.0348792
19
1
i = 3454
12387
2422
2438
2430.56
0.122211
3.0785
15.2865
0.526257
116.645
111.77
116.382
0.230902
1
0
0.0264241
13
2
i = 3455
11620
2421
2441
2431.03
0.0714715
2.95718
25.5588
0.53499
191.985
171.39
189.3
0.135571
1
0
0.420965
17
1
i = 3456
10309
2420
2441
2431.09
0.0907446
3.20244
20.9495
0.514152
171.4
156.455
167.878
0.165486
1
0
0.29285
18
0
i = 3457
12386
2420
2440
2431.2
0.0970131
3.24151
19.7232
0.511442
160.79
149.57
159.418
0.176449
1
0
0.0547524
17
2
i = 3458
12384
2421
2442
2431.3
0.118531
2.89359
15.2446
0.540811
110.79
101.475
110.54
0.227249
1
0
0.0412286
18
2
i = 3459
11619
2421
2440
2431.39
0.0653654
2.95627
27.9461
0.535244
208.23
187.055
206.463
0.124181
1
0
0.135087
16
1
i = 3460
10311
2421
2438
2431.42
0.0951069
2.7806
18.6713
0.553633
130.395
120.645
128.318
0.188944
1
0
0.116638
14
0
i = 3461
10310
2423
2439
2431.5
0.0784292
2.81881
22.7553
0.548681
159.77
147.67
159.663
0.153253
1
0
0.109386
13
0
i = 3462
11618
2417
2440
2431.51
0.0871908
3.11575
21.5144
0.521625
170.46
158.68
167.188
0.161704
1
0
0.245306
20
1
i = 3463
12385
2422
2442
2431.55
0.0809858
2.93335
22.4652
0.537164
165.385
149.895
165.081
0.154249
1
0
0.00538041
17
2
i = 3464
10312
2423
2437
2431.62
0.112773
2.77814
15.9467
0.559091
108.55
102.875
106.702
0.233804
1
0
0.100863
11
0
i = 3465
11617
2421
2440
2431.78
0.0872229
3.12317
21.538
0.521233
169.68
159.095
167.493
0.161886
1
0
0.325697
16
1
i = 3466
12383
2424
2439
2431.94
0.126879
2.77595
13.967
0.553425
95.735
88.84
96.2254
0.250882
1
0
0.0381104
12
2
i = 3467
10313
2423
2441
2431.99
0.0929139
2.89643
19.4591
0.540688
141.03
127.38
140.986
0.178249
1
0
0.0253041
15
0
i = 3468
12382
2424
2439
2432.11
0.118333
2.933
15.4211
0.539597
111.115
104.12
111.574
0.229905
1
0
0.0650324
12
2
i = 3469
10314
2424
2441
2432.24
0.0777
2.95939
23.5287
0.535276
173.715
159.17
173.837
0.147916
1
0
0.13203
14
0
i = 3470
11616
2424
2446
2432.31
0.0690596
2.95023
26.427
0.535899
197.47
177.78
195.166
0.13145
1
0
0.19046
19
1
i = 3471
12381
2424
2441
2432.32
0.0696895
2.98871
26.3641
0.532694
196.07
179.17
196.621
0.132068
1
0
0.0560693
14
2
i = 3472
10315
2424
2441
2432.68
0.0884724
2.86553
20.3295
0.543766
145.76
133.725
145.486
0.170875
1
0
0.122205
14
0
i = 3473
11615
2425
2444
2432.74
0.0767064
3.002
24.0162
0.531806
183.485
170.08
180.165
0.145405
1
0
0.478227
16
1
i = 3474
12380
2421
2443
2432.84
0.135616
2.98342
13.5294
0.532614
103.55
90.335
101.118
0.256074
1
0
0.0938788
19
2
i = 3475
12379
2422
2443
2432.88
0.101891
2.94004
17.876
0.536528
134.875
117.9
131.666
0.193807
1
0
0.128204
18
2
i = 3476
11614
2423
2440
2432.95
0.080262
2.9552
22.8048
0.536935
168.88
150.965
166.704
0.154548
1
0
0.0838945
14
1
i = 3477
12378
2422
2443
2433
0.112989
3.02476
16.3509
0.528975
125.235
117.905
123.864
0.211911
1
0
0.0257634
18
2
i = 3478
10316
2424
2443
2433.11
0.0927142
2.87146
19.4156
0.542947
141.015
128.13
139.623
0.178515
1
0
0.258984
16
0
i = 3479
11613
2425
2439
2433.24
0.0889383
2.73564
19.9126
0.560871
133.43
127.83
132.813
0.182067
1
0
0.0578774
11
1
i = 3480
10317
2425
2445
2433.31
0.0985452
2.93591
18.4744
0.537184
137.085
123.375
135.774
0.187998
1
0
0.234809
17
0
i = 3481
12377
2426
2442
2433.59
0.123495
2.8551
14.5448
0.545235
103.035
95.315
103.584
0.239876
1
0
0.0282428
13
2
i = 3482
10318
2423
2442
2433.64
0.110811
2.92268
16.3918
0.538365
120.865
107.97
119.665
0.211819
1
0
0.108955
16
0
i = 3483
11612
2423
2444
2433.67
0.0988335
2.98471
18.5686
0.532499
139.955
124.84
138.845
0.186581
1
0
0.0398322
18
1
i = 3484
12376
2424
2443
2433.87
0.142244
3.0863
13.1214
0.523848
101.315
94.765
101.221
0.264481
1
0
0.081784
16
2
i = 3485
10319
2424
2440
2433.91
0.119339
2.83481
15.0856
0.5503
106.975
96.515
104.646
0.238682
1
0
0.207446
13
0
i = 3486
10329
2417
2446
2434.05
0.116375
5.44358
21.4198
0.396859
285.47
274.87
286.944
0.167472
1
0
4.74221
26
0
i = 3487
11611
2424
2446
2434.06
0.105157
3.17626
18.0037
0.516232
145.915
134.465
143.259
0.192504
1
0
0.0967896
19
1
i = 3488
10320
2424
2442
2434.09
0.116906
3.10491
16.0287
0.523065
124.055
118.405
123.68
0.218172
1
0
0.195523
15
0
i = 3489
12375
2426
2443
2434.12
0.148692
3.09215
12.574
0.52409
96.665
92.605
96.8934
0.277925
1
0
0.00979459
14
2
i = 3490
11610
2422
2442
2434.23
0.0957869
2.99747
19.2164
0.532157
144.785
131.23
143.316
0.181632
1
0
0.166831
17
1
i = 3491
12374
2424
2441
2434.3
0.136972
3.0514
13.6214
0.529944
103.65
99.085
102.015
0.262997
1
0
0.15041
14
2
i = 3492
12363
2419
2447
2434.45
0.0906598
4.67739
25.3556
0.425845
295.42
281.645
295.725
0.137388
1
0
1.88412
25
2
i = 3493
12373
2427
2442
2434.45
0.120556
2.91793
15.08
0.540354
108.905
100.53
109.118
0.233577
1
0
0.0500935
12
2
i = 3494
10321
2424
2448
2434.46
0.113322
3.32683
17.098
0.504422
147.355
131.29
142.509
0.202713
1
0
0.488706
21
0
i = 3495
12372
2427
2441
2434.69
0.118176
2.97382
15.6279
0.538527
113.445
105.435
113.276
0.233127
1
0
0.0584701
11
2
i = 3496
11609
2422
2442
2434.7
0.0881422
2.94929
20.7286
0.536965
154.395
138.35
151.664
0.169171
1
0
0.139212
17
1
i = 3497
12371
2427
2442
2434.78
0.109271
2.94011
16.7074
0.538572
121.165
111.15
121.507
0.211374
1
0
0.044455
12
2
i = 3498
12370
2424
2446
2434.93
0.0689187
2.98701
26.6385
0.532284
201.715
177.44
199.401
0.130046
1
0
0.111929
19
2
i = 3499
10322
2425
2445
2434.98
0.104158
3.10609
17.9748
0.522057
143.285
129.875
139.753
0.192856
1
0
0.415585
17
0
i = 3500
11608
2426
2442
2435.07
0.0739206
2.76772
23.9385
0.55417
164.585
154.91
164.422
0.1463
1
0
0.0335695
13
1
i = 3501
10323
2427
2441
2435.09
0.0839852
2.80684
21.3613
0.553826
145.8
140.255
146.173
0.169885
1
0
0.346659
11
0
i = 3502
11607
2423
2445
2435.19
0.0664699
3.0082
27.7181
0.530434
211.55
199.005
208.809
0.12501
1
0
0.184174
19
1
i = 3503
10324
2424
2442
2435.19
0.0810108
2.9086
22.4261
0.541484
161.61
150.17
161.118
0.157584
1
0
0.165319
15
0
i = 3504
11601
2417
2447
2435.49
0.060409
4.84752
38.8155
0.419311
488.88
441.715
466.235
0.0908999
1
0
25.2618
27
1
i = 3505
12369
2428
2446
2435.52
0.0966553
2.87709
18.6559
0.543113
134.945
122.8
134.166
0.186979
1
0
0.100627
15
2
i = 3506
10326
2418
2443
2435.67
0.131138
2.99761
20.062
0.540091
215.99
141.89
149.087
0.258844
2
1
0.085485
19
0
i = 3507
11606
2426
2444
2435.68
0.0741304
3.0288
24.9488
0.529061
188.905
179.89
188.444
0.139443
1
0
0.126333
15
1
i = 3508
10325
2427
2448
2435.72
0.0923059
3.16961
20.496
0.517126
163.85
151.06
162.542
0.169661
1
0
0.347154
18
0
i = 3509
10330
2423
2446
2435.73
0.0641564
3.55843
31.2392
0.487889
283.005
264.59
277.796
0.111124
1
0
1.74201
20
0
i = 3510
12368
2427
2446
2435.78
0.0967827
2.85794
18.556
0.544262
133.29
120.935
132.816
0.186836
1
0
0.0425861
16
2
i = 3511
12367
2425
2444
2435.98
0.105302
2.90995
17.2145
0.539696
127.14
113.03
124.968
0.201982
1
0
0.20621
16
2
i = 3512
11605
2428
2443
2435.99
0.0828452
2.86756
21.7576
0.545082
154.255
142.195
154.402
0.161929
1
0
0.186062
12
1
i = 3513
10327
2417
2444
2436
0.142642
2.85857
18.786
0.551612
295.45
149.705
134.045
0.274127
2
1
0.19127
21
0
i = 3514
12366
2429
2446
2436.12
0.127643
3.11526
14.7434
0.523715
115.4
108.385
114.176
0.240948
1
0
0.493377
14
2
i = 3515
12362
2427
2448
2436.36
0.0542691
3.21835
35.1208
0.512992
283.355
266.045
282.957
0.0988175
1
0
0.237325
18
2
i = 3516
11604
2429
2450
2436.45
0.0901071
2.98742
20.4046
0.533441
154.87
137.43
152.221
0.171711
1
0
0.329619
18
1
i = 3517
10328
2417
2449
2436.46
0.1805
3.22406
17.4952
0.521871
283.545
140.925
141.375
0.322749
2
1
0.490206
26
0
i = 3518
12365
2415
2446
2436.49
0.175822
2.96622
14.785
0.539726
331.82
119.2
109.804
0.336116
2
1
0.0242163
25
2
i = 3519
12364
2418
2445
2436.6
0.190018
3.09307
16.0789
0.533473
290.13
134.44
124.021
0.346309
2
1
0.0113227
21
2
i = 3520
10331
2428
2445
2436.81
0.0550268
3.05095
33.743
0.527444
256.14
243.995
256.313
0.103395
1
0
0.0700325
14
0
i = 3521
11602
2433
2440
2436.92
0.111999
1.94212
14.0336
0.688181
63.055
57.495
61.4597
0.314373
1
0
0.112917
4
1
i = 3522
11603
2431
2442
2436.96
0.101641
2.40291
16.3485
0.599855
95.41
86.975
95.3384
0.22431
1
0
0.160062
8
1
i = 3523
11600
2424
2445
2437.22
0.0471396
3.10085
39.7327
0.523521
314.805
291.65
306
0.088118
1
0
0.932953
18
1
i = 3524
12361
2429
2446
2437.37
0.0498833
2.92152
36.4099
0.538625
265.32
243.235
265.643
0.0954897
1
0
0.0110924
14
2
i = 3525
10332
2428
2448
2437.42
0.0584692
2.99012
31.4169
0.532067
236.385
212.355
235.289
0.110325
1
0
0.160466
17
0
i = 3526
10333
2428
2447
2437.61
0.0760385
2.97729
24.1063
0.533244
180.355
162.06
179.603
0.143821
1
0
0.14637
16
0
i = 3527
12360
2426
2447
2437.68
0.0813797
2.881
22.1561
0.542022
160.925
145.31
159.833
0.1564
1
0
0.0329499
18
2
i = 3528
10334
2426
2445
2437.77
0.102556
3.10604
18.3103
0.524107
144.06
133.835
140.45
0.193241
1
0
0.246287
16
0
i = 3529
11599
2430
2444
2437.8
0.0722114
2.86283
25.0527
0.54793
176.64
163.91
175.375
0.144083
1
0
0.100393
11
1
i = 3530
12359
2427
2446
2437.97
0.103298
2.9837
17.7723
0.533118
134.975
117.55
132.164
0.195891
1
0
0.125529
16
2
i = 3531
12358
2429
2445
2438.18
0.118955
2.8289
15.0507
0.548649
105.455
98.77
105.371
0.233837
1
0
0.0102147
13
2
i = 3532
10335
2431
2445
2438.2
0.110867
2.9054
16.4013
0.543144
117.26
109.605
117.235
0.218177
1
0
0.0748306
11
0
i = 3533
11598
2427
2449
2438.33
0.0894767
2.92682
20.3103
0.537729
154.045
134.675
148.966
0.170564
1
0
0.342076
19
1
i = 3534
10336
2431
2445
2438.44
0.102208
2.81062
17.4853
0.551597
121
114.15
121.051
0.203467
1
0
0.0606516
11
0
i = 3535
12357
2428
2446
2438.46
0.128591
2.93587
14.1679
0.537794
105.26
94.375
103.425
0.246551
1
0
0.056668
15
2
i = 3536
11597
2431
2446
2438.76
0.0894073
2.79721
19.8947
0.551278
139.01
126.695
138.207
0.176057
1
0
0.483346
12
1
i = 3537
12356
2428
2447
2438.83
0.118577
2.84641
15.1168
0.545514
109.56
97.62
107.488
0.229653
1
0
0.0872977
16
2
i = 3538
10337
2430
2452
2438.86
0.108829
2.81841
16.3871
0.54803
118.05
105.28
115.721
0.211502
1
0
0.0791118
19
0
i = 3539
10338
2430
2452
2438.94
0.107107
2.79704
16.5872
0.550105
120.71
105.915
116.254
0.208925
1
0
0.190034
19
0
i = 3540
11596
2431
2446
2439.08
0.0926148
2.9885
19.9009
0.534949
147.12
134.88
146.475
0.178836
1
0
0.118398
12
1
i = 3541
12355
2432
2449
2439.14
0.116834
2.75724
15.1102
0.554865
104.045
97.44
104.12
0.231009
1
0
0.0557369
14
2
i = 3542
11595
2430
2447
2439.16
0.0943863
3.02824
19.6034
0.529574
149.065
141.96
147.596
0.178252
1
0
0.522118
14
1
i = 3543
12354
2428
2449
2439.18
0.12609
2.90909
14.369
0.539379
106.87
95.56
104.709
0.241116
1
0
0.0664816
18
2
i = 3544
10339
2431
2453
2439.56
0.108251
3.08684
17.2464
0.523974
140.355
124.23
133.23
0.201552
1
0
0.833166
19
0
i = 3545
12353
2432
2447
2439.67
0.118259
2.88085
15.2715
0.543625
108.46
100.855
109.089
0.230231
1
0
0.0586333
12
2
i = 3546
11594
2432
2447
2439.72
0.0963046
2.85158
18.6541
0.546259
133.38
121.3
131.965
0.188222
1
0
0.345094
12
1
i = 3547
10340
2429
2451
2439.91
0.114594
3.05459
16.2011
0.526367
129.145
115.665
124.005
0.213835
1
0
0.407712
19
0
i = 3548
12352
2430
2446
2439.91
0.123974
2.91121
14.7424
0.543741
105.53
96.945
104.68
0.246127
1
0
0.00647177
13
2
i = 3549
10341
2430
2447
2440.04
0.116756
2.76498
15.1471
0.554359
104.915
97.77
103.99
0.231036
1
0
0.0492696
14
0
i = 3550
12346
2428
2451
2440.18
0.0612298
3.49885
32.453
0.491892
285.23
260.175
284.147
0.106827
1
0
0.0452876
20
2
i = 3551
12351
2431
2447
2440.22
0.129712
2.99785
14.2379
0.534097
106.21
96.675
105.042
0.250076
1
0
0.0445794
13
2
i = 3552
11593
2432
2448
2440.33
0.0958457
3.12588
19.6398
0.522296
153.3
145.125
151.898
0.179768
1
0
0.478688
13
1
i = 3553
11592
2431
2447
2440.4
0.0896678
3.01483
20.6862
0.533276
155.155
148.905
152.953
0.173394
1
0
0.0995637
13
1
i = 3554
10342
2432
2450
2440.45
0.108084
2.89404
16.722
0.540979
121.825
110.725
121.09
0.207552
1
0
0.0920079
15
0
i = 3555
12350
2433
2447
2440.47
0.114475
2.89703
15.8738
0.544208
113.125
105.38
112.843
0.226139
1
0
0.00979076
11
2
i = 3556
10346
2431
2452
2440.57
0.0588019
3.35041
33.0738
0.502845
277.49
256.77
277.259
0.104998
1
0
0.125553
18
0
i = 3557
10343
2431
2450
2440.63
0.103226
3.12822
18.2036
0.520342
145.715
133.985
142.343
0.190667
1
0
0.291034
16
0
i = 3558
10345
2433
2449
2440.67
0.0727757
3.02728
25.4349
0.530167
191.23
184.045
191.456
0.138045
1
0
0.177944
13
0
i = 3559
10344
2432
2447
2440.67
0.0960825
2.84478
18.7371
0.548632
132.8
122.785
130.894
0.190712
1
0
0.397607
12
0
i = 3560
11589
2431
2449
2440.7
0.0515535
3.30212
37.4961
0.507481
308.415
288.645
307.314
0.0935167
1
0
0.683405
15
1
i = 3561
12349
2432
2449
2440.81
0.120924
2.98926
15.1959
0.532682
113.355
101.905
113.21
0.229212
1
0
0.0162739
14
2
i = 3562
11590
2431
2450
2440.83
0.0669267
3.2989
28.8407
0.506985
239.72
220.23
237.295
0.120673
1
0
0.410113
16
1
i = 3563
11591
2432
2448
2440.87
0.0859095
3.01727
21.5365
0.531696
160.97
154.475
160.513
0.164137
1
0
0.0642005
13
1
i = 3564
12345
2430
2450
2440.88
0.0699542
3.36937
27.8877
0.501688
234.715
217.09
234.246
0.124844
1
0
0.362405
17
2
i = 3565
12348
2432
2451
2440.91
0.105191
2.91861
17.2531
0.53859
125.97
113.535
126.086
0.200971
1
0
0.0124512
16
2
i = 3566
12347
2432
2449
2441.2
0.0930389
2.88473
19.4017
0.5422
139.745
129
139.47
0.179456
1
0
0.029718
14
2
i = 3567
10347
2432
2451
2441.41
0.073497
3.23506
26.0029
0.511812
210.575
197.18
210.133
0.133648
1
0
0.11624
16
0
i = 3568
11588
2427
2452
2441.52
0.0608567
3.26088
31.5209
0.509478
261.85
240.61
257.372
0.109939
1
0
0.720934
22
1
i = 3569
12344
2434
2452
2442.28
0.0808948
2.8586
22.2055
0.544333
158.715
146.57
158.857
0.156315
1
0
0.044532
15
2
i = 3570
10348
2433
2451
2442.33
0.0870899
2.96833
21.0183
0.534203
156.105
142.06
155.874
0.16518
1
0
0.0617895
15
0
i = 3571
12343
2431
2450
2442.36
0.100978
2.85167
17.7742
0.545343
126.535
117.205
126.295
0.195913
1
0
0.0420389
16
2
i = 3572
11587
2433
2456
2442.51
0.0733015
2.96497
24.9538
0.534298
192.285
167.45
185.393
0.138873
1
0
0.477065
20
1
i = 3573
12342
2434
2448
2442.6
0.117746
2.82765
15.4371
0.554714
106.175
100.7
104.883
0.243013
1
0
0.0341509
11
2
i = 3574
10349
2436
2450
2442.67
0.100849
2.98753
18.3186
0.536684
134.22
123.47
134.608
0.197463
1
0
0.116634
11
0
i = 3575
11586
2435
2453
2442.92
0.0800523
2.81325
22.2625
0.548792
156.915
143.23
156.736
0.156041
1
0
0.0587337
15
1
i = 3576
12341
2433
2450
2442.96
0.104699
2.90995
17.3417
0.540882
125.365
113.675
124.961
0.202808
1
0
0.0127297
14
2
i = 3577
10350
2436
2450
2443.08
0.0952007
2.95568
19.2781
0.538979
140.19
130.24
140.036
0.186481
1
0
0.0486401
11
0
i = 3578
11585
2434
2449
2443.11
0.0683223
2.90735
26.8023
0.54507
191.44
178.88
189.154
0.136821
1
0
0.320652
12
1
i = 3579
10351
2436
2449
2443.3
0.0770695
2.69582
22.8099
0.565284
151.12
144.68
149.831
0.159274
1
0
0.132749
10
0
i = 3580
12340
2434
2468
2443.31
0.0832358
2.83369
21.5953
0.548021
226.16
141.935
153.353
0.163618
2
0
0.136892
28
2
i = 3581
11584
2437
2449
2443.62
0.0617231
2.692
28.6188
0.568454
187.465
180.285
185.759
0.130464
1
0
0.0384403
9
1
i = 3582
12339
2433
2468
2443.72
0.0580416
2.91962
32.8609
0.543214
424.61
218.75
240.476
0.116884
2
0
0.157828
29
2
i = 3583
10352
2436
2463
2443.88
0.123524
3.04226
27.8982
0.779414
383.44
189.04
212.145
0.28851
2
0
0.311164
21
0
i = 3584
10355
2436
2451
2444.8
0.076116
2.83255
23.6184
0.550132
165.225
152.94
164.015
0.151805
1
0
0.0190205
12
0
i = 3585
12336
2436
2454
2444.97
0.0666852
3.01322
27.6569
0.530234
207.47
197.35
208.261
0.125559
1
0
0.0285993
15
2
i = 3586
12335
2436
2453
2445.01
0.103006
2.77609
17.1859
0.552404
118.765
111.5
119.156
0.202043
1
0
0.0156895
14
2
i = 3587
10356
2431
2453
2445.06
0.09684
3.04937
19.1704
0.527573
150.545
139.04
145.491
0.182005
1
0
0.226392
19
0
i = 3588
12334
2436
2453
2445.16
0.107204
2.84599
16.7226
0.545764
119.115
109.99
118.69
0.207989
1
0
0.032639
14
2
i = 3589
11581
2437
2452
2445.24
0.0699537
3.03523
26.5922
0.53154
198.315
193.035
198.061
0.134865
1
0
0.125427
12
1
i = 3590
11580
2436
2454
2445.25
0.0825991
3.01386
22.3313
0.5302
168.605
161.06
168.103
0.155535
1
0
0.050986
15
1
i = 3591
10354
2437
2456
2445.34
0.0658539
3.29357
29.3092
0.507931
241.09
224.695
240.879
0.119398
1
0
0.61583
16
0
i = 3592
10357
2437
2454
2445.48
0.108755
3.1736
17.4198
0.517516
139.235
128.855
137.489
0.200983
1
0
0.324345
14
0
i = 3593
12333
2436
2454
2445.49
0.106129
2.87203
16.9646
0.543011
122.71
111.505
121.793
0.204515
1
0
0.0337207
15
2
i = 3594
11579
2436
2451
2445.49
0.0947541
3.01292
19.928
0.53886
146.045
143.035
143.3
0.191751
1
0
0.073248
12
1
i = 3595
12332
2435
2455
2445.69
0.132646
2.98681
13.8407
0.532372
106.925
92.05
103.456
0.250448
1
0
0.193472
17
2
i = 3596
12337
2435
2457
2445.73
0.0635606
3.48649
31.2084
0.492797
270.81
248.045
272.309
0.111123
1
0
0.0950829
19
2
i = 3597
11582
2436
2459
2445.91
0.061117
3.83739
34.0798
0.470388
331.78
299.985
326.579
0.102486
1
0
1.92355
20
1
i = 3598
10358
2439
2456
2445.95
0.121233
2.89724
14.9468
0.54218
109.115
96.87
107.969
0.235568
1
0
0.267315
14
0
i = 3599
11578
2437
2452
2446.05
0.0965873
3.00455
19.3189
0.536972
141.415
138.695
140.41
0.191531
1
0
0.170611
12
1
i = 3600
12331
2437
2453
2446.12
0.128416
2.83676
13.9594
0.547806
97.815
91.905
98.0489
0.251911
1
0
0.0612767
13
2
i = 3601
10359
2440
2454
2446.16
0.115724
2.68304
15.0897
0.564358
101.06
94.98
100.546
0.235435
1
0
0.201694
11
0
i = 3602
10353
2433
2464
2446.23
0.0777399
4.64636
29.4609
0.427005
355.82
320.425
342.562
0.117884
1
0
4.9698
28
0
i = 3603
10360
2439
2454
2446.48
0.103661
2.90006
17.4814
0.5419
126.54
115.24
125.766
0.201269
1
0
0.187185
12
0
i = 3604
12330
2438
2454
2446.52
0.120442
2.81
14.7944
0.549523
102.935
96.225
103.489
0.235682
1
0
0.0343071
13
2
i = 3605
11577
2439
2455
2446.57
0.0904534
2.81603
19.7193
0.548895
137.82
129.06
138.594
0.176755
1
0
0.217035
13
1
i = 3606
11583
2436
2463
2446.67
0.0886008
5.92345
29.9901
0.385042
438.005
400.84
430.481
0.128938
1
0
21.9747
24
1
i = 3607
10361
2437
2461
2446.78
0.1129
3.1168
16.6115
0.521141
135.855
120.225
129.719
0.208653
1
0
0.358178
21
0
i = 3608
12329
2439
2455
2446.86
0.131645
2.91719
13.793
0.539503
99.32
91.29
100.229
0.253176
1
0
0.0470205
13
2
i = 3609
11576
2438
2456
2447.27
0.0869902
2.98732
21.1098
0.532516
158.205
142.81
157.547
0.164484
1
0
0.089817
15
1
i = 3610
12328
2440
2455
2447.29
0.118823
2.9021
15.258
0.541779
109.565
101.705
109.909
0.230761
1
0
0.0617074
12
2
i = 3611
10362
2439
2456
2447.39
0.105329
3.00492
17.4911
0.531284
130.93
125.465
131.11
0.199117
1
0
0.0838396
14
0
i = 3612
12338
2433
2462
2447.52
0.100134
5.15985
24.1116
0.4055
304.835
294.715
310.263
0.144554
1
0
1.83597
26
2
i = 3613
12327
2439
2459
2447.83
0.0715641
3.13448
26.2866
0.519917
206.645
192.915
206.179
0.132161
1
0
0.110411
17
2
i = 3614
11575
2439
2456
2447.89
0.0557928
2.9996
32.9946
0.531825
245.48
221.64
246.54
0.105627
1
0
0.0857384
14
1
i = 3615
12325
2441
2459
2447.99
0.103331
2.93247
17.6454
0.539003
129.685
115.98
129.019
0.199724
1
0
0.102653
15
2
i = 3616
10363
2435
2459
2448.07
0.0635807
3.13311
29.5727
0.51973
233.44
219.765
232.152
0.117147
1
0
0.100931
21
0
i = 3617
11573
2439
2457
2448.16
0.0728269
2.99053
25.2286
0.532219
188.745
171.045
188.525
0.137617
1
0
0.0308732
15
1
i = 3618
11574
2439
2457
2448.18
0.0535174
2.98661
34.3086
0.532565
255
233.035
256.043
0.101193
1
0
0.0541973
15
1
i = 3619
12324
2441
2455
2448.2
0.111265
2.94612
16.4681
0.539813
119.135
111.205
119.168
0.218231
1
0
0.0392016
11
2
i = 3620
10366
2440
2456
2448.28
0.082082
2.78084
21.5901
0.552187
149.735
139.975
149.701
0.161188
1
0
0.0551853
13
0
i = 3621
12326
2440
2457
2448.37
0.05129
3.03378
36.0949
0.528833
271.565
261.46
273.057
0.0965632
1
0
0.176804
14
2
i = 3622
10364
2436
2460
2448.43
0.0555949
3.11465
33.7208
0.521261
268.92
248.135
263.216
0.102731
1
0
0.34918
21
0
i = 3623
10365
2440
2462
2448.44
0.0782867
2.97923
23.426
0.533264
179.115
157.575
174.714
0.14826
1
0
0.294005
19
0
i = 3624
11572
2437
2455
2448.52
0.0806492
2.86875
22.3997
0.545893
161.32
146.66
158.171
0.158834
1
0
0.145874
15
1
i = 3625
12323
2441
2457
2448.58
0.0918583
2.9488
19.8811
0.536873
146.085
132.71
146.007
0.176104
1
0
0.0893824
13
2
i = 3626
10367
2434
2454
2448.64
0.0945636
2.83312
19.2639
0.554396
135.88
125.745
130.998
0.195327
1
0
0.19156
17
0
i = 3627
12322
2441
2457
2448.71
0.113054
2.94803
16.1495
0.536853
118.945
107.19
118.559
0.216603
1
0
0.108692
13
2
i = 3628
11571
2439
2456
2448.9
0.0820616
2.88007
22.0034
0.543438
157.87
142.76
157.129
0.159459
1
0
0.17525
14
1
i = 3629
12321
2439
2456
2449.1
0.108587
2.88263
16.646
0.543575
119.185
110.505
118.729
0.21157
1
0
0.0322918
14
2
i = 3630
11570
2442
2455
2449.29
0.0893888
2.67446
19.5766
0.567254
127.9
123.555
127.722
0.185053
1
0
0.0924824
10
1
i = 3631
11569
2444
2455
2449.44
0.150983
2.43813
11.0716
0.595357
65.955
60.745
65.9462
0.330384
1
0
0.0226578
8
1
i = 3632
10368
2438
2456
2449.48
0.103326
2.98384
17.8595
0.535991
134.01
120.88
130.726
0.200767
1
0
0.232008
15
0
i = 3633
12320
2441
2459
2449.55
0.094185
2.95584
19.3944
0.535343
143.075
130.1
143.378
0.179033
1
0
0.0112729
15
2
i = 3634
10369
2438
2458
2449.64
0.124574
3.29781
15.5032
0.507562
129.43
118.115
127.069
0.225635
1
0
0.222471
17
0
i = 3635
10370
2443
2459
2449.82
0.302452
3.51519
6.69249
0.497744
57.405
54.93
57.5001
0.560945
1
0
0.0358695
13
0
i = 3636
5650
2445
2456
2451.35
0.229887
2.65869
7.78739
0.577761
48.97
48.8
48.6252
0.510867
1
0
0.0953054
8
0
i = 3637
7679
2442
2457
2451.4
0.117995
2.78653
15.2048
0.556978
103.62
98.58
102.684
0.24179
1
0
0.0178241
12
2
i = 3638
7678
2444
2458
2451.56
0.137731
2.97993
13.4105
0.537698
97.705
90.67
97.5847
0.270784
1
0
0.0277456
11
2
i = 3639
6049
2443
2459
2451.57
0.147854
3.04304
12.5586
0.529112
95.1
91.2
94.6013
0.280494
1
0
0.159747
13
1
i = 3640
6048
2443
2459
2451.68
0.105686
3.08312
17.6966
0.526058
137.39
128.35
134.775
0.199868
1
0
0.388332
13
1
i = 3641
5651
2442
2459
2451.73
0.116087
2.73086
15.1304
0.557317
103.455
95.725
102.907
0.23023
1
0
0.0356489
14
0
i = 3642
5652
2444
2463
2452
0.104983
2.75425
16.795
0.554524
114.98
108.555
115.833
0.206629
1
0
0.0676788
16
0
i = 3643
7677
2442
2460
2452.03
0.118123
2.93599
15.416
0.537385
113.05
103.685
112.838
0.22573
1
0
0.0103231
15
2
i = 3644
6047
2444
2461
2452.04
0.0944295
2.89639
19.1521
0.541001
140.205
126.755
138.605
0.181612
1
0
0.178516
14
1
i = 3645
5653
2446
2458
2452.23
0.114545
2.7139
15.4336
0.565467
101.67
98.565
101.665
0.239805
1
0
0.104518
9
0
i = 3646
7676
2441
2460
2452.41
0.139379
3.05202
13.334
0.5278
102.675
97.055
101
0.262857
1
0
0.151026
16
2
i = 3647
6046
2444
2459
2452.47
0.0874316
2.82692
20.4959
0.549633
143.54
133.9
142.809
0.173045
1
0
0.0247129
12
1
i = 3648
7675
2444
2463
2452.56
0.114034
2.94321
15.9836
0.536432
118.52
106.845
117.762
0.217127
1
0
0.0335223
16
2
i = 3649
5654
2445
2460
2452.75
0.102958
2.78553
17.2388
0.552368
118.87
110.395
119.299
0.203058
1
0
0.0999207
12
0
i = 3650
7674
2442
2460
2452.92
0.106662
2.90373
17.0016
0.541349
123.115
111.455
122.33
0.206639
1
0
0.0117953
15
2
i = 3651
6045
2444
2461
2452.96
0.0804745
2.98384
22.815
0.533221
170.585
151.91
169.57
0.152749
1
0
0.0577008
14
1
i = 3652
5655
2443
2461
2453.14
0.095236
2.85615
18.8574
0.544765
134.68
124.125
134.344
0.184401
1
0
0.287927
15
0
i = 3653
5656
2442
2461
2453.21
0.10185
3.12166
18.4533
0.521849
145.04
136.31
143.004
0.189874
1
0
0.0752385
16
0
i = 3654
7673
2445
2459
2453.24
0.106001
2.84963
17.1077
0.550808
118.7
112.93
118.2
0.21483
1
0
0.0396575
11
2
i = 3655
7672
2446
2461
2453.34
0.112369
2.95158
16.2778
0.537526
118.715
109.71
119.083
0.216941
1
0
0.0205938
12
2
i = 3656
6044
2444
2463
2453.35
0.085649
3.01019
21.5197
0.530344
163.15
154.225
162.11
0.161139
1
0
0.130521
16
1
i = 3657
5657
2444
2462
2453.51
0.105881
3.24037
18.0759
0.511926
147.165
136.98
145.701
0.193266
1
0
0.241976
15
0
i = 3658
7671
2444
2461
2453.61
0.146131
3.3019
13.2711
0.509238
108.94
101.85
107.742
0.269213
1
0
0.0689668
14
2
i = 3659
6043
2443
2463
2453.73
0.0963326
2.95122
18.9441
0.535563
143.465
125.8
139.933
0.182963
1
0
0.179504
17
1
i = 3660
5658
2444
2463
2453.88
0.112187
3.09694
16.6656
0.522961
130.565
121.525
128.988
0.208261
1
0
0.151043
16
0
i = 3661
6042
2446
2462
2454.05
0.0908171
2.80623
19.6025
0.5497
138.55
127.105
137.211
0.177554
1
0
0.224704
13
1
i = 3662
7670
2444
2461
2454.13
0.132923
3.16214
14.2972
0.52085
112.555
106.63
110.84
0.251296
1
0
0.197547
14
2
i = 3663
5659
2446
2461
2454.15
0.107972
2.93809
16.9195
0.539251
122.59
113.8
122.546
0.209805
1
0
0.0278144
12
0
i = 3664
7669
2445
2462
2454.26
0.129272
3.04278
14.3505
0.528462
109.03
104.265
108.461
0.24387
1
0
0.0642892
14
2
i = 3665
6041
2443
2462
2454.31
0.0937629
2.87799
19.2305
0.542859
141.81
126.18
137.892
0.181104
1
0
0.294399
16
1
i = 3666
10352
2436
2463
2454.34
0.330266
4.84595
14.7776
0.447178
383.44
193.405
171.272
0.565071
2
1
0.311164
21
0
i = 3667
7668
2445
2461
2454.46
0.125866
2.97464
14.6345
0.536736
107.365
99.12
106.821
0.244762
1
0
0.0549585
13
2
i = 3668
5660
2447
2460
2454.6
0.1071
2.66878
16.3851
0.569204
106.65
102.315
105.928
0.224354
1
0
0.064286
10
0
i = 3669
6040
2440
2461
2454.8
0.0965246
2.80817
18.5364
0.552258
131.625
119.04
127.78
0.192942
1
0
0.1501
18
1
i = 3670
7667
2446
2464
2454.9
0.122179
2.87881
14.7528
0.542327
105.98
96.55
106.26
0.235086
1
0
0.0122537
15
2
i = 3671
5661
2449
2461
2454.98
0.113584
2.47327
14.7613
0.588316
89.36
79.245
90.0076
0.24158
1
0
0.330125
9
0
i = 3672
7666
2446
2463
2454.98
0.121404
2.96172
15.0664
0.535163
111.455
99.66
111.177
0.23121
1
0
0.0189881
14
2
i = 3673
5662
2448
2462
2455.05
0.106284
2.73695
16.5676
0.558015
112.315
106.22
112.336
0.212763
1
0
0.0471141
11
0
i = 3674
6039
2441
2461
2455.05
0.0940814
2.92115
19.501
0.543559
143.585
130.16
138.452
0.187622
1
0
0.275356
17
1
i = 3675
7665
2444
2464
2455.29
0.118949
2.99911
15.468
0.53141
117.285
104.945
115.934
0.224365
1
0
0.0457393
17
2
i = 3676
5663
2447
2462
2455.37
0.0971641
2.8277
18.4369
0.549314
128.34
120.96
128.667
0.191895
1
0
0.0835519
12
0
i = 3677
6038
2444
2462
2455.39
0.0856285
2.98196
21.5284
0.535839
162.425
144.955
157.734
0.165982
1
0
0.495744
15
1
i = 3678
7664
2446
2466
2455.52
0.116149
2.9983
15.8367
0.531336
119.56
106.835
118.926
0.218852
1
0
0.0262529
17
2
i = 3679
5664
2446
2463
2455.62
0.0955718
2.95543
19.1346
0.53634
140.415
128.79
140.335
0.183135
1
0
0.0802871
14
0
i = 3680
6037
2446
2463
2455.76
0.078056
2.95564
23.4372
0.536539
173
156.02
171.688
0.14984
1
0
0.281483
14
1
i = 3681
7663
2445
2465
2456.05
0.113473
3.10192
16.4904
0.522554
130.565
120.86
127.809
0.210503
1
0
0.177315
17
2
i = 3682
5665
2449
2462
2456.16
0.0922511
2.69059
19.0099
0.56527
124.695
120.985
125.003
0.18997
1
0
0.184634
10
0
i = 3683
6036
2447
2463
2456.16
0.0808335
2.94984
22.6427
0.537945
164.97
152.965
164.76
0.156471
1
0
0.206052
13
1
i = 3684
12339
2433
2468
2456.22
0.0954675
3.38738
21.4001
0.507357
424.61
189.215
181.631
0.182202
2
1
0.157828
29
2
i = 3685
7662
2445
2464
2456.24
0.104755
3.09611
17.8664
0.523935
140.21
130.905
137.369
0.19599
1
0
0.105788
16
2
i = 3686
7661
2447
2466
2456.29
0.113243
3.05468
16.3962
0.526504
126.295
119.21
125.31
0.211562
1
0
0.100347
16
2
i = 3687
5666
2448
2465
2456.54
0.0903083
2.99817
20.3769
0.531859
153.57
137.415
152.366
0.170879
1
0
0.166984
14
0
i = 3688
7660
2448
2467
2456.65
0.128693
3.03504
14.3832
0.528329
109.61
103.945
109.228
0.241449
1
0
0.0329519
16
2
i = 3689
6035
2444
2466
2456.73
0.0836632
3.07437
22.2643
0.524781
173.2
161.005
171.215
0.155756
1
0
0.19701
19
1
i = 3690
5667
2446
2465
2456.75
0.100578
3.06975
18.5145
0.525609
143.365
134.12
141.646
0.188068
1
0
0.0956243
16
0
i = 3691
6034
2449
2463
2456.94
0.081622
2.79844
21.9098
0.553993
149.615
140.145
149.975
0.164456
1
0
0.228505
11
1
i = 3692
7659
2447
2468
2457.1
0.111739
2.96448
16.3682
0.534315
124.52
110.15
121.584
0.211664
1
0
0.149054
18
2
i = 3693
11584
2451
2461
2457.13
0.177622
2.5371
10.22
0.597424
60.24
59.745
58.8381
0.420441
1
0
0.0889537
7
1
i = 3694
5668
2450
2463
2457.27
0.102152
2.80513
17.607
0.555539
120.355
114.835
119.704
0.209272
1
0
0.0384069
10
0
i = 3695
5669
2447
2464
2457.4
0.0907539
2.96654
20.2569
0.537169
149.96
136.56
147.684
0.176281
1
0
0.101
14
0
i = 3696
6033
2450
2464
2457.43
0.0755295
2.80405
23.6309
0.552169
162.305
154.535
163.27
0.150444
1
0
0.327501
11
1
i = 3697
7658
2447
2467
2457.48
0.0884455
2.98134
20.7383
0.532839
156.735
139.23
154.779
0.167117
1
0
0.12574
17
2
i = 3698
10351
2451
2462
2457.56
0.181384
2.86207
10.5811
0.563061
70.4
69.595
69.0888
0.406485
1
0
0.0251919
8
0
i = 3699
5670
2450
2466
2457.61
0.0949538
3.02952
19.5032
0.530027
147.105
140.44
146.915
0.180132
1
0
0.123353
13
0
i = 3700
12340
2434
2468
2457.67
0.222714
3.28022
8.67652
0.509815
226.16
65.735
71.2475
0.408148
2
1
0.136892
28
2
i = 3701
7657
2447
2467
2457.86
0.109681
2.91921
16.5481
0.538493
122.845
108.71
120.906
0.209456
1
0
0.0500194
17
2
i = 3702
6032
2451
2465
2457.87
0.0900432
2.73194
19.5379
0.558512
131.71
123.35
132.365
0.180397
1
0
0.113154
11
1
i = 3703
7656
2449
2466
2458.04
0.119723
2.86743
15.0299
0.543702
108.2
99.31
107.501
0.231374
1
0
0.0457372
14
2
i = 3704
5671
2450
2465
2458.14
0.10797
2.86318
16.6877
0.54569
118.56
110.075
118.094
0.211536
1
0
0.0645932
12
0
i = 3705
6031
2446
2470
2458.25
0.10024
3.1804
18.8985
0.515846
154.71
140.79
150.627
0.183305
1
0
0.172861
21
1
i = 3706
7655
2452
2464
2458.41
0.116115
2.61423
14.9142
0.574782
94.795
92.45
94.8926
0.245069
1
0
0.125473
9
2
i = 3707
5672
2451
2464
2458.47
0.115131
2.77526
15.5702
0.558996
104.945
100.315
104.391
0.23805
1
0
0.0892121
10
0
i = 3708
6030
2450
2470
2458.63
0.0984098
3.08611
18.9682
0.523999
147.655
138.18
146.487
0.183193
1
0
0.0675726
17
1
i = 3709
7654
2452
2466
2458.65
0.116476
2.7808
15.2518
0.554157
105.065
97.755
105.09
0.232373
1
0
0.109835
11
2
i = 3710
5673
2453
2465
2458.77
0.111849
2.60153
15.4228
0.575598
98.19
93.57
98.4632
0.235552
1
0
0.111265
9
0
i = 3711
7653
2452
2468
2458.94
0.114857
2.83091
15.5875
0.548225
110.19
99.595
110.024
0.225275
1
0
0.188012
13
2
i = 3712
5674
2451
2467
2459.14
0.0962225
2.79966
18.4796
0.550337
129.76
120.005
129.029
0.188333
1
0
0.152218
13
0
i = 3713
7652
2452
2467
2459.41
0.101227
2.85286
17.7496
0.546093
124.955
116.98
125.798
0.197728
1
0
0.0838666
12
2
i = 3714
6029
2452
2469
2459.48
0.0829471
2.82665
21.5452
0.547855
151.55
140.6
152.206
0.161775
1
0
0.0518362
14
1
i = 3715
5675
2449
2471
2459.63
0.0672833
2.95849
27.1554
0.534844
203.555
182.025
201.342
0.127571
1
0
0.105936
19
0
i = 3716
6028
2449
2473
2459.77
0.0541895
2.93991
33.6109
0.536529
252.74
222.78
247.672
0.103067
1
0
0.21418
21
1
i = 3717
7650
2448
2467
2459.84
0.0856792
2.8674
21.0226
0.544458
150.18
137.785
149.626
0.166609
1
0
0.0862804
16
2
i = 3718
7651
2450
2471
2459.85
0.0480115
2.97909
38.1884
0.533013
285.85
255.54
285.055
0.0907312
1
0
0.10028
18
2
i = 3719
6027
2446
2472
2459.89
0.0458573
2.98088
39.9936
0.532827
305.085
266.71
298.817
0.0866164
1
0
0.289027
23
1
i = 3720
5676
2452
2468
2459.92
0.0587888
2.85424
30.5442
0.545195
216.535
198.96
217.367
0.114093
1
0
0.177869
13
0
i = 3721
7649
2449
2470
2459.93
0.0771209
2.98969
23.8163
0.532061
178.005
159.065
178.353
0.145476
1
0
0.00337426
18
2
i = 3722
7648
2451
2469
2460
0.0470154
2.98484
39.0412
0.532711
291.83
264.735
291.281
0.0889162
1
0
0.0876554
15
2
i = 3723
5677
2452
2472
2460.09
0.0772464
2.97746
23.7394
0.533612
179.285
160.895
176.835
0.146563
1
0
0.210913
17
0
i = 3724
6026
2446
2472
2460.12
0.0469752
3.03799
39.4141
0.527795
308.565
284.665
300.117
0.0878903
1
0
0.472763
23
1
i = 3725
5678
2451
2468
2460.17
0.0587986
3.02891
31.4723
0.529528
237.535
227.61
236.991
0.111043
1
0
0.0277972
14
0
i = 3726
5679
2452
2467
2460.4
0.0625544
2.90897
29.0811
0.542264
207.935
194.35
208.117
0.122492
1
0
0.142497
12
0
i = 3727
6025
2452
2472
2460.6
0.0604458
2.94638
30.1697
0.53613
226.11
200.455
222.582
0.115017
1
0
0.382772
17
1
i = 3728
7647
2451
2470
2460.77
0.116882
3.04536
15.8616
0.527308
122.275
113.68
120.796
0.218691
1
0
0.0793297
16
2
i = 3729
6024
2451
2468
2461.07
0.0768965
2.92182
23.6711
0.540063
173.02
158.07
171.009
0.148998
1
0
0.125003
14
1
i = 3730
5680
2455
2467
2461.18
0.0942666
2.82683
19.2186
0.556206
131.225
126.24
131.008
0.196766
1
0
0.120528
9
0
i = 3731
7646
2453
2471
2461.26
0.115032
3.0246
16.0673
0.529456
121.915
115.75
121.463
0.21658
1
0
0.0451413
15
2
i = 3732
6023
2447
2468
2461.43
0.085172
3.03654
21.8689
0.53155
169.94
157.5
162.742
0.164374
1
0
0.736301
18
1
i = 3733
5681
2453
2469
2461.67
0.0953514
3.16007
19.8743
0.520117
155.76
146.845
154.784
0.178889
1
0
0.120666
13
0
i = 3734
7645
2454
2470
2461.67
0.100107
2.82342
17.8402
0.548143
124.565
115.78
125.695
0.19531
1
0
0.146955
13
2
i = 3735
7644
2453
2472
2461.69
0.101589
2.92771
17.8936
0.537802
132.96
118.335
131.16
0.193863
1
0
0.120055
16
2
i = 3736
6022
2452
2471
2461.83
0.0819464
2.96221
22.3118
0.534605
167.955
147.935
165.359
0.155396
1
0
0.182466
16
1
i = 3737
5682
2453
2471
2461.96
0.0951485
3.11666
19.7165
0.521531
155.615
142.88
153.398
0.176405
1
0
0.19337
15
0
i = 3738
7643
2452
2469
2461.98
0.116748
2.93846
15.6326
0.53843
114.43
103.48
113.644
0.225382
1
0
0.0517899
14
2
i = 3739
5683
2448
2471
2462.31
0.108162
3.04839
17.1507
0.527155
135.87
123.29
130.597
0.20246
1
0
0.298702
20
0
i = 3740
6021
2454
2472
2462.37
0.0835388
2.76006
21.1268
0.553851
145.35
136.025
146.01
0.164134
1
0
0.0243987
15
1
i = 3741
7642
2453
2473
2462.55
0.106268
2.93795
17.134
0.536745
127.605
114.195
126.101
0.202246
1
0
0.0355164
17
2
i = 3742
5684
2449
2470
2462.56
0.114141
3.04226
16.2614
0.528849
125.89
117.21
122.641
0.215977
1
0
0.124772
18
0
i = 3743
6020
2453
2470
2462.9
0.0941836
2.97003
19.4814
0.535556
144.775
129.745
143.157
0.180845
1
0
0.0797291
14
1
i = 3744
7641
2455
2473
2463.07
0.123593
2.96819
14.8143
0.534466
111.275
99.88
109.937
0.234905
1
0
0.140857
15
2
i = 3745
7640
2456
2472
2463.07
0.115931
2.78129
15.2981
0.552679
105.93
99.245
106.198
0.228631
1
0
0.0620505
13
2
i = 3746
5685
2455
2469
2463.17
0.111576
2.9125
16.4486
0.545269
116.905
110.13
115.964
0.224476
1
0
0.0266929
11
0
i = 3747
6019
2456
2472
2463.35
0.0880471
2.74388
19.9963
0.556009
136.11
128.575
137.062
0.174225
1
0
0.0664335
13
1
i = 3748
5686
2453
2469
2463.37
0.11414
3.04548
16.6034
0.535522
124.495
119.975
120.986
0.228907
1
0
0.242926
13
0
i = 3749
7639
2454
2472
2463.43
0.111489
2.91298
16.2642
0.539211
118.745
108.06
118.402
0.21338
1
0
0.0342138
15
2
i = 3750
5687
2453
2470
2463.65
0.0955332
3.10909
19.8091
0.526811
153.215
145.97
149.827
0.184569
1
0
0.389961
14
0
i = 3751
6018
2456
2470
2463.76
0.0775599
2.78022
22.9416
0.555027
156.72
147.4
156.633
0.155787
1
0
0.0703822
11
1
i = 3752
7638
2453
2471
2463.91
0.0817036
2.86678
22.0472
0.544642
159.705
143.215
156.768
0.159061
1
0
0.111581
15
2
i = 3753
5688
2453
2474
2463.94
0.0842345
3.03789
21.9801
0.527831
170.325
157.79
167.231
0.15764
1
0
0.157015
18
0
i = 3754
7637
2454
2475
2464.22
0.0980453
2.93222
18.5525
0.53724
139.09
123.73
136.315
0.186737
1
0
0.256151
18
2
i = 3755
6017
2454
2472
2464.3
0.0736781
2.99606
24.9797
0.532373
187.885
169.755
186.091
0.139848
1
0
0.182064
15
1
i = 3756
7636
2453
2474
2464.54
0.101156
2.81472
17.6181
0.548347
125.695
114.705
124.217
0.196652
1
0
0.0980789
18
2
i = 3757
5689
2454
2476
2464.57
0.0890616
3.01805
20.7206
0.529544
157.635
148.49
156.715
0.167194
1
0
0.0305558
19
0
i = 3758
6016
2452
2475
2464.9
0.0687306
3.0109
26.8182
0.530182
205.725
191.61
202.264
0.12919
1
0
0.200549
20
1
i = 3759
7635
2456
2476
2465.19
0.0739013
2.99667
24.8842
0.531517
187.04
169.1
186.759
0.139326
1
0
0.0595204
17
2
i = 3760
7634
2456
2473
2465.26
0.0982967
2.9327
18.5197
0.537917
135.82
124
135.193
0.188304
1
0
0.0110009
14
2
i = 3761
5690
2456
2474
2465.27
0.0800513
3.05085
23.1843
0.527037
176.62
168.475
176.586
0.149897
1
0
0.0543299
15
0
i = 3762
5691
2452
2473
2465.38
0.082303
3.06321
22.6221
0.526829
175.12
165.005
171.998
0.154925
1
0
0.423961
18
0
i = 3763
6015
2457
2476
2465.42
0.0681263
2.96119
26.8379
0.534875
200.48
180.985
198.898
0.129399
1
0
0.200656
16
1
i = 3764
6014
2458
2474
2465.76
0.0734822
2.92608
24.7502
0.538749
179.27
164.66
180.405
0.141182
1
0
0.163283
13
1
i = 3765
7633
2455
2474
2465.85
0.0942913
2.88835
19.1512
0.541603
139.28
125.62
138.108
0.18138
1
0
0.0472065
16
2
i = 3766
5692
2459
2473
2465.9
0.0896438
2.7446
19.6724
0.557308
132.95
124.775
133.832
0.179304
1
0
0.149507
11
0
i = 3767
5693
2455
2474
2466.19
0.0915106
3.00119
20.126
0.531796
153.245
144.33
150.313
0.173371
1
0
0.161781
16
0
i = 3768
7632
2455
2476
2466.28
0.102311
2.98628
17.9424
0.532379
136.275
121.655
134.173
0.193125
1
0
0.0844077
18
2
i = 3769
6013
2458
2475
2466.35
0.0793534
2.9788
23.1142
0.533549
173.93
155.37
171.827
0.150593
1
0
0.319759
14
1
i = 3770
5694
2457
2472
2466.54
0.0973192
2.85701
18.7724
0.551741
133.515
122.815
128.952
0.199643
1
0
0.561787
12
0
i = 3771
6012
2456
2474
2466.76
0.0853705
3.05751
21.8126
0.52798
168.42
157.53
164.914
0.161757
1
0
0.260851
15
1
i = 3772
7631
2456
2475
2466.85
0.119241
3.11806
15.7429
0.52171
123.235
115.46
122.186
0.221588
1
0
0.0297321
16
2
i = 3773
7630
2457
2474
2466.94
0.128907
3.05577
14.4529
0.528569
109.355
104.09
108.949
0.245235
1
0
0.00647351
14
2
i = 3774
5695
2458
2475
2467.04
0.0988813
3.12716
19.0214
0.521396
150.215
140.705
147.702
0.184177
1
0
0.635081
14
0
i = 3775
7629
2459
2474
2467.35
0.116073
3.0717
16.1459
0.529013
122.245
118.16
121.323
0.223662
1
0
0.0369091
12
2
i = 3776
6011
2458
2475
2467.46
0.0831626
3.01922
22.2261
0.530667
168.22
159.945
166.523
0.157694
1
0
0.233307
14
1
i = 3777
5696
2458
2475
2467.71
0.10044
3.29621
19.3016
0.509886
158.695
146.845
156.255
0.185543
1
0
0.294148
14
0
i = 3778
7628
2458
2475
2467.78
0.102224
3.14559
18.4961
0.521123
144.445
137.125
143.437
0.191929
1
0
0.0795567
14
2
i = 3779
6010
2459
2476
2467.93
0.0768094
3.05989
24.212
0.526763
185.315
174.15
184.325
0.144222
1
0
0.381962
14
1
i = 3780
5697
2458
2476
2468
0.101665
2.94716
17.9457
0.536373
131.67
121.04
131.849
0.193923
1
0
0.0356833
15
0
i = 3781
7627
2459
2474
2468.15
0.12312
2.98908
15.1352
0.5387
110.935
102.71
109.24
0.245469
1
0
0.0877868
12
2
i = 3782
6009
2459
2474
2468.36
0.0786249
2.96025
23.6622
0.542175
171.43
159.055
168.383
0.158635
1
0
0.186209
12
1
i = 3783
5698
2460
2474
2468.46
0.0976513
2.98276
19.1971
0.541317
138.655
130.05
136.899
0.198183
1
0
0.072083
11
0
i = 3784
7626
2457
2477
2468.71
0.0948268
2.99829
19.4038
0.531666
145.44
130.76
145.17
0.179161
1
0
0.00876153
17
2
i = 3785
5699
2461
2475
2468.75
0.098421
2.87806
18.4286
0.54649
130.435
121.23
129.711
0.195874
1
0
0.0558752
11
0
i = 3786
7625
2457
2479
2468.85
0.0968476
2.89703
18.6688
0.54049
138.625
122.28
135.513
0.185567
1
0
0.0823994
19
2
i = 3787
6008
2462
2476
2468.97
0.0742378
2.72872
23.6818
0.558793
158.51
148.58
160.198
0.148761
1
0
0.42441
11
1
i = 3788
5700
2463
2474
2469.04
0.112599
2.57317
15.4081
0.583571
95.735
94.375
94.8224
0.247445
1
0
0.124241
8
0
i = 3789
7624
2462
2476
2469.24
0.10944
2.78657
16.2464
0.55351
111.885
105.275
111.827
0.217978
1
0
0.0628426
11
2
i = 3790
6007
2463
2478
2469.38
0.0900525
2.8777
20.1106
0.545588
142.17
133.44
143.554
0.177868
1
0
0.166758
12
1
i = 3791
7623
2459
2480
2469.53
0.135502
2.99184
13.5599
0.531864
103.115
91.415
101.639
0.255499
1
0
0.057292
18
2
i = 3792
5701
2463
2476
2469.57
0.116082
2.78074
15.3454
0.556109
105.21
99.05
104.682
0.23525
1
0
0.119384
10
0
i = 3793
7622
2463
2480
2469.99
0.121519
2.8601
14.8095
0.54543
106.18
95.05
105.678
0.237147
1
0
0.176639
14
2
i = 3794
6006
2462
2478
2470.09
0.0911755
3.02627
20.2948
0.530145
152.375
147.03
152.546
0.172811
1
0
0.05651
13
1
i = 3795
5702
2461
2483
2470.25
0.115909
3.06335
16.0415
0.525721
125.475
116.845
123.088
0.216169
1
0
0.196738
19
0
i = 3796
7621
2463
2480
2470.38
0.100321
2.96288
18.2524
0.535694
134.99
122.915
134.911
0.19204
1
0
0.240639
14
2
i = 3797
6005
2461
2478
2470.5
0.0789178
3.03057
23.4691
0.529772
177.875
169.165
176.397
0.149491
1
0
0.07301
14
1
i = 3798
5703
2462
2483
2470.73
0.104979
3.25651
18.2704
0.510327
150.2
137.87
148.786
0.190606
1
0
0.324745
18
0
i = 3799
7620
2462
2480
2470.78
0.111636
3.08875
16.7288
0.523849
128.94
121.815
129.058
0.207849
1
0
0.0174247
15
2
i = 3800
6004
2463
2481
2470.79
0.0791437
2.97252
23.158
0.534312
173.21
154.245
172.023
0.150609
1
0
0.132114
15
1
i = 3801
5704
2461
2482
2470.92
0.105065
3.28904
18.3379
0.507384
151.45
139.82
150.98
0.189136
1
0
0.138764
18
0
i = 3802
5705
2461
2477
2470.97
0.115068
3.21065
16.8714
0.521084
133.45
126.085
130.036
0.22384
1
0
0.289791
13
0
i = 3803
6003
2461
2480
2471.13
0.0847579
2.9359
21.4762
0.53702
157.54
144.28
157.695
0.161479
1
0
0.0288561
16
1
i = 3804
7619
2463
2479
2471.24
0.121277
3.01551
15.2307
0.531089
114.565
109.63
114.022
0.230274
1
0
0.0274732
13
2
i = 3805
7618
2462
2481
2471.52
0.137607
3.08072
13.5508
0.524287
105.12
98.96
104.407
0.256017
1
0
0.025244
16
2
i = 3806
5706
2464
2479
2471.67
0.105723
2.99999
17.451
0.53353
128.78
118.255
129.367
0.203066
1
0
0.12664
12
0
i = 3807
6002
2461
2482
2471.82
0.0904958
3.00298
20.3413
0.530882
154.395
144.985
153.012
0.170327
1
0
0.0423753
18
1
i = 3808
7617
2462
2480
2471.83
0.112454
2.96321
16.2667
0.534839
120.57
108.695
120.236
0.21378
1
0
0.0433544
15
2
i = 3809
5707
2465
2479
2471.96
0.095325
2.806
18.7173
0.551653
129.52
120.125
129.895
0.189299
1
0
0.06641
11
0
i = 3810
7616
2463
2480
2472.28
0.108989
2.89898
16.6051
0.540961
120.135
110.7
119.877
0.209869
1
0
0.040867
14
2
i = 3811
5708
2466
2479
2472.36
0.108407
2.71726
16.2247
0.561802
108.165
103.685
108.623
0.220893
1
0
0.0680902
10
0
i = 3812
6001
2465
2483
2472.39
0.0889749
2.81488
20.045
0.549044
144.395
130.125
141.069
0.173958
1
0
0.453191
15
1
i = 3813
7615
2463
2483
2472.7
0.122321
2.87841
14.7336
0.54225
107.055
96.555
106.252
0.235159
1
0
0.0489007
17
2
i = 3814
5709
2465
2482
2472.8
0.10693
2.96165
17.1089
0.535321
127.1
114.485
126.502
0.203904
1
0
0.116308
14
0
i = 3815
6000
2463
2482
2472.83
0.0823796
2.90012
21.9601
0.540265
161.555
143.785
159.4
0.15784
1
0
0.137995
16
1
i = 3816
7614
2465
2481
2472.91
0.111319
2.80511
15.9891
0.54981
111.49
102.815
111.914
0.217684
1
0
0.0255388
13
2
i = 3817
5710
2464
2481
2473.12
0.096159
2.96489
19.0342
0.534969
142.155
127.985
140.509
0.183174
1
0
0.20034
14
0
i = 3818
5999
2465
2484
2473.21
0.0790221
2.91748
22.9668
0.538904
168.07
153.195
167.697
0.15126
1
0
0.0639464
16
1
i = 3819
7613
2465
2480
2473.38
0.0899474
2.82901
19.9224
0.549232
139.37
130.275
139.065
0.177668
1
0
0.0384139
12
2
i = 3820
7612
2462
2481
2473.61
0.102639
2.87352
17.5604
0.543585
127.665
115.38
125.473
0.198898
1
0
0.0722605
16
2
i = 3821
5711
2466
2482
2473.62
0.092312
2.90338
19.6252
0.540838
143.045
129.37
142.018
0.178035
1
0
0.15463
13
0
i = 3822
5998
2466
2487
2473.65
0.0877945
2.98027
20.9081
0.533783
162.065
140.025
155.721
0.167086
1
0
0.531859
18
1
i = 3823
7611
2466
2481
2474.25
0.119565
3.02277
15.5239
0.532543
115.305
112.22
115.19
0.230807
1
0
0.0518732
12
2
i = 3824
5712
2467
2482
2474.26
0.0962182
2.82455
18.5793
0.548734
130.945
121.195
130.51
0.188747
1
0
0.0471675
12
0
i = 3825
5997
2466
2484
2474.31
0.0848253
2.78975
20.9186
0.550932
147.545
135.465
146.103
0.165819
1
0
0.091019
15
1
i = 3826
7610
2463
2482
2474.55
0.119866
2.98519
15.3327
0.533626
114.81
103.32
113.62
0.228479
1
0
0.0116457
16
2
i = 3827
5713
2467
2483
2474.6
0.104926
2.80155
16.9544
0.550251
118.36
109.575
118.571
0.205464
1
0
0.0489379
13
0
i = 3828
7609
2466
2482
2474.74
0.123019
2.99752
14.9813
0.533094
111.745
100.695
111.138
0.235112
1
0
0.00971217
13
2
i = 3829
5996
2461
2484
2474.85
0.081069
2.87151
22.2045
0.542928
165.205
144.92
159.627
0.156074
1
0
0.3161
20
1
i = 3830
5714
2461
2483
2474.91
0.0995872
3.03597
18.5966
0.528568
144.92
132.91
140.671
0.187317
1
0
0.172997
19
0
i = 3831
7608
2466
2483
2475.26
0.0857257
2.99894
21.4793
0.532149
159.965
146.125
160.146
0.162678
1
0
0.117839
14
2
i = 3832
5715
2466
2483
2475.35
0.0920763
3.08719
20.3029
0.524937
155.7
149.555
155.432
0.172874
1
0
0.141161
14
0
i = 3833
5995
2467
2485
2475.38
0.0757453
2.98296
24.2286
0.533001
183.03
163.95
180.717
0.143441
1
0
0.286817
15
1
i = 3834
5716
2468
2482
2475.72
0.118283
3.01201
15.734
0.535659
116.05
113.565
115.236
0.232942
1
0
0.200201
11
0
i = 3835
7607
2468
2483
2475.76
0.123072
3.00026
14.9937
0.53357
110.72
106.88
111.085
0.236508
1
0
0.072224
12
2
i = 3836
5994
2465
2484
2475.86
0.0832773
2.74107
21.1207
0.555799
146.505
134.085
144.747
0.164228
1
0
0.173881
16
1
i = 3837
5717
2468
2484
2476.08
0.120415
3.01922
15.3482
0.530727
114.445
111.52
115.119
0.228428
1
0
0.146813
13
0
i = 3838
7606
2465
2483
2476.15
0.124281
2.95343
14.7353
0.537539
107.67
99.53
107.404
0.240274
1
0
0.00700986
15
2
i = 3839
5993
2470
2484
2476.42
0.0956935
2.76481
18.521
0.555995
126.8
119.27
126.954
0.191842
1
0
0.127348
11
1
i = 3840
7605
2468
2485
2476.5
0.115271
2.90346
15.7068
0.540255
113.945
104.325
113.886
0.221268
1
0
0.00643175
14
2
i = 3841
5718
2468
2487
2476.65
0.109189
2.89856
16.5648
0.540486
120.765
109.42
120.224
0.209391
1
0
0.139929
16
0
i = 3842
7604
2466
2485
2476.88
0.124103
2.93377
14.6659
0.537475
108.765
96.765
107.36
0.237027
1
0
0.0318682
16
2
i = 3843
5992
2470
2486
2477.19
0.0841466
2.9249
21.627
0.539394
157.875
144.57
157.568
0.16243
1
0
0.393684
13
1
i = 3844
7603
2467
2484
2477.2
0.114226
3.00702
16.192
0.533201
120.695
116.525
119.876
0.219741
1
0
0.00219863
14
2
i = 3845
5719
2467
2487
2477.25
0.105459
2.88136
17.0981
0.541972
123.74
113.48
123.402
0.202638
1
0
0.208883
17
0
i = 3846
5991
2469
2486
2477.47
0.0785327
2.97407
23.3366
0.53395
173.815
156.895
173.179
0.149126
1
0
0.168088
14
1
i = 3847
7602
2470
2485
2477.58
0.104748
2.81326
17.0293
0.549712
118.12
111.065
119.048
0.205687
1
0
0.0805725
12
2
i = 3848
5720
2470
2485
2477.61
0.096966
3.03737
19.1523
0.530507
143.47
138.18
143.634
0.185518
1
0
0.0518573
12
0
i = 3849
5990
2466
2487
2477.84
0.0745878
3.13557
25.2222
0.519704
199.48
186.285
197.684
0.137578
1
0
0.202294
18
1
i = 3850
7601
2470
2486
2477.88
0.0810128
2.89679
22.3331
0.541321
160.4
146.71
161.203
0.156249
1
0
0.0371556
13
2
i = 3851
5721
2471
2485
2477.89
0.0901612
2.94806
20.3273
0.539603
146.895
135.27
147.509
0.176732
1
0
0.100862
11
0
i = 3852
7600
2470
2487
2478.51
0.114589
2.9359
15.8893
0.537325
115.92
106.465
116.448
0.218853
1
0
0.0147849
14
2
i = 3853
5722
2470
2490
2478.59
0.0844507
3.05496
21.9911
0.526642
170.08
159.35
168.136
0.157979
1
0
0.155723
17
0
i = 3854
5989
2469
2489
2478.83
0.0714178
3.0539
25.9935
0.526479
201.48
187.59
198.767
0.13334
1
0
0.178132
17
1
i = 3855
5723
2470
2491
2479.19
0.0766621
3.1184
24.472
0.521111
194.815
179.92
191.091
0.141767
1
0
0.260686
18
0
i = 3856
5988
2469
2489
2479.38
0.0693179
3.05283
26.7765
0.526583
205.89
194.03
204.591
0.129453
1
0
0.090578
17
1
i = 3857
7598
2470
2486
2479.41
0.104609
2.94117
17.4932
0.539361
127.62
117.41
126.506
0.203858
1
0
0.0198075
13
2
i = 3858
7599
2469
2488
2479.5
0.0683329
3.0528
27.17
0.526881
208.84
196.905
206.996
0.127928
1
0
0.0591605
16
2
i = 3859
5987
2470
2489
2479.7
0.0773133
3.15524
24.4103
0.518145
193.55
180.665
192.458
0.142235
1
0
0.0388333
16
1
i = 3860
5724
2471
2489
2479.72
0.0947843
3.04695
19.568
0.527369
152.285
140.07
148.991
0.177591
1
0
0.362962
15
0
i = 3861
7597
2468
2487
2479.85
0.120777
3.0387
15.3735
0.529713
116.28
110.26
115.455
0.229751
1
0
0.0222996
16
2
i = 3862
5725
2470
2491
2480.17
0.102959
3.17124
18.3735
0.516643
151.275
135.49
145.922
0.188631
1
0
0.546806
18
0
i = 3863
5986
2467
2489
2480.32
0.082075
3.04189
22.5779
0.527718
176.76
163.23
171.557
0.153793
1
0
0.3826
19
1
i = 3864
7596
2471
2487
2480.34
0.102537
2.87904
17.6349
0.544506
126.02
116.915
125.228
0.200888
1
0
0.0188552
13
2
i = 3865
5726
2473
2488
2480.53
0.0969557
2.77578
18.2711
0.553223
125.23
118.025
126.161
0.191379
1
0
0.150522
12
0
i = 3866
7595
2473
2490
2480.71
0.119226
2.936
15.2779
0.537648
111.44
101.925
112.011
0.228333
1
0
0.0265124
14
2
i = 3867
5727
2475
2487
2480.89
0.107471
2.7723
16.6523
0.560464
111.595
105.385
112.106
0.224382
1
0
0.286615
9
0
i = 3868
5985
2474
2490
2481.15
0.0914421
2.95124
19.9975
0.537191
148.56
133.745
146.923
0.176032
1
0
0.312274
13
1
i = 3869
7594
2472
2490
2481.18
0.111322
2.87437
16.1792
0.542748
116.005
107.41
116.318
0.214363
1
0
0.0251007
15
2
i = 3870
5728
2475
2488
2481.24
0.103361
2.84616
17.4712
0.550759
121.435
115.255
121.883
0.208888
1
0
0.0611913
10
0
i = 3871
5984
2474
2489
2481.45
0.0891976
2.84201
20.1034
0.547068
143.185
131.045
141.953
0.174467
1
0
0.157905
12
1
i = 3872
7593
2473
2488
2481.68
0.109787
2.92162
16.6431
0.54207
119.685
110.66
119.024
0.21629
1
0
0.0150711
12
2
i = 3873
5729
2471
2491
2481.78
0.104022
2.96911
17.597
0.53396
131.745
117.465
130.748
0.196992
1
0
0.0340132
17
0
i = 3874
5983
2469
2493
2481.91
0.0897007
3.04727
20.6723
0.526993
160.885
148.565
157.864
0.167577
1
0
0.131082
21
1
i = 3875
7592
2474
2488
2482.15
0.119555
2.82559
15.0745
0.552454
104.31
98.895
103.613
0.241959
1
0
0.0126269
11
2
i = 3876
5730
2471
2494
2482.47
0.11738
3.10942
15.9579
0.521701
127.55
116.73
124.349
0.217086
1
0
0.162759
20
0
i = 3877
7591
2471
2493
2482.49
0.117814
2.8856
15.3162
0.541556
112.745
101.285
110.755
0.226179
1
0
0.0456457
19
2
i = 3878
5982
2473
2496
2482.84
0.094338
3.11659
19.8791
0.521152
159.69
144.775
155.228
0.174345
1
0
0.251239
20
1
i = 3879
7590
2472
2491
2482.97
0.133703
2.9771
13.7152
0.533696
102.67
91.01
101.777
0.253806
1
0
0.0108426
16
2
i = 3880
5731
2475
2497
2483.2
0.117836
3.07656
15.8215
0.525073
126.04
115.005
121.735
0.220179
1
0
0.224396
19
0
i = 3881
7589
2473
2494
2483.45
0.122991
2.91181
14.7379
0.539117
109.29
97.77
107.533
0.235063
1
0
0.0949737
18
2
i = 3882
5981
2476
2491
2483.45
0.0938554
2.75443
18.8001
0.55527
129.38
120.445
128.906
0.185838
1
0
0.0314389
12
1
i = 3883
5732
2475
2492
2483.68
0.103908
2.8867
17.3739
0.541806
126.12
114.31
125.22
0.20001
1
0
0.039672
14
0
i = 3884
7588
2473
2495
2484.05
0.105489
2.88938
17.1169
0.541199
124.775
113.88
123.95
0.202382
1
0
0.0511563
19
2
i = 3885
5980
2476
2493
2484.28
0.0851543
2.73141
20.6187
0.556787
141.72
131.355
140.907
0.168234
1
0
0.144253
14
1
i = 3886
5733
2477
2492
2484.28
0.0992726
2.78948
17.8914
0.551979
123.785
116.175
124.204
0.195654
1
0
0.0237821
12
0
i = 3887
7587
2475
2493
2484.57
0.102095
2.98137
17.9702
0.53312
133.43
121.41
133.743
0.193353
1
0
0.0154417
15
2
i = 3888
5734
2477
2493
2484.69
0.0919678
2.81035
19.3731
0.549369
135.78
125.205
135.887
0.179778
1
0
0.00851158
13
0
i = 3889
5979
2478
2492
2484.83
0.0740845
2.81011
24.1049
0.551333
167.005
155.13
167.603
0.147112
1
0
0.10273
11
1
i = 3890
7586
2476
2491
2485.04
0.0933406
2.86397
19.4286
0.548394
136.395
128.81
135.566
0.187116
1
0
0.03418
12
2
i = 3891
5735
2478
2493
2485.3
0.0931163
2.86047
19.3238
0.545451
137.695
126.97
137.339
0.181768
1
0
0.361294
12
0
i = 3892
5978
2473
2499
2485.41
0.0776458
3.22975
24.5864
0.511887
210.105
184.08
199.036
0.140896
1
0
0.869553
23
1
i = 3893
7585
2478
2496
2485.69
0.0993461
2.83155
18.0006
0.547196
126.86
116.89
127.497
0.193303
1
0
0.0818579
15
2
i = 3894
5736
2479
2492
2485.7
0.0963074
2.71385
18.2523
0.562157
121.945
114.87
121.733
0.196367
1
0
0.077142
10
0
i = 3895
5977
2473
2498
2485.98
0.0849589
3.20009
22.3666
0.514255
185.53
165.395
179.383
0.154881
1
0
0.267176
22
1
i = 3896
7584
2478
2497
2486.07
0.106519
2.99648
17.2716
0.531977
129.07
117.635
129.433
0.201564
1
0
0.102423
16
2
i = 3897
5737
2473
2492
2486.1
0.101403
2.78192
17.6024
0.555854
124.27
113.725
119.608
0.205309
1
0
0.167069
16
0
i = 3898
7583
2479
2497
2486.63
0.111648
2.94255
16.3348
0.537104
120.1
109.005
120.107
0.213681
1
0
0.114127
15
2
i = 3899
5976
2476
2493
2486.64
0.0893771
2.95166
20.5521
0.539257
149.86
137.685
148.533
0.175125
1
0
0.0588643
14
1
i = 3900
5738
2474
2494
2486.79
0.104844
3.06481
17.7855
0.527441
138.785
128.66
134.734
0.198572
1
0
0.240952
17
0
i = 3901
7582
2479
2498
2487.18
0.128474
3.00617
14.3421
0.531055
106.99
103.43
107.842
0.242587
1
0
0.0311395
16
2
i = 3902
5975
2480
2493
2487.37
0.0878381
2.85636
20.7321
0.551711
142.735
137.595
142.762
0.180042
1
0
0.413899
10
1
i = 3903
5739
2474
2496
2487.42
0.0969505
3.12868
19.388
0.520511
153.55
143.105
151.329
0.179379
1
0
0.082263
19
0
i = 3904
7581
2478
2494
2487.67
0.114135
3.03876
16.3674
0.532388
121.82
118.305
121.251
0.222126
1
0
0.0342446
13
2
i = 3905
5740
2477
2497
2487.95
0.0965427
2.98106
18.9989
0.532921
142.05
126.84
141.678
0.182509
1
0
0.0476069
17
0
i = 3906
7580
2479
2496
2487.99
0.0904724
2.99844
20.3447
0.53198
151.835
136.41
151.892
0.17139
1
0
0.105517
14
2
i = 3907
5974
2481
2496
2488.24
0.0808397
2.9352
22.5625
0.538967
162.725
152.695
164.259
0.156434
1
0
0.347472
12
1
i = 3908
7579
2479
2500
2488.66
0.126051
2.89392
14.3361
0.540794
105.96
94.585
103.963
0.241679
1
0
0.0637746
18
2
i = 3909
5741
2480
2496
2488.82
0.0907366
2.97092
20.2214
0.53546
148.835
136.05
148.672
0.174168
1
0
0.179358
13
0
i = 3910
5973
2481
2499
2489.03
0.0740641
3.04109
25.0286
0.528214
191.075
181.64
190.162
0.139298
1
0
0.190094
15
1
i = 3911
7578
2480
2499
2489.36
0.0720796
3.02706
25.6427
0.528875
194.51
184.995
194.231
0.135244
1
0
0.0388654
16
2
i = 3912
5742
2478
2499
2489.48
0.0595881
3.0569
31.1695
0.526232
241.69
226.3
238.464
0.111208
1
0
0.249987
18
0
i = 3913
5972
2479
2498
2489.62
0.0505547
3.00388
36.4287
0.53114
274.12
260.585
273.111
0.0954013
1
0
0.133989
16
1
i = 3914
5743
2481
2503
2489.72
0.0595317
3.11286
31.4911
0.521738
250.98
230.78
245.351
0.110338
1
0
0.525376
19
0
i = 3915
7577
2480
2498
2489.81
0.0469291
3.04935
39.549
0.527401
302.175
285.585
300.479
0.0880704
1
0
0.108206
15
2
i = 3916
5971
2483
2497
2490.08
0.0540401
2.76328
32.7499
0.555558
223.545
211.73
223.968
0.107843
1
0
0.091763
11
1
i = 3917
5744
2482
2498
2490.14
0.0859537
2.95244
21.2556
0.536411
155.735
143.47
156.083
0.164501
1
0
0.0479253
13
0
i = 3918
7576
2482
2498
2490.29
0.0982516
2.88124
18.3655
0.542782
132.11
121.35
131.707
0.190013
1
0
0.066737
13
2
i = 3919
7575
2482
2501
2490.6
0.114412
3.03971
16.1914
0.527949
124.025
117.125
123.14
0.214539
1
0
0.0449849
16
2
i = 3920
5745
2483
2502
2490.6
0.0991307
3.07187
18.81
0.526141
145.885
135.95
144.228
0.186426
1
0
0.232785
16
0
i = 3921
5970
2484
2497
2490.82
0.0747305
2.76115
23.759
0.558076
160.895
151.205
160.627
0.151988
1
0
0.052371
10
1
i = 3922
7574
2482
2497
2490.99
0.104743
2.97964
17.7069
0.538613
130.15
118.33
127.992
0.20753
1
0
0.209236
12
2
i = 3923
5746
2482
2500
2491.04
0.0955316
3.18251
19.8466
0.51625
158.925
148.28
157.514
0.175486
1
0
0.11912
15
0
i = 3924
5969
2481
2499
2491.31
0.0759351
2.91275
23.8907
0.5397
174.905
158.89
173.272
0.145899
1
0
0.0963178
15
1
i = 3925
7573
2483
2498
2491.57
0.0900548
2.89873
20.1831
0.543619
144.345
133.87
143.621
0.177245
1
0
0.016031
12
2
i = 3926
5747
2483
2499
2491.71
0.0872122
2.84201
20.555
0.546709
145.245
133.61
145.151
0.170096
1
0
0.0284401
13
0
i = 3927
5968
2479
2499
2491.86
0.0779084
2.88298
23.186
0.543096
170.57
151.165
165.819
0.151228
1
0
0.324694
17
1
i = 3928
7572
2483
2500
2491.99
0.105828
2.91118
17.1336
0.539669
124.25
112.435
124.367
0.203089
1
0
0.00954876
14
2
i = 3929
5748
2485
2500
2492.19
0.101576
2.76557
17.4097
0.554303
119.155
112.55
119.902
0.200968
1
0
0.133317
12
0
i = 3930
7571
2485
2500
2492.51
0.11269
2.8879
16.0454
0.542965
114.7
106.51
114.97
0.219126
1
0
0.0336717
12
2
i = 3931
5749
2482
2500
2492.75
0.0944856
2.97159
19.4152
0.535121
145.495
129.705
142.984
0.180929
1
0
0.134987
15
0
i = 3932
5967
2485
2500
2492.79
0.0794822
2.87511
22.7011
0.544205
160.58
149.275
161.742
0.154942
1
0
0.201748
12
1
i = 3933
7570
2485
2500
2493.1
0.110282
3.02963
16.838
0.531672
125.87
122.03
125.435
0.212155
1
0
0.015928
12
2
i = 3934
5966
2486
2500
2493.45
0.0694844
2.8356
25.8447
0.549415
179.085
170.3
180.314
0.138
1
0
0.492062
11
1
i = 3935
5750
2484
2501
2493.5
0.0763836
3.01369
24.1776
0.531184
181
173.74
180.778
0.145009
1
0
0.0557783
14
0
i = 3936
7569
2482
2502
2493.77
0.0686071
2.95756
26.6357
0.535284
197.895
177.74
196.61
0.13048
1
0
0.0247946
17
2
i = 3937
5965
2484
2501
2493.83
0.0659635
2.91588
27.5443
0.540127
198.71
182.445
199.113
0.127426
1
0
0.175897
14
1
i = 3938
5751
2483
2500
2493.84
0.0759384
2.82164
23.6311
0.55119
165.055
153.345
163.479
0.151744
1
0
0.146001
14
0
i = 3939
7568
2486
2503
2494.02
0.0927056
2.97275
19.7677
0.534197
146.875
133.88
146.701
0.176268
1
0
0.141513
14
2
i = 3940
5752
2481
2503
2494.37
0.085665
2.94593
21.2862
0.536162
160.43
142.18
156.746
0.163005
1
0
0.251133
19
0
i = 3941
7567
2486
2505
2494.4
0.101926
3.0131
18.0962
0.530329
138.345
129.86
136.419
0.192053
1
0
0.125293
16
2
i = 3942
5964
2488
2500
2494.49
0.0772488
2.76028
23.1787
0.562198
154.725
149.18
154.039
0.162301
1
0
0.117783
9
1
i = 3943
7566
2487
2505
2494.66
0.104427
2.90738
17.3567
0.540213
127.07
114.83
126.145
0.200853
1
0
0.146393
15
2
i = 3944
5753
2486
2508
2494.83
0.0953919
3.10419
19.6242
0.522405
159.27
142.3
152.5
0.176958
1
0
0.56026
19
0
i = 3945
5963
2488
2501
2495.01
0.0917587
2.85795
19.7599
0.550291
137.78
130.735
137.192
0.186083
1
0
0.0518736
10
1
i = 3946
7565
2487
2503
2495.18
0.127846
2.87097
14.0877
0.543675
100.575
93.345
100.736
0.247534
1
0
0.00746859
13
2
i = 3947
5754
2486
2504
2495.23
0.103881
2.98532
17.6713
0.532685
132.825
120.24
131.811
0.196473
1
0
0.31053
15
0
i = 3948
7564
2485
2506
2495.55
0.115531
2.93969
15.7646
0.536556
117.335
105.575
116.116
0.219758
1
0
0.0759536
18
2
i = 3949
5962
2487
2505
2495.68
0.0964007
3.00883
19.1183
0.530649
144.27
136.225
143.801
0.181684
1
0
0.209882
15
1
i = 3950
5755
2486
2503
2495.85
0.112469
3.06892
16.5963
0.527298
127.07
120.045
125.74
0.21325
1
0
0.340152
14
0
i = 3951
7563
2488
2502
2496.21
0.112124
2.73499
15.7867
0.560776
105.9
101.42
105.352
0.229259
1
0
0.0676655
11
2
i = 3952
5961
2488
2505
2496.31
0.0940984
2.88446
19.1777
0.542013
137.11
127.575
138.211
0.181192
1
0
0.142617
14
1
i = 3953
5756
2486
2508
2496.45
0.112509
3.26168
17.052
0.509423
142.295
128.125
139.315
0.203239
1
0
0.457985
19
0
i = 3954
7562
2486
2504
2496.63
0.120246
2.90181
15.0652
0.541051
109.49
100.02
108.623
0.232112
1
0
0.0909424
15
2
i = 3955
5960
2487
2510
2496.96
0.0842252
2.92771
21.5801
0.537657
164.44
141.005
158.342
0.160542
1
0
0.381244
20
1
i = 3956
5757
2486
2506
2497.04
0.106644
3.45553
18.533
0.495692
163.525
145.525
159.337
0.188439
1
0
0.754344
17
0
i = 3957
7561
2486
2505
2497.23
0.116334
2.911
15.5882
0.539784
113.91
103.89
113.052
0.223445
1
0
0.0278332
16
2
i = 3958
5758
2488
2503
2497.37
0.0985978
2.84034
18.3969
0.552134
127.83
120.45
126.387
0.200865
1
0
0.0272024
12
0
i = 3959
5959
2491
2504
2497.48
0.081357
2.69039
21.4994
0.564235
141.77
135.855
142.562
0.166117
1
0
0.245365
10
1
i = 3960
7560
2488
2508
2497.58
0.0976431
2.86166
18.4035
0.543835
133.02
120.84
131.952
0.188266
1
0
0.0462953
17
2
i = 3961
5759
2489
2503
2497.92
0.0981806
2.80612
18.587
0.558708
126.815
119.31
124.117
0.206426
1
0
0.0957376
11
0
i = 3962
5958
2491
2508
2498.07
0.0837637
2.86981
21.5176
0.544399
155.415
142.48
154.095
0.163045
1
0
0.249573
14
1
i = 3963
7559
2490
2506
2498.11
0.109952
2.83881
16.2863
0.546633
114.715
107.26
115.243
0.213894
1
0
0.0254738
13
2
i = 3964
5760
2489
2504
2498.42
0.0962876
2.82025
18.7739
0.554134
130.4
122.285
128.03
0.196915
1
0
0.167061
12
0
i = 3965
7558
2490
2508
2498.6
0.112772
2.82049
15.8207
0.54789
112.665
102.41
111.7
0.219191
1
0
0.0313851
15
2
i = 3966
5957
2487
2507
2498.74
0.0889456
3.02414
20.7772
0.529451
159.96
147.96
156.716
0.167416
1
0
0.285009
17
1
i = 3967
5761
2490
2509
2499.09
0.096361
2.81197
18.486
0.548641
131.585
120.495
130.21
0.18746
1
0
0.165271
16
0
i = 3968
7557
2491
2510
2499.15
0.107458
2.889
16.8064
0.541544
123.155
111.375
121.526
0.206687
1
0
0.0772511
16
2
i = 3969
5956
2490
2508
2499.45
0.0848212
3.14703
22.2288
0.519171
176.545
164.11
174.322
0.156715
1
0
0.228868
15
1
i = 3970
7556
2491
2510
2499.6
0.108599
2.912
16.6937
0.539259
123.55
110.29
121.711
0.207815
1
0
0.0749237
16
2
i = 3971
5762
2490
2507
2499.62
0.0906227
2.9493
20.1578
0.536868
148.935
134.72
147.556
0.17379
1
0
0.0962069
14
0
i = 3972
5955
2490
2507
2499.82
0.0736945
2.8955
24.5646
0.541922
177.145
162.2
176.43
0.142739
1
0
0.20321
14
1
i = 3973
7555
2488
2511
2500
0.0858073
3.0985
21.7911
0.522622
173.385
157.645
169.187
0.158977
1
0
0.161942
20
2
i = 3974
5763
2490
2508
2500.3
0.0766806
3.01825
24.0928
0.530489
180.965
173.61
180.733
0.145105
1
0
0.0796856
15
0
i = 3975
7554
2488
2511
2500.45
0.0960601
3.03486
19.2644
0.528076
149.425
138.725
146.484
0.179832
1
0
0.0972489
20
2
i = 3976
5954
2488
2510
2500.49
0.072269
3.03107
25.5913
0.528459
199.3
183.57
194.161
0.135437
1
0
0.359562
19
1
i = 3977
5764
2491
2513
2500.81
0.0856614
3.05651
21.6804
0.526236
171.045
155.79
166.036
0.15984
1
0
0.500922
19
0
i = 3978
7553
2493
2510
2501.05
0.105259
2.97719
17.4229
0.533792
128.825
118.385
129.485
0.199975
1
0
0.0788401
14
2
i = 3979
5953
2491
2509
2501.2
0.0784797
3.05889
23.6987
0.526963
181.22
172.595
180.166
0.147532
1
0
0.0926555
15
1
i = 3980
5765
2491
2513
2501.29
0.0997415
3.17798
18.9862
0.516077
157.24
140.45
151.165
0.182515
1
0
0.783143
19
0
i = 3981
7552
2493
2509
2501.5
0.124791
3.04651
14.8862
0.528745
112.565
107.83
112.316
0.236471
1
0
0.00660982
13
2
i = 3982
5952
2492
2508
2501.63
0.0920483
2.84306
19.5452
0.548555
139.72
127.195
136.618
0.182403
1
0
0.424932
13
1
i = 3983
5766
2492
2509
2501.72
0.10134
2.73044
17.3308
0.557348
117.44
109.75
117.864
0.200979
1
0
0.0844943
14
0
i = 3984
7551
2493
2512
2502
0.115833
2.90531
15.6321
0.539801
113.515
104.39
113.725
0.221773
1
0
0.0167161
16
2
i = 3985
5767
2493
2511
2502.25
0.105262
2.67052
16.4916
0.562977
110.915
103.695
110.277
0.21012
1
0
0.085173
15
0
i = 3986
7550
2495
2510
2502.37
0.115738
2.79364
15.3571
0.551553
106.485
99.72
106.738
0.227909
1
0
0.0113119
12
2
i = 3987
5951
2494
2510
2502.39
0.0963825
2.818
18.5122
0.548682
130.65
119.805
129.935
0.188243
1
0
0.26447
13
1
i = 3988
7549
2495
2514
2502.68
0.123985
2.8653
14.5104
0.544038
104.65
95.35
103.996
0.239965
1
0
0.0722491
16
2
i = 3989
5768
2495
2512
2502.73
0.108026
2.86765
16.6606
0.543819
119.755
108.905
119.397
0.208995
1
0
0.0815509
14
0
i = 3990
5950
2495
2509
2503.1
0.0929291
2.93789
19.8316
0.542919
141.21
134.165
141.067
0.186164
1
0
0.434151
11
1
i = 3991
7548
2493
2512
2503.28
0.108645
3.13574
17.3197
0.519892
136.225
128.38
135.519
0.200732
1
0
0.0267831
16
2
i = 3992
5769
2495
2510
2503.3
0.0938246
2.97699
19.6232
0.536338
144.33
132.97
143.557
0.182074
1
0
0.112785
12
0
i = 3993
5949
2493
2511
2503.72
0.0761518
3.01894
24.2874
0.531079
182.305
173.64
181.556
0.144884
1
0
0.136984
15
1
i = 3994
7547
2494
2512
2503.73
0.0878904
3.0364
21.0702
0.528439
159.755
152.04
159.5
0.165175
1
0
0.0297336
15
2
i = 3995
5770
2494
2511
2503.79
0.0819238
2.90057
22.1153
0.541412
160.965
145.305
159.149
0.158493
1
0
0.0771333
14
0
i = 3996
7546
2496
2514
2504.24
0.10596
2.95156
17.2286
0.53584
126.69
116.37
127.175
0.201742
1
0
0.0272542
15
2
i = 3997
5948
2490
2514
2504.37
0.0765339
3.13051
24.5588
0.520024
195.18
181.16
192.384
0.141163
1
0
0.292987
21
1
i = 3998
5771
2497
2515
2504.43
0.0948053
3.27846
20.3705
0.510663
168.63
153.755
165.96
0.174685
1
0
0.894164
15
0
i = 3999
5772
2498
2513
2504.73
0.109339
2.98106
16.8486
0.535935
123.935
112.68
124.412
0.21197
1
0
0.229597
12
0
i = 4000
7545
2496
2511
2504.86
0.0984225
2.79058
18.1249
0.554115
124.095
116.215
124.067
0.197541
1
0
0.0524172
12
2
i = 4001
5947
2496
2514
2504.91
0.0832365
2.94526
21.9046
0.536236
163.29
145.525
161.334
0.158417
1
0
0.20835
15
1
i = 4002
7544
2498
2512
2505.31
0.1237
2.86186
14.5834
0.546936
102.5
96.425
102.74
0.244632
1
0
0.0705938
11
2
i = 4003
5773
2498
2511
2505.39
0.110571
2.83724
16.4076
0.553364
112.965
108.205
112.299
0.227031
1
0
0.190535
10
0
i = 4004
5946
2492
2513
2505.61
0.0936592
3.04493
19.829
0.528704
151.585
143.07
149.606
0.177276
1
0
0.0332856
18
1
i = 4005
7543
2495
2515
2505.8
0.115367
2.96265
15.8493
0.534542
118.435
105.41
117.507
0.218713
1
0
0.0180818
17
2
i = 4006
5945
2495
2513
2505.96
0.0966471
2.92509
18.8375
0.539541
137.645
124.39
136.411
0.18682
1
0
0.0502326
15
1
i = 4007
5774
2495
2514
2506.02
0.10591
2.92013
17.1463
0.538793
125.165
114.845
124.872
0.20286
1
0
0.110608
16
0
i = 4008
7542
2495
2514
2506.18
0.123022
3.01539
15.0068
0.530575
114.27
107.96
112.588
0.232587
1
0
0.036671
16
2
i = 4009
5775
2496
2516
2506.34
0.120859
3.18725
15.6928
0.515431
126.615
117.315
125.089
0.221031
1
0
0.164498
17
0
i = 4010
7541
2498
2514
2506.69
0.127967
3.01553
14.4455
0.531526
107.86
103.425
107.802
0.243888
1
0
0.027029
13
2
i = 4011
5944
2498
2514
2506.79
0.090928
2.96093
20.1418
0.536267
148.385
134.19
147.664
0.17469
1
0
0.0870996
13
1
i = 4012
5896
2495
2514
2506.8
0.349769
3.87032
6.1044
0.474947
57.985
54.635
56.7367
0.621695
1
0
0.107487
16
0
i = 4013
5776
2497
2516
2507.14
0.103915
2.93879
17.5257
0.536759
129.72
117.485
128.81
0.197884
1
0
0.104013
16
0
i = 4014
7540
2498
2515
2507.15
0.117846
2.91657
15.4025
0.539272
111.645
103.195
111.919
0.226135
1
0
0.00841247
14
2
i = 4015
5943
2498
2517
2507.45
0.0771066
3.04883
24.0572
0.526997
185.585
174.315
183.492
0.144174
1
0
0.143232
16
1
i = 4016
7539
2497
2514
2507.59
0.0994222
3.0257
18.7253
0.533027
140.185
134.985
138.473
0.193079
1
0
0.0376188
14
2
i = 4017
5777
2498
2516
2507.7
0.0943508
2.95212
19.3498
0.535764
143.085
129.22
142.578
0.179584
1
0
0.0176254
15
0
i = 4018
5942
2495
2515
2507.82
0.0839364
3.11024
22.3939
0.523908
179.085
163.825
171.871
0.158263
1
0
0.643905
17
1
i = 4019
5778
2499
2515
2508
0.0928652
2.88767
19.4762
0.542988
138.78
127.35
139.245
0.180607
1
0
0.0675747
13
0
i = 4020
7538
2499
2515
2508.09
0.116455
2.85042
15.4303
0.546501
109.455
101.72
108.9
0.227917
1
0
0.0084199
13
2
i = 4021
5779
2500
2517
2508.43
0.107048
3.03351
17.2933
0.528848
131.27
124.835
130.795
0.201531
1
0
0.0477442
14
0
i = 4022
7537
2501
2516
2508.58
0.115458
2.84295
15.5337
0.546988
109.09
101.895
109.663
0.225814
1
0
0.0384807
12
2
i = 4023
5941
2499
2517
2508.77
0.0933336
3.0953
20.0366
0.52355
154.92
146.58
154.453
0.173966
1
0
0.111659
15
1
i = 4024
7536
2502
2515
2508.96
0.118378
2.87372
15.3601
0.548903
107.535
100.18
107.225
0.239643
1
0
0.0323045
10
2
i = 4025
5780
2499
2516
2509.17
0.118696
3.03282
15.6523
0.531035
118.485
113.13
116.818
0.227572
1
0
0.0602073
14
0
i = 4026
7535
2501
2517
2509.46
0.121954
2.87512
14.7821
0.543445
105.405
97.98
105.699
0.236272
1
0
0.0623897
13
2
i = 4027
5940
2502
2516
2509.67
0.102474
2.97377
18.0193
0.538475
130.47
121.51
130.651
0.202055
1
0
0.223233
11
1
i = 4028
5781
2502
2521
2509.84
0.108528
2.90658
16.6953
0.540123
124.545
109.36
121.385
0.208486
1
0
0.293175
16
0
i = 4029
7534
2500
2521
2510.19
0.114324
2.99996
16.0935
0.531148
121.915
109.36
120.965
0.215283
1
0
0.010736
18
2
i = 4030
5939
2500
2517
2510.27
0.0926867
3.06338
20.1678
0.528882
152.585
147.055
151.659
0.177581
1
0
0.032142
14
1
i = 4031
5782
2501
2524
2510.29
0.100424
3.00363
18.3332
0.530885
143.285
130.91
137.956
0.189086
1
0
0.529848
20
0
i = 4032
5938
2501
2520
2510.66
0.0838506
2.95448
21.7764
0.535288
162.07
145.875
161.013
0.159195
1
0
0.15756
16
1
i = 4033
7533
2502
2520
2510.77
0.110969
2.94851
16.4396
0.535956
122.225
108.97
121.228
0.21111
1
0
0.0885746
15
2
i = 4034
5783
2503
2520
2510.97
0.0929405
2.98058
19.7449
0.533544
146.195
131.645
146.903
0.176554
1
0
0.0292392
14
0
i = 4035
7532
2502
2518
2511.28
0.107501
2.94667
17.0262
0.538518
124.915
114.47
123.575
0.208704
1
0
0.0997583
13
2
i = 4036
5937
2498
2520
2511.57
0.0684756
3.04493
27.079
0.527577
209.245
195.62
205.758
0.128378
1
0
0.111218
19
1
i = 4037
5784
2499
2523
2511.79
0.0729585
3.10684
25.6633
0.521918
207.25
186.91
199.802
0.134987
1
0
0.420466
21
0
i = 4038
7531
2500
2519
2511.95
0.0571051
2.91835
31.8415
0.540104
232.64
209.58
230.126
0.110457
1
0
0.112847
16
2
i = 4039
5936
2504
2524
2512.17
0.0634024
3.03369
29.1965
0.528697
224.615
211.14
221.548
0.11923
1
0
0.34347
17
1
i = 4040
5785
2504
2521
2512.18
0.0721344
2.84226
24.8325
0.545978
176.475
163.15
176.441
0.139878
1
0
0.310305
14
0
i = 4041
7530
2500
2522
2512.22
0.107679
3.0492
17.2267
0.526867
133.625
124.855
131.519
0.201164
1
0
0.0476207
19
2
i = 4042
5786
2507
2520
2512.63
0.100875
2.81354
17.8873
0.555245
122.38
115.475
123.465
0.207251
1
0
0.185728
10
0
i = 4043
5935
2503
2519
2512.65
0.0826977
2.93371
22.1378
0.540801
160.66
147.505
159.084
0.162389
1
0
0.162662
13
1
i = 4044
7529
2504
2522
2512.99
0.118981
3.02051
15.5197
0.529603
117.64
110.185
117.137
0.223773
1
0
0.0541233
15
2
i = 4045
5787
2507
2522
2513.3
0.105091
3.03679
17.7766
0.532864
132.77
128.125
133.213
0.2051
1
0
0.121844
12
0
i = 4046
5934
2506
2522
2513.55
0.0847693
2.83165
21.1012
0.547438
147.22
138.65
149.097
0.165269
1
0
0.260312
13
1
i = 4047
7528
2505
2521
2513.57
0.11181
2.9491
16.338
0.536987
119.75
109.37
119.554
0.214598
1
0
0.00418604
13
2
i = 4048
5788
2508
2522
2513.92
0.10082
2.87341
18.0341
0.548071
126.925
117.07
127.768
0.20272
1
0
0.061663
11
0
i = 4049
7527
2506
2521
2514.02
0.115732
2.94026
15.7835
0.538832
115.04
106.04
114.562
0.224384
1
0
0.0107488
12
2
i = 4050
5933
2503
2526
2514.34
0.0796124
2.85473
22.5439
0.544472
164.775
148.28
161.31
0.153661
1
0
0.163536
20
1
i = 4051
7526
2503
2523
2514.39
0.11937
3.05366
15.5546
0.526745
120.27
112.99
118.6
0.223329
1
0
0.0483154
17
2
i = 4052
5789
2506
2522
2514.47
0.0920726
2.97187
19.9162
0.534929
146.51
134.575
146.889
0.17604
1
0
0.0558564
13
0
i = 4053
7525
2506
2525
2514.92
0.0827783
3.00241
22.2382
0.531079
169.4
157.51
167.114
0.156002
1
0
0.193601
16
2
i = 4054
5932
2506
2525
2514.97
0.0729256
2.85945
24.6325
0.544094
178.8
159.195
176.407
0.140717
1
0
0.149364
16
1
i = 4055
5790
2507
2522
2515.03
0.085657
2.95161
21.37
0.537898
155.675
144.29
155.633
0.165896
1
0
0.0619723
12
0
i = 4056
7524
2506
2526
2515.41
0.10802
3.03737
17.1395
0.527934
132.055
123.775
130.369
0.202265
1
0
0.0541994
17
2
i = 4057
5931
2503
2529
2515.47
0.0782334
3.09332
23.8807
0.523053
188.6
174.76
185.162
0.145059
1
0
0.114255
23
1
i = 4058
5791
2506
2522
2515.53
0.0908719
2.98264
20.3127
0.536337
149.95
136.76
148.431
0.176955
1
0
0.075048
13
0
i = 4059
5792
2507
2522
2516.04
0.106463
2.89258
17.1332
0.545991
122.645
113.63
120.571
0.212918
1
0
0.0684424
12
0
i = 4060
7523
2506
2525
2516.1
0.104276
2.89908
17.3461
0.54039
127.935
115.185
125.812
0.199875
1
0
0.0818348
16
2
i = 4061
5930
2508
2523
2516.16
0.0892457
3.04342
20.8654
0.530719
156.7
151.855
155.941
0.171668
1
0
0.122725
12
1
i = 4062
7522
2507
2527
2516.61
0.115492
2.9091
15.6878
0.53939
115.065
103.725
114.333
0.220871
1
0
0.0397579
17
2
i = 4063
5793
2508
2523
2516.73
0.110653
2.7738
16.0539
0.555222
110.32
102.67
109.535
0.221732
1
0
0.0247647
12
0
i = 4064
5929
2507
2522
2516.91
0.096987
2.85929
19.0538
0.55411
134.19
123.735
129.263
0.202993
1
0
0.388202
12
1
i = 4065
7521
2507
2525
2517.03
0.12355
2.88491
14.6086
0.542026
105.56
97.015
105.138
0.237996
1
0
0.00785969
15
2
i = 4066
5794
2506
2526
2517.4
0.120237
3.16096
15.7144
0.517897
128.455
116.205
123.872
0.22142
1
0
0.410195
17
0
i = 4067
7520
2506
2528
2517.45
0.134357
3.0285
13.7589
0.528631
106.64
99.02
104.4
0.251793
1
0
0.0536079
19
2
i = 4068
5928
2506
2525
2517.73
0.0938967
2.91499
19.3418
0.540011
141.75
128.025
139.945
0.181117
1
0
0.0731774
16
1
i = 4069
5795
2511
2525
2518.17
0.104793
2.84796
17.1641
0.548002
120.66
113.045
120.553
0.207288
1
0
0.0257968
11
0
i = 4070
7519
2510
2529
2518.18
0.115296
2.87017
15.6122
0.543276
113.705
102.855
112.171
0.222414
1
0
0.0888887
16
2
i = 4071
5796
2510
2527
2518.71
0.0774824
2.94129
23.5212
0.536867
174.6
155.655
172.596
0.147889
1
0
0.24748
14
0
i = 4072
7518
2508
2528
2518.73
0.0866428
2.99183
21.2074
0.531933
160.49
141.585
158.773
0.163461
1
0
0.19614
17
2
i = 4073
5927
2509
2526
2518.76
0.0684482
3.12104
27.5053
0.522984
213.69
202.635
211.832
0.128813
1
0
0.208729
14
1
i = 4074
5926
2510
2526
2519.29
0.0543827
2.98906
33.9201
0.535016
250.925
230.095
249.337
0.105119
1
0
0.114338
13
1
i = 4075
5797
2510
2532
2519.3
0.0568249
3.16002
33.2347
0.51767
272.215
246.055
262.997
0.104391
1
0
1.09039
19
0
i = 4076
7517
2509
2530
2519.38
0.0463298
2.96199
39.4604
0.534535
293.685
265.64
292.858
0.0877956
1
0
0.0117093
18
2
i = 4077
7516
2510
2528
2519.52
0.0824311
2.94743
22.1285
0.536114
162.89
147.94
162.904
0.156923
1
0
0.0462586
15
2
i = 4078
5925
2509
2529
2519.58
0.0659087
3.2121
28.8901
0.513493
234.065
216.665
231.929
0.12013
1
0
0.209078
17
1
i = 4079
5798
2510
2528
2519.66
0.0621411
3.01722
29.7043
0.530044
224.415
212.385
223.557
0.117084
1
0
0.200119
15
0
i = 4080
7515
2510
2530
2520.05
0.12216
2.96853
14.9823
0.533968
113.405
100.68
111.387
0.231281
1
0
0.10763
17
2
i = 4081
5924
2509
2529
2520.14
0.0912919
3.19615
20.8095
0.51495
167.405
156.16
165.974
0.167062
1
0
0.175188
17
1
i = 4082
5799
2512
2529
2520.18
0.0979594
2.99968
18.7917
0.531789
142.4
127.06
140.662
0.18541
1
0
0.19362
14
0
i = 4083
7514
2511
2527
2520.71
0.128033
2.95902
14.3772
0.538953
105.435
96.115
103.973
0.251326
1
0
0.0217905
13
2
i = 4084
5800
2510
2530
2520.84
0.125291
3.11559
14.9671
0.52136
119.445
108.865
116.566
0.231825
1
0
0.236608
17
0
i = 4085
5923
2511
2528
2521.08
0.103034
2.95839
17.7836
0.536942
131.09
120.375
129.935
0.198786
1
0
0.199486
14
1
i = 4086
7513
2510
2529
2521.16
0.14349
3.13072
13.1163
0.521046
103.255
97.23
101.969
0.267008
1
0
0.0625943
16
2
i = 4087
5801
2514
2529
2521.32
0.110613
2.83741
16.1987
0.547524
114.62
106.03
114.256
0.216554
1
0
0.088822
12
0
i = 4088
5922
2515
2530
2521.64
0.0913956
2.76
19.351
0.555563
131.045
124.245
132.972
0.182044
1
0
0.311483
12
1
i = 4089
7512
2512
2532
2521.68
0.123402
3.00797
14.9299
0.530474
113.745
106.415
112.473
0.232129
1
0
0.0391194
17
2
i = 4090
5802
2515
2530
2521.94
0.103136
2.89955
17.5828
0.542375
126.285
114.84
126.598
0.200986
1
0
0.0959482
12
0
i = 4091
5921
2511
2532
2522.18
0.0774397
2.95628
23.5854
0.535062
175.79
158.945
174.635
0.146905
1
0
0.0763166
18
1
i = 4092
7511
2512
2531
2522.28
0.0996908
2.92644
18.2301
0.537911
133.105
122.125
133.394
0.190271
1
0
0.0203977
16
2
i = 4093
5803
2516
2528
2522.31
0.0977105
2.77455
18.3453
0.56055
123.56
118.775
122.902
0.204433
1
0
0.0372616
9
0
i = 4094
7510
2514
2529
2522.52
0.107345
3.09461
17.5606
0.527827
132.425
128.96
132.415
0.207458
1
0
0.0916499
12
2
i = 4095
5804
2516
2529
2522.76
0.0970423
2.74441
18.2296
0.559461
122.84
115.98
122.698
0.197464
1
0
0.0460008
10
0
i = 4096
5920
2510
2530
2522.8
0.0856782
3.13576
22.0328
0.521868
175.355
162.09
170.409
0.161023
1
0
0.366905
17
1
i = 4097
7509
2515
2532
2523.03
0.120295
2.97123
15.2299
0.534324
112.25
103.44
112.97
0.228766
1
0
0.0178668
14
2
i = 4098
7508
2516
2531
2523.29
0.113419
2.90079
15.9812
0.541893
114.915
106.495
115.071
0.220301
1
0
0.0165398
12
2
i = 4099
5805
2512
2531
2523.39
0.101668
2.98545
18.0724
0.533383
137.06
121.495
134.108
0.193425
1
0
0.173787
16
0
i = 4100
6719
2512
2534
2523.41
0.105533
3.38695
18.5255
0.499947
159.95
144.53
157.026
0.187132
1
0
0.513987
19
1
i = 4101
5806
2512
2532
2523.86
0.101955
2.93688
17.8611
0.537183
133.355
117.355
130.899
0.194612
1
0
0.2173
17
0
i = 4102
6718
2517
2530
2524.07
0.0829559
2.82813
21.736
0.552923
150.77
142.285
149.405
0.168759
1
0
0.192474
10
1
i = 4103
7507
2514
2532
2524.17
0.121921
2.99599
15.0925
0.532241
114.835
101.9
112.531
0.231151
1
0
0.112661
15
2
i = 4104
7506
2513
2531
2524.53
0.115984
3.07877
16.2001
0.528601
124.23
118.165
121.811
0.223653
1
0
0.0425764
15
2
i = 4105
5807
2511
2532
2524.53
0.0962151
3.15235
19.6514
0.519954
159.08
145.735
153.239
0.179507
1
0
0.541501
18
0
i = 4106
6717
2516
2531
2524.68
0.0791946
2.88986
22.9315
0.544741
164.395
150.795
162.433
0.156486
1
0
0.1149
12
1
i = 4107
7505
2518
2533
2524.9
0.101326
2.94571
18.0503
0.538508
131.195
119.37
131.872
0.196561
1
0
0.0848657
12
2
i = 4108
6716
2516
2534
2525.14
0.0746397
2.90694
24.2674
0.539724
177.085
161.815
176.411
0.142948
1
0
0.102025
15
1
i = 4109
5808
2515
2532
2525.17
0.0973678
2.98712
18.9245
0.534764
141.965
128.435
139.323
0.187597
1
0
0.346836
14
0
i = 4110
7504
2516
2536
2525.64
0.0916096
2.87949
19.6766
0.54215
145.275
129.11
141.953
0.176087
1
0
0.184516
17
2
i = 4111
5809
2519
2531
2525.74
0.0897522
2.74618
19.9719
0.564351
131.815
127.415
131.33
0.190118
1
0
0.300091
9
0
i = 4112
6715
2515
2534
2525.81
0.0760751
3.03557
24.3403
0.528529
188.83
174.225
184.179
0.143012
1
0
0.345986
16
1
i = 4113
7503
2518
2533
2525.91
0.100981
2.88329
17.8983
0.543599
127.825
117.04
127.737
0.196846
1
0
0.00876828
12
2
i = 4114
5810
2519
2535
2526.17
0.0919739
2.91955
19.7688
0.539897
143.235
132.52
143.774
0.177717
1
0
0.230808
13
0
i = 4115
6714
2514
2534
2526.37
0.0805928
2.96274
22.7084
0.535329
170.745
152.435
167.325
0.153794
1
0
0.223189
17
1
i = 4116
7502
2518
2537
2526.41
0.0944548
2.87633
19.076
0.542614
138.01
125.93
137.38
0.181898
1
0
0.0160065
16
2
i = 4117
5811
2518
2533
2526.59
0.102409
3.04475
18.2488
0.53186
136.02
132.075
135.514
0.19908
1
0
0.0934363
12
0
i = 4118
7501
2517
2537
2526.9
0.119619
3.03921
15.4818
0.527744
118.29
111.065
117.819
0.22386
1
0
0.00700509
17
2
i = 4119
6713
2517
2536
2527.02
0.0859109
2.90151
21.0628
0.540155
152.57
140.83
152.916
0.164592
1
0
0.149592
16
1
i = 4120
5812
2517
2535
2527.23
0.107416
3.20725
17.746
0.515233
142.89
133.495
140.983
0.198238
1
0
0.109067
15
0
i = 4121
7500
2519
2535
2527.38
0.120036
3.07877
15.5582
0.526029
118.585
113.935
118.633
0.226382
1
0
0.0144554
13
2
i = 4122
7499
2519
2537
2527.78
0.118046
3.01038
15.6165
0.530495
116.82
111.95
117.512
0.222389
1
0
0.0207906
15
2
i = 4123
5813
2517
2536
2527.8
0.0973397
2.79954
18.2617
0.549999
129.395
116.625
127.783
0.189997
1
0
0.0748138
16
0
i = 4124
6712
2518
2534
2527.87
0.0823127
2.84981
21.9285
0.548836
152.84
143.455
152.936
0.164176
1
0
0.36583
13
1
i = 4125
7498
2518
2535
2528.41
0.0920482
2.92513
19.8206
0.540679
142.865
132.725
142.671
0.179638
1
0
0.0363374
14
2
i = 4126
6711
2520
2537
2528.42
0.0791624
2.84988
22.6576
0.545222
160.315
149.68
161.369
0.15327
1
0
0.149287
14
1
i = 4127
5814
2521
2542
2528.44
0.0872546
2.73203
20.1312
0.557046
142.585
127.895
137.623
0.172804
1
0
0.40434
18
0
i = 4128
5815
2520
2539
2528.99
0.093577
2.98326
19.6086
0.532753
148.145
129.925
146.43
0.176878
1
0
0.147029
16
0
i = 4129
7497
2519
2536
2529.02
0.114698
3.12369
16.4447
0.523434
126.77
122.1
126.316
0.217021
1
0
0.0393725
14
2
i = 4130
6710
2522
2539
2529.17
0.081034
2.90879
22.3932
0.54075
164.095
148.93
162.514
0.156685
1
0
0.211485
14
1
i = 4131
7496
2519
2536
2529.48
0.127489
3.02608
14.5884
0.532576
108.76
105.525
108.117
0.246691
1
0
0.0353463
14
2
i = 4132
5816
2520
2536
2529.51
0.0949132
2.79148
18.7559
0.552863
130.76
120.795
129.189
0.188669
1
0
0.0521824
13
0
i = 4133
6709
2517
2537
2529.86
0.0688166
2.88177
26.2429
0.543189
190.755
170.635
187.625
0.133585
1
0
0.128398
17
1
i = 4134
7495
2521
2538
2529.98
0.0837918
2.93331
21.7227
0.537673
159.19
142.96
158.833
0.160251
1
0
0.00546276
14
2
i = 4135
5817
2520
2536
2530.08
0.0780282
2.93623
23.5949
0.542472
170.475
158.405
168.121
0.155607
1
0
0.0417239
13
0
i = 4136
5818
2522
2538
2530.38
0.0755364
2.98544
24.3307
0.533704
180.435
165.03
180.308
0.144085
1
0
0.20466
13
0
i = 4137
7494
2520
2538
2530.47
0.0824561
3.05624
22.5581
0.527545
172.225
163.77
170.991
0.155542
1
0
0.0309464
15
2
i = 4138
6708
2517
2541
2530.52
0.0597282
2.97988
30.7007
0.532923
232.94
206.545
229.23
0.112841
1
0
0.174658
21
1
i = 4139
7493
2520
2540
2530.95
0.0891257
3.12307
21.0665
0.520772
166.67
154.11
164.406
0.164761
1
0
0.121652
17
2
i = 4140
5819
2522
2542
2531.1
0.0741814
3.12958
25.3366
0.520221
200.745
186.795
198.469
0.136983
1
0
0.263015
17
0
i = 4141
6707
2519
2542
2531.22
0.0609514
3.11893
30.7786
0.520912
246.225
226.55
240.51
0.112559
1
0
0.323495
20
1
i = 4142
7492
2523
2540
2531.77
0.0668153
2.94687
27.3031
0.536387
201.21
181.735
200.671
0.127438
1
0
0.0429497
14
2
i = 4143
5820
2524
2539
2531.83
0.0764154
3.09301
24.5524
0.526354
187.325
178.515
186.824
0.145677
1
0
0.271852
12
0
i = 4144
7491
2523
2540
2532.05
0.0982906
2.97499
18.6527
0.534047
138.775
126.295
138.18
0.186895
1
0
0.077465
14
2
i = 4145
6706
2524
2541
2532.06
0.0665408
2.9124
27.2549
0.539537
198.82
182.41
198.299
0.127649
1
0
0.0867646
14
1
i = 4146
5821
2525
2539
2532.3
0.0896375
3.10565
21.0702
0.527846
159.725
155.25
159.372
0.174309
1
0
0.200774
11
0
i = 4147
6705
2524
2540
2532.41
0.0836508
3.0245
22.1201
0.530461
166.865
159.625
165.886
0.158815
1
0
0.202442
13
1
i = 4148
7490
2522
2540
2532.58
0.124568
3.15235
15.1821
0.520096
119.35
113.045
118.285
0.232689
1
0
0.0925379
15
2
i = 4149
5822
2524
2541
2532.75
0.0977969
3.07682
19.0674
0.525282
146.86
138.235
146.034
0.183076
1
0
0.106429
14
0
i = 4150
7489
2521
2542
2533.21
0.11502
3.00075
16.0004
0.531241
120.705
114.875
120.019
0.216852
1
0
0.0331972
18
2
i = 4151
6704
2523
2543
2533.21
0.0910248
3.22888
20.9723
0.512116
171.365
158.245
169.339
0.165418
1
0
0.304736
17
1
i = 4152
5823
2527
2541
2533.43
0.10197
2.74626
17.3181
0.557705
117.675
110.955
117.975
0.204842
1
0
0.0236467
11
0
i = 4153
7488
2522
2540
2533.64
0.130511
2.9407
14.0452
0.540162
104.33
93.76
101.18
0.255987
1
0
0.187286
15
2
i = 4154
6703
2523
2545
2534.01
0.0897462
2.98657
20.455
0.532324
156.69
137.825
153.09
0.169359
1
0
0.234055
19
1
i = 4155
7487
2523
2540
2534.06
0.117204
2.8382
15.3963
0.550661
109.525
100.97
106.575
0.235606
1
0
0.119176
14
2
i = 4156
5824
2527
2542
2534.21
0.104702
2.77246
16.9112
0.553629
116.85
109.16
116.738
0.206918
1
0
0.0253165
12
0
i = 4157
6702
2520
2540
2534.48
0.0923944
2.96521
20.2175
0.542466
149.175
136.165
143.582
0.187398
1
0
0.284326
17
1
i = 4158
5825
2527
2543
2534.85
0.108033
2.7348
16.2654
0.556676
111.31
102.71
111.109
0.213691
1
0
0.0275612
13
0
i = 4159
7486
2523
2545
2534.9
0.12447
3.00504
14.7942
0.530698
115.27
104.73
111.362
0.234189
1
0
0.148079
19
2
i = 4160
6701
2528
2542
2535.2
0.0836117
2.91271
21.7779
0.542543
155.635
146.365
156.005
0.164445
1
0
0.326871
11
1
i = 4161
7485
2525
2544
2535.32
0.0957528
2.92648
18.9802
0.537916
138.43
127.12
138.87
0.182768
1
0
0.0498132
16
2
i = 4162
5826
2528
2541
2535.52
0.0925011
2.69618
19.0619
0.566259
125.22
120.34
124.569
0.192711
1
0
0.0577385
10
0
i = 4163
7484
2527
2543
2535.91
0.101379
3.00557
18.2151
0.532726
135.85
130.185
135.227
0.194063
1
0
0.035674
13
2
i = 4164
6700
2526
2545
2535.93
0.0730243
3.14142
25.7881
0.519307
205.17
189.2
202.354
0.134667
1
0
0.171004
16
1
i = 4165
5827
2529
2543
2536.17
0.0880407
2.76629
20.1151
0.555317
137.415
129.885
137.618
0.175687
1
0
0.215398
11
0
i = 4166
7483
2527
2545
2536.31
0.101567
3.02387
18.1915
0.529347
136.885
131.73
137.361
0.190975
1
0
0.0556884
15
2
i = 4167
6699
2526
2544
2536.39
0.0599288
3.09846
31.254
0.523995
240.91
229.965
240.113
0.112329
1
0
0.0476873
15
1
i = 4168
7481
2527
2546
2536.43
0.0537457
3.32788
36.0713
0.504786
298.745
280.03
299.548
0.0964956
1
0
0.32495
16
2
i = 4169
5828
2527
2544
2536.55
0.0765978
3.09826
24.4643
0.52436
189.17
179.41
187.576
0.144004
1
0
0.097819
14
0
i = 4170
5829
2525
2545
2536.56
0.0600921
3.20405
31.6642
0.514605
254.385
239.03
252.655
0.110107
1
0
0.376496
17
0
i = 4171
7482
2527
2544
2536.7
0.0858646
3.04394
21.6324
0.529013
163.935
157.3
162.941
0.162853
1
0
0.383632
14
2
i = 4172
6698
2527
2551
2536.8
0.0582036
3.35765
33.4474
0.502226
287.53
258.89
281.209
0.103749
1
0
0.602321
21
1
i = 4173
5830
2527
2545
2537.36
0.0758419
3.14963
24.906
0.519888
195.86
185.435
194.334
0.1412
1
0
0.0797365
15
0
i = 4174
7480
2530
2549
2537.7
0.112558
2.95575
16.2381
0.535856
120.86
108.4
119.975
0.214858
1
0
0.090777
16
2
i = 4175
6697
2528
2549
2537.91
0.0696257
3.21422
27.3542
0.513215
222.055
205.505
220.159
0.126745
1
0
0.404393
18
1
i = 4176
5831
2530
2549
2538.57
0.0862954
3.05542
21.523
0.526623
165.345
155.735
164.515
0.161444
1
0
0.133138
16
0
i = 4177
7479
2529
2547
2538.7
0.0854336
2.98875
21.5029
0.53253
160.14
144.825
160.34
0.161692
1
0
0.00856039
15
2
i = 4178
5832
2530
2547
2538.84
0.0932289
3.07881
20.0094
0.525157
153.625
145.44
153.282
0.174536
1
0
0.0408527
14
0
i = 4179
6696
2530
2550
2538.85
0.0848795
3.08419
21.9829
0.524071
173.755
158.835
169.705
0.157934
1
0
0.386227
17
1
i = 4180
7478
2530
2549
2538.93
0.113625
2.94564
16.0465
0.536127
119.355
105.87
118.339
0.216109
1
0
0.066323
16
2
i = 4181
5833
2530
2548
2539.55
0.0931107
2.90595
19.4513
0.539885
141.105
129.335
141.226
0.178455
1
0
0.0456014
15
0
i = 4182
7477
2529
2547
2539.58
0.117024
3.0372
15.8479
0.529309
120.605
114.495
119.3
0.221654
1
0
0.0459823
15
2
i = 4183
6695
2530
2553
2539.68
0.0874885
3.27597
21.9787
0.508419
184.43
166.97
180.31
0.157843
1
0
0.417471
20
1
i = 4184
7476
2532
2547
2540.19
0.0877346
3.01013
21.1007
0.533418
156.695
152
156.107
0.169369
1
0
0.0529198
12
2
i = 4185
7475
2532
2547
2540.21
0.0982651
2.98801
18.7654
0.535236
138.185
127.68
137.893
0.190156
1
0
0.0144699
12
2
i = 4186
5834
2532
2554
2540.26
0.0803811
2.90073
22.5125
0.540408
169
149.62
163.493
0.154244
1
0
0.461491
19
0
i = 4187
6694
2532
2551
2540.31
0.0703631
3.04222
26.3429
0.527884
200.645
191.15
200.442
0.132055
1
0
0.0391746
16
1
i = 4188
5835
2532
2553
2540.78
0.0892657
3.01086
20.6517
0.530362
158.715
146.72
155.7
0.168033
1
0
0.225564
18
0
i = 4189
6693
2530
2548
2540.81
0.0851441
3.20998
22.454
0.516275
180.055
167.44
177.348
0.158819
1
0
0.190529
15
1
i = 4190
7474
2531
2551
2540.99
0.125428
2.99594
14.6591
0.531527
111.645
97.92
109.984
0.236393
1
0
0.108873
17
2
i = 4191
6692
2533
2555
2541.44
0.0969747
3.21714
19.6621
0.513583
164.32
147.56
158.137
0.177366
1
0
0.470479
19
1
i = 4192
5836
2531
2553
2541.51
0.108421
3.14636
17.3789
0.518649
139.785
127.83
137.002
0.199368
1
0
0.282589
19
0
i = 4193
7473
2531
2550
2541.52
0.13085
2.96054
13.9711
0.534909
104.94
93.755
103.319
0.248512
1
0
0.108921
16
2
i = 4194
5837
2534
2552
2542.05
0.110769
3.07199
16.8212
0.525623
130.04
122.89
129.063
0.207406
1
0
0.141786
15
0
i = 4195
6691
2535
2548
2542.09
0.0886484
2.90413
20.6661
0.546837
145.42
138.6
145.203
0.179723
1
0
0.219834
10
1
i = 4196
7472
2533
2552
2542.1
0.121409
3.13646
15.4984
0.519706
121.945
114.995
121.56
0.224048
1
0
0.0535744
16
2
i = 4197
2186
2530
2550
2542.49
0.0920867
3.35856
21.2378
0.504744
178.985
165.33
175.558
0.167955
1
0
0.218923
17
2
i = 4198
5838
2534
2549
2542.5
0.092645
2.90383
19.629
0.542986
140.71
130.965
140.041
0.181945
1
0
0.186477
12
0
i = 4199
101
2530
2549
2542.59
0.153527
3.34569
12.8761
0.509768
108.32
99.075
103.854
0.290827
1
0
0.323363
16
0
i = 4200
100
2534
2549
2542.68
0.222401
2.928
8.22556
0.541525
59.435
54.625
58.9423
0.43784
1
0
0.0326193
12
0
i = 4201
1478
2535
2550
2542.77
0.157681
3.02816
11.7611
0.531334
87.985
84.365
87.8612
0.302197
1
0
0.033861
12
1
i = 4202
7471
2534
2553
2542.78
0.0965115
2.86799
18.6409
0.543312
134.215
121.485
133.888
0.185993
1
0
0.052763
16
2
i = 4203
6690
2534
2550
2542.89
0.0867412
3.04119
21.4213
0.529788
160.625
153.795
160.772
0.165335
1
0
0.146085
13
1
i = 4204
1477
2534
2552
2542.96
0.195396
3.27191
9.84124
0.509389
81.33
73.905
80.2093
0.35473
1
0
0.129119
15
1
i = 4205
5839
2533
2550
2542.99
0.092623
2.83117
19.3264
0.548047
137.42
125.285
135.709
0.181433
1
0
0.314257
14
0
i = 4206
7470
2535
2552
2543.29
0.114152
2.80285
15.5817
0.549724
109.055
101.325
109.207
0.222768
1
0
0.0675148
14
2
i = 4207
5840
2534
2553
2543.63
0.108923
2.88146
16.555
0.541995
123.395
108.42
119.43
0.209344
1
0
0.278564
16
0
i = 4208
6689
2533
2551
2543.64
0.0954509
3.08381
19.5889
0.525615
151.22
142.47
149.469
0.179916
1
0
0.128916
15
1
i = 4209
7469
2536
2552
2543.71
0.115646
2.77536
15.3087
0.552721
106.405
97.705
106.089
0.227304
1
0
0.020973
13
2
i = 4210
5841
2534
2552
2544.25
0.103864
3.12549
18.1086
0.521617
144.17
132.815
140.427
0.193655
1
0
0.366687
15
0
i = 4211
7468
2535
2555
2544.31
0.108509
2.75368
16.2452
0.554389
113.505
104.395
112.101
0.213269
1
0
0.0755918
17
2
i = 4212
6688
2536
2550
2544.4
0.0843261
2.84875
21.5607
0.551724
149.28
141.85
148.299
0.172091
1
0
0.19146
11
1
i = 4213
7467
2535
2555
2544.71
0.102238
3.06797
18.1995
0.525282
142.105
131.24
139.807
0.190462
1
0
0.185432
17
2
i = 4214
5842
2534
2554
2544.81
0.0908129
3.10342
20.6089
0.522363
161.24
150.435
159.906
0.168334
1
0
0.0888892
17
0
i = 4215
6687
2539
2552
2545.07
0.0803651
2.74598
22.0375
0.559631
147.775
142.265
149.058
0.163923
1
0
0.313626
10
1
i = 4216
5843
2536
2555
2545.36
0.100544
2.97962
18.2382
0.533038
137.9
123.345
136.017
0.1901
1
0
0.164361
16
0
i = 4217
7466
2537
2554
2545.36
0.109611
3.0331
16.888
0.528892
127.49
121.955
127.732
0.206385
1
0
0.116763
14
2
i = 4218
6686
2538
2552
2545.73
0.0928126
2.93943
19.7728
0.541366
141.985
131.995
141.804
0.183702
1
0
0.0872364
11
1
i = 4219
7465
2538
2556
2545.86
0.134185
2.94643
13.5966
0.536539
99.78
90.71
100.15
0.256195
1
0
0.0431821
15
2
i = 4220
6685
2538
2555
2546.29
0.0931345
2.84645
19.2471
0.545561
137.65
126.625
136.94
0.180445
1
0
0.211567
14
1
i = 4221
5844
2532
2556
2546.38
0.119233
3.43955
16.5278
0.496349
148.615
128.58
141.943
0.210248
1
0
0.537202
21
0
i = 4222
7464
2535
2553
2546.6
0.138627
3.06791
13.5384
0.52976
103.99
98.77
101.322
0.268304
1
0
0.172972
15
2
i = 4223
5845
2535
2556
2546.81
0.104669
3.07618
17.8016
0.524645
139.33
128.165
136.948
0.194834
1
0
0.116469
18
0
i = 4224
7463
2535
2556
2547.15
0.100185
3.02699
18.45
0.52894
142.525
133.395
139.597
0.188072
1
0
0.222529
18
2
i = 4225
6684
2538
2558
2547.22
0.0796835
2.97782
23.0055
0.533182
176.045
154.735
171.586
0.150684
1
0
0.285786
17
1
i = 4226
5846
2538
2554
2547.28
0.0918239
2.84193
19.5518
0.547668
138.565
128.47
137.312
0.180502
1
0
0.0605639
13
0
i = 4227
7462
2540
2555
2547.53
0.103646
2.97755
17.7284
0.535325
130.575
119.715
130.636
0.199471
1
0
0.0101434
12
2
i = 4228
5847
2538
2554
2547.97
0.109265
2.9788
16.9653
0.53847
124
113
122.722
0.216135
1
0
0.0484239
13
0
i = 4229
6683
2533
2558
2547.97
0.0843657
3.27701
22.7945
0.508274
197.545
171.355
186.911
0.1521
1
0
0.736047
22
1
i = 4230
7461
2540
2556
2548.3
0.114027
2.84727
15.7293
0.545902
112
103.215
111.536
0.22164
1
0
0.0169452
13
2
i = 4231
7457
2537
2558
2548.42
0.0662677
3.91379
31.7742
0.466445
307.28
289.36
308.257
0.11074
1
0
0.122342
18
2
i = 4232
6682
2534
2556
2548.6
0.0889851
2.891
20.3175
0.541978
147.865
134.645
146.026
0.171971
1
0
0.0951568
19
1
i = 4233
7460
2541
2557
2548.7
0.119311
2.93714
15.2737
0.537809
112.23
101.195
111.739
0.228943
1
0
0.0652763
13
2
i = 4234
5848
2538
2555
2548.75
0.117972
2.99993
15.7328
0.535766
116.115
106.7
115.085
0.230968
1
0
0.121154
14
0
i = 4235
5850
2536
2556
2548.97
0.0799613
3.43977
24.8958
0.500847
213.96
196.11
208.554
0.146873
1
0
0.881859
17
0
i = 4236
5851
2537
2558
2549.14
0.0598875
3.55203
33.4777
0.489233
297.105
284.23
295.307
0.104682
1
0
0.873091
18
0
i = 4237
5849
2540
2555
2549.22
0.10368
2.91795
17.7321
0.544758
126.76
118.57
125.183
0.208415
1
0
0.310682
12
0
i = 4238
7459
2542
2558
2549.36
0.11582
3.02241
15.9777
0.530893
120.005
114.85
120.091
0.220434
1
0
0.226088
13
2
i = 4239
6679
2536
2564
2549.54
0.0520736
3.77918
39.6561
0.473221
379.615
350.635
375.586
0.0873579
1
0
0.292623
25
1
i = 4240
6681
2543
2559
2549.56
0.0940984
2.94131
19.4516
0.539447
142.43
129.91
142.112
0.183524
1
0
0.120583
13
1
i = 4241
7456
2535
2561
2549.87
0.0514939
3.37218
37.8821
0.500984
324.095
294.045
319.96
0.091465
1
0
0.467153
23
2
i = 4242
6680
2539
2564
2549.89
0.0735549
3.4864
26.9665
0.49275
241.975
212.14
235.53
0.128538
1
0
0.765399
22
1
i = 4243
7458
2536
2559
2549.96
0.109876
3.12986
17.1068
0.520208
135.575
125.445
133.799
0.202903
1
0
0.0519764
20
2
i = 4244
5852
2538
2559
2550.26
0.0619116
3.25343
30.9645
0.510557
253.35
235.875
251.116
0.112452
1
0
0.319855
18
0
i = 4245
6678
2537
2561
2550.66
0.0674858
3.66167
30.1281
0.481028
276.92
261.675
275.545
0.115301
1
0
0.525996
21
1
i = 4246
7455
2543
2559
2551.3
0.1021
2.92968
17.8249
0.538461
130.08
119.39
129.849
0.196114
1
0
0.0371989
13
2
i = 4247
5853
2544
2557
2551.34
0.082398
2.8418
22.0238
0.552803
152.47
144.785
151.097
0.168886
1
0
0.0930661
10
0
i = 4248
5854
2543
2558
2552.09
0.0897902
2.99771
20.7646
0.537676
153.035
140.72
150.499
0.178391
1
0
0.349306
12
0
i = 4249
7454
2544
2559
2552.31
0.106118
2.9784
17.3557
0.536256
127.495
117.48
126.999
0.205959
1
0
0.0426729
12
2
i = 4250
6677
2543
2563
2552.53
0.0717507
3.05874
25.8938
0.526084
200.13
187.285
198.327
0.133878
1
0
0.105646
17
1
i = 4251
7453
2542
2559
2552.68
0.0741986
2.93422
24.6817
0.540834
179.345
164.28
177.336
0.145787
1
0
0.0330692
14
2
i = 4252
5855
2543
2561
2552.8
0.0897662
3.03583
20.629
0.528532
157.62
149.085
156.081
0.168777
1
0
0.364369
15
0
i = 4253
6676
2544
2561
2553.14
0.0797356
3.09454
23.4649
0.524103
181.65
171.845
180.311
0.149255
1
0
0.562064
14
1
i = 4254
7452
2544
2564
2553.29
0.126361
2.89792
14.311
0.540445
104.29
95.12
103.899
0.242153
1
0
0.0182358
17
2
i = 4255
5856
2544
2560
2553.47
0.113825
3.16857
16.7745
0.521759
131.745
124.99
129.386
0.217664
1
0
0.279863
13
0
i = 4256
7451
2545
2563
2553.73
0.134257
3.06357
13.8528
0.525963
106.195
100.345
106.033
0.250919
1
0
0.0194919
15
2
i = 4257
6675
2545
2561
2553.78
0.101766
2.98073
18.0588
0.534563
134.08
120.37
133.228
0.194992
1
0
0.0605153
13
1
i = 4258
5857
2545
2568
2554.17
0.114761
3.21688
16.6054
0.513166
135.775
125.4
133.726
0.209115
1
0
0.182306
20
0
i = 4259
7450
2546
2563
2554.38
0.123031
2.76219
14.3514
0.553698
98.725
92.485
99.1504
0.241746
1
0
0.0113221
14
2
i = 4260
6674
2548
2561
2554.58
0.0975473
2.7638
18.1992
0.557593
122.99
116.61
123.476
0.197946
1
0
0.231257
10
1
i = 4261
5858
2547
2563
2554.63
0.112114
2.8903
16.1215
0.54201
115.135
107.2
116.162
0.216623
1
0
0.160754
13
0
i = 4262
7449
2544
2564
2554.98
0.129483
2.98062
14.1646
0.532964
106.37
93.835
105.607
0.244807
1
0
0.0230336
17
2
i = 4263
5859
2549
2561
2555.4
0.112061
2.74197
15.895
0.563443
105.6
102.085
105.274
0.235046
1
0
0.097159
9
0
i = 4264
7448
2544
2564
2555.49
0.133363
3.05361
13.9231
0.526797
108.71
100.365
106.117
0.249613
1
0
0.109025
17
2
i = 4265
6673
2545
2567
2555.5
0.0894755
2.97775
20.4865
0.533114
155.17
137.715
152.882
0.169102
1
0
0.211749
19
1
i = 4266
7444
2545
2566
2555.8
0.0583863
3.42273
33.6642
0.497438
287.51
264.115
288.044
0.103088
1
0
0.063179
18
2
i = 4267
6672
2547
2563
2556.06
0.0828558
2.8059
21.5084
0.550541
150.83
139.55
149.645
0.163071
1
0
0.310199
13
1
i = 4268
7447
2549
2563
2556.16
0.11321
2.88702
16.0052
0.544651
113.335
106.79
113.803
0.223092
1
0
0.137324
11
2
i = 4269
5862
2541
2564
2556.16
0.0727442
3.24778
26.371
0.512014
218.83
200.82
212.182
0.133422
1
0
0.912729
20
0
i = 4270
5860
2548
2564
2556.21
0.10147
2.97045
18.0623
0.53488
132.605
122.515
133.354
0.193764
1
0
0.112648
13
0
i = 4271
7446
2549
2564
2556.46
0.112691
2.81257
15.8268
0.54977
109.895
103.43
110.671
0.221295
1
0
0.0643009
12
2
i = 4272
5861
2548
2563
2556.49
0.0909763
2.95566
20.1829
0.538614
146.73
135.83
146.297
0.177702
1
0
0.0609354
12
0
i = 4273
6671
2550
2562
2556.61
0.0783563
2.65338
22.3417
0.571818
143.79
138.61
143.35
0.165836
1
0
0.457913
9
1
i = 4274
6670
2545
2565
2556.72
0.0608723
3.13599
30.924
0.520142
241.2
229.295
241.523
0.112725
1
0
0.155336
17
1
i = 4275
5863
2541
2569
2556.74
0.073602
3.64967
27.5721
0.481556
260.99
236.095
252.084
0.125659
1
0
0.637125
25
0
i = 4276
7445
2548
2564
2556.81
0.0991205
2.94565
18.428
0.537604
134.525
122.78
134.434
0.19084
1
0
0.0167077
13
2
i = 4277
6669
2544
2565
2557.22
0.0612945
3.41308
32.1406
0.500357
275.32
253.48
270.51
0.110557
1
0
0.904133
18
1
i = 4278
7443
2544
2565
2557.71
0.0915395
3.08519
20.4356
0.525631
159.14
149.68
155.9
0.172704
1
0
0.234902
18
2
i = 4279
5864
2542
2567
2558.25
0.071044
3.28364
27.1109
0.50825
227.27
207.35
221.845
0.128498
1
0
0.286081
22
0
i = 4280
7442
2548
2570
2558.65
0.0663454
2.89579
27.2459
0.540601
200.125
180.17
197.741
0.127145
1
0
0.104069
19
2
i = 4281
6668
2550
2565
2558.73
0.0567072
2.88533
32.0106
0.545304
226.595
210.68
226.228
0.112267
1
0
0.190372
12
1
i = 4282
5865
2550
2568
2559.04
0.0641203
2.97104
28.5599
0.533931
213.07
192.845
212.11
0.12153
1
0
0.13424
15
0
i = 4283
7441
2549
2570
2559.14
0.0723631
2.98052
25.3431
0.532876
191.79
171.355
189.263
0.136708
1
0
0.0839894
18
2
i = 4284
6667
2550
2565
2559.37
0.0584701
2.94893
31.7476
0.543127
227.905
213.875
225.143
0.118113
1
0
0.0867229
12
1
i = 4285
5866
2551
2573
2559.45
0.0782324
3.12396
24.0107
0.520978
190.175
176.83
187.641
0.144948
1
0
0.124936
19
0
i = 4286
7440
2552
2567
2559.72
0.0820548
2.98205
22.4146
0.535029
164.96
150.74
165.198
0.157944
1
0
0.0442208
12
2
i = 4287
5867
2550
2568
2559.92
0.0984242
3.16517
19.2222
0.518073
153.31
142.275
151.203
0.181941
1
0
0.125265
15
0
i = 4288
6666
2551
2569
2559.97
0.0776941
3.01292
23.7368
0.53026
179.185
169.32
178.725
0.146294
1
0
0.0319708
15
1
i = 4289
7439
2550
2569
2560.31
0.12612
3.05741
14.7308
0.526406
112.955
107.09
112.47
0.23578
1
0
0.0165497
16
2
i = 4290
7438
2551
2571
2560.72
0.128527
3.02917
14.385
0.528619
109.75
103.485
109.123
0.240933
1
0
0.01336
17
2
i = 4291
5868
2551
2569
2560.74
0.112158
3.058
16.5709
0.526625
126.825
120.335
126.286
0.210133
1
0
0.0525068
15
0
i = 4292
6665
2551
2572
2560.76
0.089844
3.08028
20.7515
0.524216
164.84
149.905
160.121
0.167016
1
0
0.35443
18
1
i = 4293
7437
2553
2570
2561.14
0.109909
2.96896
16.6615
0.534472
123.14
112.835
123.493
0.208996
1
0
0.00578333
14
2
i = 4294
5869
2552
2569
2561.24
0.110706
3.0393
16.7467
0.528725
127.535
121.45
126.457
0.208895
1
0
0.152967
14
0
i = 4295
6664
2554
2570
2561.45
0.0938981
2.79291
18.9182
0.551171
131.945
122.075
131.915
0.184258
1
0
0.206733
13
1
i = 4296
7436
2554
2568
2561.59
0.123118
2.90076
14.7797
0.544155
105.31
97.725
105.012
0.243662
1
0
0.0412859
11
2
i = 4297
5870
2552
2570
2561.74
0.116503
3.10561
16.0788
0.522688
127.115
117.095
124.352
0.216805
1
0
0.294328
15
0
i = 4298
6663
2556
2568
2562.22
0.0930472
2.73168
19.073
0.563949
126.23
122.27
126.332
0.194669
1
0
0.488734
9
1
i = 4299
7435
2554
2571
2562.24
0.106057
2.95282
17.2184
0.535856
126.635
115.945
126.942
0.202097
1
0
0.0481364
14
2
i = 4300
5871
2553
2569
2562.45
0.101464
2.7762
17.4889
0.554125
120.78
112.26
119.96
0.201821
1
0
0.0571608
13
0
i = 4301
7434
2551
2573
2562.82
0.12294
2.8895
14.6874
0.541193
109.16
96.025
106.338
0.235868
1
0
0.0696536
19
2
i = 4302
6662
2555
2571
2562.82
0.0905254
2.91045
20.0348
0.540113
144.645
131.455
145.28
0.174278
1
0
0.220346
13
1
i = 4303
5872
2556
2569
2563.02
0.102297
2.80671
17.5402
0.554568
119.8
114.98
119.905
0.208118
1
0
0.199608
10
0
i = 4304
7433
2555
2572
2563.44
0.102783
2.87758
17.5359
0.542635
126.39
115.57
126.065
0.198111
1
0
0.0367607
14
2
i = 4305
6661
2553
2574
2563.57
0.0898945
3.237
21.2611
0.511382
176.065
160.23
172.281
0.163034
1
0
0.299115
18
1
i = 4306
5873
2556
2569
2563.6
0.105348
2.97481
17.8427
0.543685
127.545
120.685
126.12
0.216938
1
0
0.118017
10
0
i = 4307
7432
2555
2573
2563.91
0.107309
2.87725
16.7927
0.542472
122.235
109.045
120.888
0.206526
1
0
0.0487129
15
2
i = 4308
5874
2555
2569
2564.05
0.0988958
2.94702
19.2092
0.548137
134.7
129.46
132.682
0.207576
1
0
0.064492
11
0
i = 4309
6660
2556
2573
2564.37
0.0804264
3.06917
23.1552
0.52588
178.845
168.145
177.115
0.150675
1
0
0.207873
14
1
i = 4310
7431
2555
2573
2564.48
0.0982421
2.86971
18.3191
0.543227
130.85
120.865
131.415
0.189389
1
0
0.0169575
15
2
i = 4311
5875
2557
2574
2564.67
0.0911449
2.98125
20.1431
0.533737
150.33
135.405
149.863
0.173492
1
0
0.0917279
14
0
i = 4312
7430
2554
2574
2564.73
0.0897365
2.95959
20.3655
0.534808
151.875
136.07
150.852
0.170199
1
0
0.0321074
17
2
i = 4313
6659
2556
2573
2564.9
0.0763153
3.00649
24.1503
0.531242
181.28
171.855
180.835
0.144348
1
0
0.0223979
14
1
i = 4314
5876
2557
2575
2565.24
0.0975593
3.13167
19.2832
0.520594
151.985
142.565
150.762
0.180926
1
0
0.107106
15
0
i = 4315
7429
2557
2573
2565.39
0.115044
3.03392
16.1095
0.529669
121.235
116.35
121.175
0.218134
1
0
0.0615252
13
2
i = 4316
6658
2557
2573
2565.52
0.0756461
2.90997
23.9807
0.54036
174.315
158.855
173.369
0.145889
1
0
0.0951981
13
1
i = 4317
7428
2555
2575
2565.63
0.127528
2.97732
14.3732
0.533209
107.905
96.465
107.111
0.241146
1
0
0.0168983
17
2
i = 4318
5877
2557
2574
2565.73
0.0980892
3.03497
18.8781
0.528757
143.055
136.305
142.726
0.184679
1
0
0.0579987
14
0
i = 4319
6657
2557
2573
2566.06
0.0661022
2.80832
26.9724
0.550328
188.33
176.065
187.797
0.130067
1
0
0.0879936
13
1
i = 4320
5878
2557
2579
2566.33
0.0825865
3.1076
22.6763
0.521976
180.195
166.74
176.5
0.152937
1
0
0.223743
19
0
i = 4321
7427
2558
2576
2566.35
0.0799624
2.87096
22.5127
0.543152
161.52
148.655
161.744
0.154169
1
0
0.0729801
15
2
i = 4322
6656
2553
2576
2566.7
0.0664046
2.91362
27.3061
0.538988
201.18
180.99
199.187
0.126913
1
0
0.0881113
20
1
i = 4323
7426
2556
2575
2566.7
0.0789302
2.98171
23.2465
0.533118
173.965
155.945
172.983
0.149512
1
0
0.0096311
16
2
i = 4324
5879
2559
2575
2566.71
0.0819006
2.92356
22.1971
0.538995
162.235
147.17
161.675
0.157441
1
0
0.113972
13
0
i = 4325
7425
2559
2575
2567.04
0.102004
2.986
18.0151
0.533512
132.975
122.825
133.752
0.194318
1
0
0.0923132
13
2
i = 4326
5880
2558
2574
2567.16
0.0965833
2.82742
18.5308
0.548747
130.52
121.015
129.7
0.189837
1
0
0.0365174
13
0
i = 4327
6655
2558
2581
2567.23
0.0805731
3.29118
23.9244
0.507404
206.91
181.845
197.069
0.145233
1
0
1.09768
20
1
i = 4328
7424
2557
2574
2567.49
0.124719
2.98976
14.8135
0.535544
109.435
100.37
108.596
0.242266
1
0
0.0128583
14
2
i = 4329
5881
2556
2576
2567.89
0.107664
3.1636
17.5665
0.5181
140.445
129.155
138.203
0.198902
1
0
0.135107
17
0
i = 4330
6654
2560
2576
2567.95
0.103114
2.97577
17.7896
0.534385
132.89
117.69
131.691
0.1967
1
0
0.166055
13
1
i = 4331
7423
2559
2579
2567.96
0.147274
3.12082
12.7445
0.520986
99.98
93.55
99.5461
0.272416
1
0
0.0244668
17
2
i = 4332
5882
2560
2575
2567.99
0.131168
2.94645
13.9407
0.538273
101.665
92.24
101.405
0.254058
1
0
0.0219252
12
0
i = 4333
7422
2557
2578
2568.52
0.135992
3.15774
13.8818
0.517817
110.755
103.235
109.636
0.249832
1
0
0.0419307
18
2
i = 4334
5883
2558
2578
2568.54
0.128882
3.12306
14.5668
0.520682
115.125
107.615
113.787
0.238076
1
0
0.0815527
17
0
i = 4335
6653
2561
2578
2568.74
0.0975405
2.86102
18.4299
0.544427
130.91
120.575
131.781
0.188895
1
0
0.0288749
14
1
i = 4336
7421
2561
2576
2569.1
0.127186
3.01671
14.5667
0.532712
108.325
105.315
108.094
0.244999
1
0
0.0368908
12
2
i = 4337
6652
2562
2576
2569.3
0.105058
2.99132
17.5949
0.536341
128.765
119.795
128.892
0.205567
1
0
0.11836
11
1
i = 4338
5884
2561
2577
2569.58
0.113571
3.282
17.0274
0.511158
138.52
129.57
137.29
0.210534
1
0
0.0707356
13
0
i = 4339
7420
2562
2577
2569.67
0.127217
2.95546
14.388
0.537206
105.07
96.52
105.217
0.245515
1
0
0.020605
12
2
i = 4340
6651
2562
2577
2569.93
0.0999624
3.10842
18.8262
0.525319
143.245
137.315
143.742
0.190539
1
0
0.155726
12
1
i = 4341
7419
2561
2577
2570.02
0.121431
2.9435
15.0463
0.538164
109.895
101.24
109.459
0.234597
1
0
0.0515613
13
2
i = 4342
5885
2560
2583
2570.26
0.119025
3.36746
16.3785
0.501409
144.16
126.71
138.14
0.211697
1
0
0.520326
20
0
i = 4343
5886
2563
2577
2570.39
0.11958
2.97912
15.4284
0.537425
112.925
104.41
112.502
0.234442
1
0
0.0529832
11
0
i = 4344
6650
2564
2582
2570.55
0.105546
2.99927
17.5302
0.534635
131.44
118.445
130.575
0.204595
1
0
0.154794
15
1
i = 4345
7418
2559
2580
2570.59
0.132518
2.99393
13.8704
0.531726
105.74
93.56
103.945
0.249882
1
0
0.107204
18
2
i = 4346
5887
2564
2576
2570.82
0.125788
2.76838
14.3503
0.562887
95.58
91.935
94.7574
0.267058
1
0
0.0828537
9
0
i = 4347
7417
2562
2577
2571.12
0.121388
2.87601
14.9924
0.547758
105.855
99.355
104.793
0.243861
1
0
0.00418253
12
2
i = 4348
6649
2565
2577
2571.24
0.113966
2.91335
16.2107
0.549841
113.26
108.62
113.075
0.238104
1
0
0.332222
9
1
i = 4349
7416
2562
2578
2571.48
0.130692
2.97068
14.0864
0.537141
103.075
95.065
102.658
0.254417
1
0
0.0073555
13
2
i = 4350
5888
2564
2581
2571.59
0.125167
3.01331
14.7508
0.531099
112.91
105.235
110.862
0.237397
1
0
0.407853
14
0
i = 4351
6648
2564
2579
2571.7
0.106664
3.01755
17.3518
0.53213
128.095
124.715
129.284
0.204544
1
0
0.250838
12
1
i = 4352
5889
2564
2581
2571.78
0.114571
2.99514
16.0603
0.532438
121.275
107.05
120.038
0.217465
1
0
0.210297
14
0
i = 4353
7415
2564
2580
2571.93
0.131435
2.9446
13.8811
0.537079
101.16
91.96
101.75
0.251785
1
0
0.0390467
13
2
i = 4354
7414
2563
2580
2572.38
0.115252
2.98664
15.9459
0.533332
118.305
108.4
118.332
0.21932
1
0
0.0825157
14
2
i = 4355
6647
2562
2585
2572.58
0.0950569
3.35317
20.4639
0.502435
175.06
157.875
171.893
0.169368
1
0
0.1928
20
1
i = 4356
5890
2564
2582
2572.74
0.112271
3.52721
17.81
0.491695
156.825
148.49
155.791
0.198253
1
0
0.354306
15
0
i = 4357
6646
2564
2583
2573.78
0.0704331
3.62298
28.7537
0.484711
259.375
244.265
258.488
0.12222
1
0
0.374095
16
1
i = 4358
7413
2564
2586
2573.96
0.0981097
3.62454
20.6217
0.483621
188.59
173.65
186.869
0.168686
1
0
0.637996
19
2
i = 4359
7411
2564
2584
2574.05
0.100735
2.93786
18.0747
0.536742
133.02
121.54
133.002
0.191701
1
0
0.0014559
17
2
i = 4360
5893
2567
2581
2574.06
0.0870059
2.87726
20.7853
0.545436
147.08
138.235
147.453
0.171549
1
0
0.219729
11
0
i = 4361
5892
2564
2584
2574.21
0.0727179
3.33429
26.6796
0.504058
222.18
206.72
222.268
0.130158
1
0
0.121502
17
0
i = 4362
5891
2563
2587
2574.23
0.0821669
3.85201
25.3777
0.468921
247.42
227.385
244.587
0.136779
1
0
0.297776
21
0
i = 4363
7410
2567
2583
2574.35
0.107418
2.84567
16.698
0.546305
118.38
109.74
118.539
0.20928
1
0
0.0603449
13
2
i = 4364
6645
2566
2583
2574.41
0.0652475
3.30811
29.6693
0.507523
242.89
228.565
243.448
0.118766
1
0
0.24688
14
1
i = 4365
7412
2563
2586
2574.58
0.059384
3.48905
33.4138
0.492549
294.305
265.1
291.906
0.103722
1
0
0.437825
20
2
i = 4366
6644
2562
2584
2574.6
0.0713012
3.11083
26.2788
0.521693
207.23
192.25
204.495
0.131957
1
0
0.125895
19
1
i = 4367
5894
2567
2582
2574.74
0.0733981
2.88426
24.6221
0.543359
175.425
161.695
176.006
0.142876
1
0
0.16911
12
0
i = 4368
6643
2560
2584
2574.9
0.0564799
3.09312
33.0819
0.523238
261.17
239.515
255.826
0.104873
1
0
0.237013
21
1
i = 4369
7409
2566
2582
2574.96
0.0735794
2.95617
24.8823
0.536959
182.235
165.04
181.851
0.141785
1
0
0.0125085
13
2
i = 4370
5895
2568
2582
2575.24
0.0614241
2.89579
29.5526
0.543984
209.99
197.12
210.536
0.121018
1
0
0.417281
11
0
i = 4371
7408
2567
2584
2575.28
0.0602088
2.98371
30.4899
0.533138
226.535
206.89
227.038
0.114194
1
0
0.0336335
14
2
i = 4372
6642
2566
2583
2575.31
0.0588086
2.93594
30.9742
0.537672
226.62
207.985
226.284
0.112644
1
0
0.045599
14
1
i = 4373
7407
2565
2584
2575.62
0.101662
2.96893
18.0088
0.534205
135.325
120.83
133.496
0.19289
1
0
0.17835
16
2
i = 4374
5896
2568
2582
2575.69
0.0778762
2.91153
23.4307
0.543524
166.93
154.95
166.761
0.154324
1
0
0.243743
11
0
i = 4375
6641
2569
2583
2576.17
0.0826602
3.00417
22.408
0.53522
165.505
161.36
164.98
0.161429
1
0
0.0813946
11
1
i = 4376
7406
2566
2586
2576.18
0.127457
2.9992
14.4337
0.531241
109.84
97.93
108.395
0.240093
1
0
0.051361
17
2
i = 4377
5897
2565
2584
2576.43
0.0995834
3.11863
18.8737
0.522419
146.93
138.09
145.856
0.186247
1
0
0.432853
16
0
i = 4378
6640
2569
2583
2576.71
0.103438
3.01948
18.0178
0.535085
133.63
129.545
132.246
0.203606
1
0
0.0999037
11
1
i = 4379
7405
2567
2585
2576.85
0.149339
3.10088
12.5351
0.52316
97.2
91.53
96.7475
0.278299
1
0
0.00408508
15
2
i = 4380
5898
2569
2585
2576.96
0.112329
3.10671
16.6994
0.523657
128.5
120.14
128.677
0.210884
1
0
0.330597
13
0
i = 4381
5899
2571
2583
2577.49
0.117432
2.65782
14.9011
0.571006
96.245
93.52
95.9929
0.247672
1
0
0.109143
9
0
i = 4382
6639
2568
2584
2577.5
0.102191
2.80591
17.4673
0.551509
122.835
112.6
120.895
0.202728
1
0
0.183819
13
1
i = 4383
7404
2566
2586
2577.63
0.144043
2.97464
12.7225
0.533702
96.435
85.145
94.4864
0.273062
1
0
0.055648
17
2
i = 4384
7403
2570
2584
2577.84
0.121141
2.84824
14.8963
0.549313
103.925
96.575
103.736
0.242297
1
0
0.0527209
11
2
i = 4385
5900
2570
2592
2578.17
0.109179
2.90383
16.5841
0.540168
122.43
110.175
120.549
0.209475
1
0
0.0503539
19
0
i = 4386
6638
2568
2584
2578.21
0.0932459
2.70523
18.8638
0.563403
124.795
120.105
124.771
0.191028
1
0
0.324198
13
1
i = 4387
7402
2567
2586
2578.48
0.10841
2.85516
16.5683
0.545131
120.825
108.525
117.774
0.210411
1
0
0.141176
16
2
i = 4388
5901
2570
2585
2578.57
0.10743
2.88043
16.861
0.545211
119.985
111.23
119.293
0.211883
1
0
0.00637385
12
0
i = 4389
6637
2568
2585
2578.89
0.0914043
2.9241
20.0417
0.542566
145.6
131.855
142.935
0.181105
1
0
0.227055
14
1
i = 4390
5902
2565
2587
2578.99
0.111623
3.03577
16.5923
0.528654
127.795
118.33
125.443
0.210083
1
0
0.044979
19
0
i = 4391
7401
2570
2586
2579
0.109239
2.80187
16.2993
0.550828
113.545
104.05
113.311
0.214961
1
0
0.010678
13
2
i = 4392
7400
2571
2589
2579.3
0.122183
2.95192
14.9415
0.535777
110.15
100.58
110.31
0.232559
1
0
0.00588529
15
2
i = 4393
6636
2571
2587
2579.66
0.0928343
3.04748
20.0218
0.528881
151.2
144.79
150.899
0.17622
1
0
0.170709
13
1
i = 4394
5903
2569
2589
2579.69
0.106933
3.11768
17.5421
0.521154
138.06
127.91
136.756
0.197739
1
0
0.149606
17
0
i = 4395
7399
2572
2586
2579.79
0.111463
2.80737
16.0531
0.552703
110.75
103.81
110.485
0.22347
1
0
0.0352402
11
2
i = 4396
6635
2573
2586
2580.31
0.0857577
2.91344
21.477
0.546948
150.795
144.73
150.521
0.174995
1
0
0.559915
10
1
i = 4397
7398
2572
2587
2580.51
0.110496
2.88557
16.4022
0.544573
116.725
108.59
116.349
0.217457
1
0
0.00999994
12
2
i = 4398
5904
2574
2588
2580.52
0.101586
2.75656
17.4122
0.556566
118.84
111.435
119.029
0.203526
1
0
0.0910601
11
0
i = 4399
6634
2573
2589
2580.93
0.0681522
2.90713
26.5955
0.540386
191.235
175.915
192.596
0.131241
1
0
0.296589
13
1
i = 4400
7397
2572
2592
2580.96
0.0764748
2.99875
24.0561
0.531375
181.565
160.705
180.648
0.144178
1
0
0.0187714
17
2
i = 4401
5905
2572
2587
2581.02
0.0788724
2.75923
22.5072
0.557583
152.52
145.38
152.07
0.159628
1
0
0.0471024
12
0
i = 4402
5906
2572
2589
2581.22
0.0802868
3.03232
23.0638
0.529288
174.925
167.18
173.805
0.151612
1
0
0.121938
14
0
i = 4403
7396
2571
2592
2581.38
0.0941376
3.04084
19.6773
0.527568
151.45
142.29
149.899
0.176077
1
0
0.0373667
18
2
i = 4404
6633
2573
2590
2581.52
0.0763511
2.95553
23.9275
0.53558
175.575
161.335
176.483
0.145387
1
0
0.104686
14
1
i = 4405
5907
2572
2591
2581.64
0.108479
3.12841
17.3226
0.520327
135.605
128.14
135.46
0.200366
1
0
0.0302116
16
0
i = 4406
7395
2572
2593
2582.03
0.129764
2.96125
14.0869
0.534607
105.945
94.835
104.525
0.245946
1
0
0.0823107
18
2
i = 4407
6632
2573
2591
2582.16
0.0854221
2.97531
21.4535
0.53356
160.15
145.325
159.523
0.161805
1
0
0.0177215
15
1
i = 4408
5908
2570
2590
2582.46
0.113307
2.97695
16.1944
0.534212
122.335
109.255
119.782
0.215998
1
0
0.0666818
17
0
i = 4409
7392
2573
2592
2582.48
0.0471565
3.11359
39.7538
0.521544
309.9
292.55
309.502
0.0872925
1
0
0.0940216
16
2
i = 4410
7394
2571
2590
2582.54
0.121686
3.0689
15.3215
0.52662
118.095
111.22
116.519
0.229393
1
0
0.0464498
16
2
i = 4411
6631
2569
2591
2582.55
0.0634876
3.12672
29.6004
0.520754
236.625
217.755
230.76
0.117583
1
0
0.400417
19
1
i = 4412
5909
2569
2591
2582.71
0.0697184
3.03695
26.5636
0.528342
205.8
191.135
201.202
0.130959
1
0
0.275405
19
0
i = 4413
7393
2573
2590
2582.81
0.103593
2.9868
17.7591
0.533964
131.78
119.03
131.303
0.198208
1
0
0.00392283
14
2
i = 4414
6630
2569
2594
2582.97
0.045492
3.19541
41.7406
0.51464
342.19
309.73
334.173
0.0829986
1
0
0.509299
22
1
i = 4415
5910
2575
2593
2582.98
0.0517709
2.9955
35.5339
0.532151
266.125
237.25
266.027
0.0980515
1
0
0.0609528
15
0
i = 4416
7391
2575
2592
2583.57
0.0646156
3.05135
28.7352
0.527351
218.245
208.19
218.479
0.121344
1
0
0.107658
14
2
i = 4417
6629
2568
2594
2583.95
0.0452119
3.21635
42.1382
0.513018
343.615
314.985
339.24
0.0822571
1
0
0.111829
23
1
i = 4418
5911
2574
2597
2583.99
0.0538611
3.16644
35.0958
0.517035
282.235
258.395
278.426
0.098754
1
0
0.26111
20
0
i = 4419
7390
2573
2595
2584.4
0.0526905
3.19847
36.0557
0.514412
291.17
269.995
288.826
0.0961004
1
0
0.335559
19
2
i = 4420
5912
2569
2597
2584.92
0.0511589
3.35319
38.0221
0.50238
327.195
291.74
319.499
0.0911108
1
0
0.367175
25
0
i = 4421
6628
2577
2594
2585.18
0.0518145
3.11797
36.2363
0.521979
280.965
268.205
281.432
0.0964977
1
0
0.0673021
14
1
i = 4422
2227
2575
2592
2585.21
0.296724
3.57579
6.89645
0.493643
60.13
58.49
59.3353
0.546347
1
0
0.038631
14
2
i = 4423
7388
2578
2596
2585.35
0.114246
3.02631
16.2058
0.530325
125.405
116.405
122.326
0.216899
1
0
0.321415
15
2
i = 4424
5913
2576
2595
2585.43
0.0701429
3.20418
27.1148
0.514226
218.22
203.86
217.088
0.128112
1
0
0.121214
16
0
i = 4425
6627
2576
2593
2585.56
0.0739669
3.03688
25.071
0.529345
189.01
181.27
188.698
0.140113
1
0
0.0172965
14
1
i = 4426
7389
2577
2595
2585.56
0.0588853
3.14398
32.0034
0.51941
250.62
237.12
251.19
0.108837
1
0
0.100996
15
2
i = 4427
5914
2577
2593
2585.96
0.0997001
2.9631
18.3863
0.536379
135.65
122.4
134.658
0.191972
1
0
0.095738
13
0
i = 4428
6626
2574
2594
2586.07
0.0832763
3.16589
22.7265
0.518136
182.64
169.66
178.689
0.154088
1
0
0.210178
17
1
i = 4429
7387
2577
2593
2586.16
0.120891
3.18896
15.8013
0.519171
124.145
118.87
123.255
0.228596
1
0
0.0109027
13
2
i = 4430
5915
2572
2595
2586.4
0.108534
2.99913
16.9531
0.531446
133.84
114.51
127.025
0.204783
1
0
0.410792
20
0
i = 4431
64
2572
2598
2586.4
0.257565
4.0044
8.25449
0.459911
87.045
78.415
82.6212
0.420514
1
0
0.221388
23
0
i = 4432
7386
2578
2594
2586.62
0.123322
3.03193
15.0296
0.530079
112.975
108.3
112.791
0.234381
1
0
0.011589
13
2
i = 4433
6625
2576
2593
2586.66
0.0852675
2.95932
21.5771
0.538682
158.85
144.38
156.254
0.16703
1
0
0.0972632
14
1
i = 4434
1509
2573
2594
2586.85
0.194692
3.53524
10.3759
0.494326
91.575
87.225
89.2234
0.353675
1
0
0.0922765
18
1
i = 4435
7385
2579
2595
2587.03
0.117052
2.90796
15.4871
0.540309
111.97
103.515
112.153
0.225376
1
0
0.0318921
13
2
i = 4436
5916
2581
2594
2587.23
0.106943
2.6797
16.3271
0.56542
108.225
102.635
108.019
0.218906
1
0
0.209338
10
0
i = 4437
1510
2576
2597
2587.25
0.116763
3.43094
16.8554
0.496942
146.62
132.16
144.421
0.206095
1
0
0.199312
18
1
i = 4438
6624
2578
2594
2587.36
0.0959104
2.77852
18.5038
0.553714
127.75
119.705
127.149
0.190415
1
0
0.0229323
13
1
i = 4439
63
2575
2597
2587.47
0.136159
3.62482
14.8644
0.483844
135.365
128.365
134.197
0.234619
1
0
0.371503
19
0
i = 4440
7384
2579
2596
2587.5
0.128643
3.00409
14.3191
0.531349
107.77
102.315
107.281
0.243204
1
0
0.0379069
14
2
i = 4441
2228
2575
2596
2587.62
0.0762817
3.1813
24.8553
0.516441
199.665
186.26
196.921
0.14027
1
0
0.406272
18
2
i = 4442
5917
2582
2593
2587.8
0.112356
2.61254
15.5332
0.579294
97.765
94.21
97.3651
0.245319
1
0
0.268481
8
0
i = 4443
62
2577
2594
2587.82
0.254178
3.77646
8.52499
0.485312
77.885
74.975
75.298
0.475652
1
0
0.341542
14
0
i = 4444
6623
2578
2598
2588.18
0.0973646
3.03729
19.0145
0.527911
145.495
137.53
144.586
0.182271
1
0
0.0970429
17
1
i = 4445
7383
2579
2596
2588.2
0.128969
3.02762
14.3462
0.52967
108.305
103.715
107.962
0.243672
1
0
0.00539373
14
2
i = 4446
5918
2576
2598
2588.32
0.113825
3.2071
16.7141
0.513805
135.58
125.965
134.09
0.207473
1
0
0.0574772
19
0
i = 4447
7382
2581
2596
2588.71
0.12027
2.89387
15.0521
0.542502
108.08
99.44
107.943
0.233813
1
0
0.0315025
12
2
i = 4448
5919
2578
2597
2588.77
0.136189
3.2934
14.1749
0.508071
118.035
107.44
115.903
0.247204
1
0
0.126865
16
0
i = 4449
6622
2580
2597
2588.98
0.103053
3.01264
17.904
0.530762
134.125
127.505
134.273
0.194826
1
0
0.025149
14
1
i = 4450
7381
2581
2599
2589.2
0.13478
2.91806
13.4671
0.538871
99.175
89.71
98.3036
0.258007
1
0
0.0317263
15
2
i = 4451
5120
2582
2596
2589.55
0.12119
2.7387
14.5485
0.558356
98.34
93.035
98.2798
0.243554
1
0
0.0279918
11
0
i = 4452
7380
2582
2597
2589.62
0.109781
2.76803
16.1137
0.553976
110.15
103.915
110.932
0.216962
1
0
0.0764155
12
2
i = 4453
6621
2582
2596
2589.63
0.0910432
3.00115
20.3824
0.536245
149.3
145.98
149.043
0.179042
1
0
0.0677274
11
1
i = 4454
5121
2583
2600
2590.15
0.0913956
2.87785
19.7458
0.543553
141.94
130.785
141.823
0.177526
1
0
0.108306
14
0
i = 4455
6620
2582
2598
2590.24
0.0779238
2.97486
23.5388
0.534518
173.83
159.385
173.998
0.148734
1
0
0.0321483
13
1
i = 4456
7379
2583
2599
2590.41
0.0929932
2.96975
19.7157
0.535235
145.65
132.995
145.764
0.178037
1
0
0.0141914
13
2
i = 4457
5122
2583
2599
2590.75
0.0940422
2.862
19.1217
0.544524
135.625
124.91
136.475
0.182365
1
0
0.0817816
13
0
i = 4458
7378
2583
2599
2590.79
0.106717
2.8763
16.8931
0.5432
120.51
110.815
121.137
0.206481
1
0
0.0217183
13
2
i = 4459
5123
2580
2597
2591.06
0.107011
3.04016
17.5655
0.534121
133.325
126.18
129
0.211504
1
0
0.453792
14
0
i = 4460
6619
2582
2599
2591.2
0.0885306
2.83025
20.1936
0.547269
142.38
132.6
142.54
0.172223
1
0
0.141839
14
1
i = 4461
7377
2584
2598
2591.42
0.113556
2.7979
15.6984
0.552699
108.125
102.115
108.266
0.226295
1
0
0.0328366
11
2
i = 4462
5124
2580
2597
2591.67
0.111526
2.96506
16.847
0.543786
123.43
113.195
118.825
0.22859
1
0
0.322215
14
0
i = 4463
6618
2582
2602
2591.81
0.0890525
3.00816
20.6892
0.530453
157.06
147.08
155.865
0.167504
1
0
0.136855
17
1
i = 4464
7376
2582
2599
2592.07
0.119328
2.99229
15.4483
0.534074
114.685
105.115
114.063
0.229265
1
0
0.00272347
14
2
i = 4465
5125
2581
2601
2592.33
0.088009
2.97043
20.8054
0.533957
155.62
141.085
154.463
0.166788
1
0
0.24485
17
0
i = 4466
6617
2582
2604
2592.46
0.0766993
3.27987
25.083
0.508014
208.805
191.13
206.061
0.138172
1
0
0.296891
19
1
i = 4467
7375
2581
2599
2592.48
0.112015
2.88147
16.1621
0.544654
116.45
106.985
114.654
0.22006
1
0
0.0614114
15
2
i = 4468
7374
2583
2604
2593.05
0.0596006
3.01618
30.9536
0.529724
235.635
223.235
233.913
0.111936
1
0
0.0883264
18
2
i = 4469
5126
2584
2602
2593.06
0.0677667
2.94417
26.9
0.536333
198.545
180.955
198.017
0.128996
1
0
0.244955
15
0
i = 4470
6616
2582
2602
2593.27
0.0599013
3.03391
30.8942
0.528385
237.315
223.085
234.178
0.112366
1
0
0.286498
17
1
i = 4471
7373
2585
2600
2593.4
0.0986098
3.07989
19.0408
0.52852
143.79
139.85
143.304
0.190104
1
0
0.132761
12
2
i = 4472
5127
2586
2604
2593.54
0.0767843
2.8819
23.503
0.542644
169.175
155.155
169.312
0.148395
1
0
0.228997
15
0
i = 4473
6615
2586
2601
2593.83
0.0704869
2.91572
25.7887
0.540693
187.83
169.385
186.068
0.136775
1
0
0.22271
12
1
i = 4474
7372
2586
2602
2593.86
0.111083
3.07557
16.7986
0.526146
128.2
121.86
128.28
0.209323
1
0
0.0164296
13
2
i = 4475
5128
2587
2602
2594.1
0.0958154
2.82923
18.677
0.548424
130.735
122.895
131.429
0.188025
1
0
0.0794823
12
0
i = 4476
7371
2584
2605
2594.46
0.121615
3.14742
15.4963
0.51858
123.915
114.92
122.144
0.223625
1
0
0.0748074
18
2
i = 4477
6614
2587
2603
2594.6
0.0848538
2.7882
20.9143
0.551531
145.97
133.66
145.593
0.166509
1
0
0.381215
13
1
i = 4478
5129
2587
2603
2594.69
0.101349
2.90883
17.8916
0.540312
130.115
118.425
129.695
0.195248
1
0
0.0935078
13
0
i = 4479
7370
2587
2605
2594.96
0.105126
2.83956
17.0322
0.546267
120.47
110.205
121.019
0.204
1
0
0.0472299
15
2
i = 4480
6613
2584
2603
2595.18
0.0866504
3.10279
21.6209
0.523321
168.41
159.1
166.645
0.161874
1
0
0.0793819
16
1
i = 4481
5130
2586
2604
2595.41
0.107823
3.06824
17.2631
0.52561
132.965
124.965
132.153
0.201442
1
0
0.155551
15
0
i = 4482
7369
2587
2604
2595.6
0.116117
3.03675
15.9512
0.528578
120.345
115.38
120.718
0.218512
1
0
0.0270624
14
2
i = 4483
5131
2585
2605
2596
0.100288
3.03497
18.4546
0.528212
141.785
130.96
140.041
0.187969
1
0
0.120875
17
0
i = 4484
6612
2588
2603
2596.1
0.0819192
3.05817
22.7852
0.529451
171.345
166.41
171.142
0.157211
1
0
0.132994
12
1
i = 4485
7368
2589
2605
2596.28
0.109696
2.91898
16.5693
0.539797
121.315
110.35
120.503
0.211709
1
0
0.276944
13
2
i = 4486
5132
2587
2606
2596.74
0.0774747
3.01938
23.8268
0.529548
179.875
170.505
179.952
0.145553
1
0
0.0508289
16
0
i = 4487
7367
2587
2605
2596.99
0.0773584
3.06551
24.0614
0.526194
183.24
173.56
183.552
0.14502
1
0
0.0229539
15
2
i = 4488
6611
2590
2607
2597
0.0637652
2.86665
28.2556
0.544816
202.01
187.305
202.079
0.124305
1
0
0.113952
14
1
i = 4489
5133
2587
2607
2597.36
0.0662811
3.10579
28.2457
0.522097
222.26
206.995
219.502
0.122746
1
0
0.20945
17
0
i = 4490
7366
2589
2607
2597.39
0.0630105
3.01979
29.3063
0.529801
221.145
211.22
221.219
0.118654
1
0
0.0371217
15
2
i = 4491
6610
2585
2609
2597.48
0.0597491
2.9672
30.6245
0.534054
229.75
206.085
227.752
0.113116
1
0
0.0918756
21
1
i = 4492
7365
2589
2605
2597.86
0.110138
2.93933
16.5682
0.538229
120.76
110.04
120.571
0.212364
1
0
0.0200755
13
2
i = 4493
5134
2587
2607
2597.94
0.087167
3.10419
21.4742
0.522333
167.83
155.81
166.604
0.161603
1
0
0.112579
17
0
i = 4494
6609
2586
2606
2597.98
0.0830048
2.95382
22.0048
0.535751
163.43
146.05
162.066
0.158129
1
0
0.176096
17
1
i = 4495
7364
2590
2609
2598.46
0.120413
2.87725
14.9659
0.542515
107.61
98.945
107.818
0.231827
1
0
0.0183897
16
2
i = 4496
5135
2590
2606
2598.47
0.111282
3.05608
16.72
0.527945
127.075
121.735
126.539
0.210593
1
0
0.114255
13
0
i = 4497
5136
2591
2606
2598.77
0.124266
3.00546
14.8635
0.533154
110.56
106.22
110.288
0.238688
1
0
0.0784697
12
0
i = 4498
7363
2590
2608
2598.81
0.131699
2.971
13.9049
0.533944
103.39
93.255
103.297
0.249638
1
0
0.0515833
15
2
i = 4499
6608
2590
2608
2598.84
0.101592
3.07846
18.3514
0.524696
141.73
133.09
141.112
0.18942
1
0
0.0270615
15
1
i = 4500
7362
2588
2610
2599.38
0.126265
2.97982
14.5225
0.532927
113.92
97.4
108.435
0.238546
1
0
0.295063
19
2
i = 4501
5137
2591
2606
2599.43
0.117326
2.88953
15.4518
0.544019
110.66
102.515
109.865
0.230391
1
0
0.07447
12
0
i = 4502
6607
2590
2612
2599.57
0.0960937
3.09139
19.4372
0.523294
154.84
141.635
150.53
0.178344
1
0
0.213654
19
1
i = 4503
7361
2591
2610
2599.84
0.107351
2.91725
16.9022
0.538726
123.785
111.565
123.463
0.205162
1
0
0.0652044
16
2
i = 4504
5138
2591
2609
2600.01
0.109342
2.82521
16.3302
0.547407
116.17
106.81
115.46
0.212305
1
0
0.0989485
15
0
i = 4505
6606
2592
2609
2600.2
0.088076
2.89592
20.5306
0.540985
147.345
137.14
148.546
0.169323
1
0
0.0724198
14
1
i = 4506
7360
2593
2611
2600.32
0.117327
2.94903
15.5707
0.536944
115.865
104.57
114.629
0.225111
1
0
0.0981864
15
2
i = 4507
5139
2591
2607
2600.47
0.110701
2.79727
16.096
0.552236
112.07
104.48
111.131
0.219724
1
0
0.0802423
13
0
i = 4508
6605
2594
2608
2600.91
0.0884251
2.83979
20.3081
0.548675
142.215
131.625
142.509
0.174996
1
0
0.027927
11
1
i = 4509
7359
2590
2609
2600.97
0.123262
3.02291
14.9928
0.529732
116.51
106.725
112.898
0.232392
1
0
0.210182
16
2
i = 4510
5140
2587
2610
2601.15
0.104078
3.18651
18.2251
0.51571
150.155
136.075
144.951
0.190721
1
0
0.258992
20
0
i = 4511
7358
2590
2610
2601.39
0.110002
2.91289
16.4831
0.539169
121.695
109.43
120.042
0.210456
1
0
0.0626827
17
2
i = 4512
6604
2594
2608
2601.58
0.0887571
2.86517
20.3603
0.547123
142.765
134.435
143.125
0.176164
1
0
0.150452
11
1
i = 4513
5141
2590
2611
2601.74
0.0991209
3.18897
19.1408
0.515352
155.975
142.13
152.551
0.181319
1
0
0.191455
18
0
i = 4514
7357
2590
2610
2601.87
0.109771
3.01542
16.8125
0.53029
127.28
119.9
126.378
0.207041
1
0
0.00962385
17
2
i = 4515
6603
2594
2609
2602.36
0.08519
2.93105
21.4378
0.540308
154.385
144.34
154.532
0.166311
1
0
0.17863
12
1
i = 4516
5142
2594
2609
2602.38
0.0945783
2.87376
19.1067
0.545262
136.205
125.835
135.277
0.18585
1
0
0.140924
12
0
i = 4517
7356
2594
2611
2602.68
0.117084
3.05205
15.8605
0.527311
120.93
114.675
120.575
0.219888
1
0
0.0206391
14
2
i = 4518
6602
2593
2612
2603.04
0.0843431
3.14389
22.3369
0.519137
176.575
166.065
175.353
0.155524
1
0
0.0749716
16
1
i = 4519
5143
2597
2609
2603.07
0.106987
2.82918
16.9358
0.555941
115.775
111.35
115.698
0.223165
1
0
0.285571
9
0
i = 4520
7355
2595
2610
2603.2
0.119803
2.99474
15.4098
0.534666
113.405
105.075
113.48
0.231634
1
0
0.0350309
12
2
i = 4521
5144
2596
2611
2603.78
0.102895
2.87904
17.5479
0.54385
124.39
115.245
125.192
0.200474
1
0
0.105166
12
0
i = 4522
6601
2596
2613
2603.79
0.0750532
2.9294
24.2399
0.53817
177.725
160.475
177.345
0.143799
1
0
0.0443239
14
1
i = 4523
7354
2596
2610
2603.88
0.109166
2.87988
16.6395
0.546754
116.905
108.695
116.918
0.217979
1
0
0.103811
11
2
i = 4524
7350
2591
2614
2603.98
0.0412434
3.41155
47.5784
0.498229
406.19
371.085
405.816
0.0729249
1
0
0.0574463
20
2
i = 4525
5145
2590
2614
2604.16
0.0822641
3.0577
22.5801
0.526131
174.155
164.705
172.879
0.153468
1
0
0.124617
21
0
i = 4526
7353
2593
2612
2604.18
0.0707428
2.99818
26.0207
0.532044
196.18
176.87
194.165
0.134071
1
0
0.0721363
16
2
i = 4527
5147
2594
2612
2604.18
0.0513257
3.29027
37.6361
0.508995
308.175
289.39
306.263
0.0937713
1
0
0.44706
15
0
i = 4528
5146
2594
2611
2604.33
0.0709593
3.11161
26.5863
0.525337
204.38
196.505
202.515
0.13556
1
0
0.279922
14
0
i = 4529
6598
2596
2618
2604.54
0.048014
3.36421
40.6258
0.502511
341.08
316.705
341.372
0.0860901
1
0
0.0889912
19
1
i = 4530
6599
2595
2616
2604.55
0.0529288
3.21293
35.9779
0.513373
291.145
270.945
289.419
0.0964155
1
0
0.125173
18
1
i = 4531
6600
2596
2613
2604.59
0.0671473
3.01638
27.4901
0.530301
207.225
197.22
206.721
0.126724
1
0
0.180437
14
1
i = 4532
7351
2595
2613
2604.66
0.0698283
3.25292
27.4675
0.511085
223.13
209.02
222.039
0.127377
1
0
0.261146
15
2
i = 4533
5148
2594
2616
2604.67
0.0588791
3.35168
33.0306
0.502553
278.325
256.35
277.225
0.104936
1
0
0.510755
19
0
i = 4534
7352
2594
2614
2604.79
0.102539
2.9034
17.6525
0.539944
129.23
116.455
128.3
0.19633
1
0
0.0816158
17
2
i = 4535
6597
2594
2617
2605.66
0.0732005
3.7217
27.9987
0.477011
263.92
244.795
260.604
0.123912
1
0
0.556794
20
1
i = 4536
7349
2596
2617
2606.02
0.107615
3.13909
17.4892
0.51928
138.48
129.655
137.507
0.198165
1
0
0.0365867
18
2
i = 4537
5149
2598
2612
2606.14
0.0921015
3.03662
20.4352
0.535499
151.03
148.88
149.27
0.183735
1
0
0.291876
11
0
i = 4538
7348
2598
2615
2606.78
0.100233
2.78569
17.691
0.551405
122.87
113.285
123.151
0.196191
1
0
0.0197167
14
2
i = 4539
6596
2598
2614
2607.15
0.0929278
2.99797
19.8663
0.533898
146.61
136.03
146.715
0.178867
1
0
0.101095
13
1
i = 4540
5150
2599
2613
2607.22
0.111597
2.88592
16.3682
0.547684
115.455
108.52
114.365
0.225389
1
0
0.282995
11
0
i = 4541
7347
2600
2616
2607.45
0.119845
2.85358
14.9859
0.545483
106.1
98.58
106.673
0.233042
1
0
0.0649237
13
2
i = 4542
5151
2600
2614
2607.82
0.105319
2.82466
17.0515
0.551281
117.55
110.445
117.93
0.210974
1
0
0.431654
11
0
i = 4543
7346
2600
2618
2607.88
0.109764
2.8857
16.4467
0.542007
118.395
107.565
118.709
0.211506
1
0
0.0787619
15
2
i = 4544
6595
2601
2615
2607.99
0.0947321
2.90045
19.1732
0.543476
136.615
125.62
137.06
0.18638
1
0
0.0566315
11
1
i = 4545
5152
2601
2614
2608.29
0.100598
2.84833
18.0492
0.552039
124.25
119.51
124.227
0.205735
1
0
0.391158
10
0
i = 4546
7345
2601
2619
2608.34
0.119048
3.01086
15.5113
0.531637
115.73
111.73
116.503
0.226506
1
0
0.0228356
15
2
i = 4547
6594
2600
2619
2608.83
0.0842367
2.97338
21.7472
0.53366
162.885
145.13
161.866
0.159518
1
0
0.0439165
16
1
i = 4548
7344
2601
2619
2609.16
0.0925223
2.84022
19.3528
0.546113
138.07
126.95
137.564
0.179391
1
0
0.0287522
15
2
i = 4549
5153
2594
2617
2609.17
0.0968017
2.96864
18.9199
0.534595
141.34
127.975
139.87
0.184232
1
0
0.104584
20
0
i = 4550
6593
2601
2618
2609.54
0.0798277
3.03112
23.1806
0.529048
176.51
167.02
175.148
0.150334
1
0
0.201677
14
1
i = 4551
7343
2600
2615
2609.63
0.100122
2.79383
18.0282
0.557697
122.9
116.485
121.211
0.207292
1
0
0.0182948
12
2
i = 4552
5154
2600
2619
2609.69
0.101333
3.12971
18.5482
0.520225
145.355
136.08
145.091
0.187136
1
0
0.0986756
16
0
i = 4553
7342
2600
2616
2610.16
0.108863
2.79539
16.4524
0.554912
113.67
107.005
112.117
0.220597
1
0
0.0583034
13
2
i = 4554
6592
2601
2620
2610.16
0.088319
3.07527
21.0948
0.524772
165.05
153.795
162.294
0.16449
1
0
0.559157
16
1
i = 4555
5155
2603
2616
2610.32
0.108622
2.91025
16.9477
0.547238
118.63
113.8
118.641
0.221756
1
0
0.311523
10
0
i = 4556
6591
2602
2618
2610.79
0.0909691
3.05457
20.4657
0.528517
156.445
148.72
154.382
0.172849
1
0
0.499567
13
1
i = 4557
7341
2599
2617
2610.82
0.109133
2.78413
16.3204
0.554519
114.355
104.755
111.597
0.218874
1
0
0.118958
15
2
i = 4558
5156
2603
2616
2610.92
0.110771
2.87391
16.7505
0.55348
114.76
109.755
113.889
0.232653
1
0
0.235927
10
0
i = 4559
5157
2601
2619
2611.33
0.099178
2.9602
18.4437
0.535507
136.64
124.775
135.82
0.189258
1
0
0.126593
15
0
i = 4560
7340
2602
2622
2611.36
0.111332
2.9708
16.4461
0.533794
123.825
110.695
122.379
0.21075
1
0
0.0856016
17
2
i = 4561
6590
2603
2618
2611.63
0.0842867
2.95221
21.7945
0.539341
159.635
145.255
157.455
0.165307
1
0
0.289982
12
1
i = 4562
7339
2603
2622
2611.94
0.101412
2.91187
17.8752
0.539205
131.705
117.38
130.334
0.193963
1
0
0.0534276
16
2
i = 4563
5158
2603
2619
2612.03
0.0927749
2.85038
19.3652
0.546398
136.91
127.92
136.75
0.181414
1
0
0.0322108
13
0
i = 4564
6589
2603
2620
2612.36
0.0782322
2.98987
23.5037
0.533029
176.42
158.755
174.623
0.148775
1
0
0.277911
14
1
i = 4565
7338
2603
2620
2612.61
0.105948
2.98645
17.3539
0.53366
128.75
117.005
128.533
0.202151
1
0
0.00711856
14
2
i = 4566
5159
2603
2620
2612.86
0.0965109
2.8945
18.7555
0.542066
135.845
122.88
134.621
0.187043
1
0
0.0314407
14
0
i = 4567
7337
2605
2624
2613.08
0.104054
3.04126
17.8142
0.528134
135.3
129.435
135.452
0.19559
1
0
0.0325349
16
2
i = 4568
6588
2603
2621
2613.2
0.0792694
2.97458
23.1292
0.534124
172.43
157.03
171.248
0.150792
1
0
0.240429
15
1
i = 4569
5160
2599
2623
2613.49
0.101703
3.17445
18.611
0.516455
151.58
138.035
147.768
0.18635
1
0
0.193053
21
0
i = 4570
7336
2602
2621
2613.72
0.116759
2.95435
15.6627
0.536551
116.825
104.455
114.764
0.22399
1
0
0.0665874
16
2
i = 4571
5161
2603
2628
2614.08
0.0966587
3.06395
19.2366
0.525558
151.91
140.03
147.729
0.180084
1
0
0.128005
22
0
i = 4572
6587
2602
2623
2614.19
0.0703063
3.02565
26.2852
0.529068
200.94
190.065
198.77
0.132024
1
0
0.379661
18
1
i = 4573
7335
2605
2621
2614.44
0.112677
2.92037
16.1811
0.541217
117.46
107.95
116.219
0.22025
1
0
0.0205117
13
2
i = 4574
5162
2600
2625
2614.77
0.0720972
3.01849
25.5981
0.529512
198.6
182.8
193.565
0.135344
1
0
0.249721
22
0
i = 4575
6586
2603
2625
2614.87
0.0592402
3.12769
31.7127
0.520208
254.03
232.62
248.37
0.10927
1
0
0.51612
19
1
i = 4576
7334
2605
2624
2615.03
0.0578149
3.08976
32.3022
0.523592
249.12
237.475
249.364
0.107472
1
0
0.0731608
16
2
i = 4577
5163
2605
2623
2615.24
0.0669542
2.98991
27.457
0.532839
204.325
186.875
204.229
0.12713
1
0
0.0583962
15
0
i = 4578
7333
2604
2624
2615.28
0.098825
3.1003
18.9314
0.522776
147.18
138.955
146.544
0.183509
1
0
0.0821691
17
2
i = 4579
6585
2606
2624
2615.29
0.0735838
3.11469
25.4877
0.52173
200.005
187.95
198.024
0.136507
1
0
0.250664
15
1
i = 4580
5164
2606
2624
2615.83
0.0949095
2.99374
19.3739
0.532164
146.36
130.115
144.619
0.179592
1
0
0.16435
15
0
i = 4581
7332
2608
2622
2615.95
0.122101
2.92722
15.0294
0.543134
107.28
99.075
106.94
0.243481
1
0
0.0342317
11
2
i = 4582
6584
2606
2623
2616.1
0.0850375
2.89588
21.3073
0.542407
154.825
141.44
152.615
0.165413
1
0
0.0656105
14
1
i = 4583
7331
2607
2623
2616.42
0.101461
2.95083
18.0689
0.538569
132.01
121.605
131.041
0.197553
1
0
0.0622187
13
2
i = 4584
5165
2607
2624
2616.64
0.100652
3.00374
18.3229
0.532236
137.185
130.56
136.411
0.191679
1
0
0.114058
14
0
i = 4585
7330
2608
2623
2616.94
0.105795
2.78579
16.8582
0.554875
115.555
107.925
115.034
0.213017
1
0
0.0460423
12
2
i = 4586
6583
2605
2631
2617.04
0.084548
3.03109
21.8738
0.528395
170.63
157.625
166.19
0.158368
1
0
0.217531
23
1
i = 4587
5166
2610
2625
2617.36
0.105066
3.18083
18.1273
0.519736
141.37
136.105
141.834
0.198706
1
0
0.101617
12
0
i = 4588
6582
2603
2631
2617.83
0.0933859
3.37791
20.906
0.500535
189.905
159.845
176.999
0.1657
1
0
0.97079
25
1
i = 4589
7329
2610
2624
2617.84
0.115301
2.86166
15.6923
0.548169
109.95
102.515
109.728
0.23035
1
0
0.0374428
11
2
i = 4590
5167
2611
2625
2617.88
0.111987
3.05035
16.6817
0.531695
124.415
120.135
124.721
0.218037
1
0
0.083823
11
0
i = 4591
7328
2610
2625
2618.11
0.111769
2.89063
16.2005
0.543228
115.555
108.105
115.682
0.21818
1
0
0.0465441
12
2
i = 4592
6581
2611
2627
2618.47
0.0932167
2.87093
19.3263
0.543883
138.405
127.415
138.369
0.180789
1
0
0.0520072
13
1
i = 4593
5168
2612
2626
2618.64
0.111505
2.79661
15.9804
0.55273
110.465
103.365
110.683
0.222082
1
0
0.0379831
11
0
i = 4594
7327
2607
2627
2618.7
0.118682
2.91333
15.2804
0.539238
112.295
100.95
111.187
0.227246
1
0
0.014047
17
2
i = 4595
7326
2611
2627
2619.22
0.122598
3.00523
15.0399
0.53194
112.125
108.295
112.244
0.23307
1
0
0.0165109
13
2
i = 4596
5169
2612
2626
2619.23
0.107837
2.86835
16.7456
0.54629
118.64
110.625
118.309
0.212969
1
0
0.026161
11
0
i = 4597
6580
2611
2627
2619.25
0.0949851
2.98646
19.3497
0.533536
143.165
131.555
143.546
0.181033
1
0
0.0305879
13
1
i = 4598
5170
2605
2628
2619.67
0.0990394
3.23589
19.3124
0.51225
157.195
146.155
155.457
0.180864
1
0
0.0789421
20
0
i = 4599
7325
2612
2630
2620.03
0.110096
2.91109
16.4681
0.539593
119.52
110.09
119.909
0.211142
1
0
0.0116786
15
2
i = 4600
6579
2609
2631
2620.03
0.0874454
2.9587
20.895
0.534824
155.56
141.33
154.928
0.165792
1
0
0.0444769
19
1
i = 4601
5171
2611
2628
2620.17
0.0934852
2.99891
19.6942
0.532071
146.865
134.445
146.914
0.177282
1
0
0.0679913
14
0
i = 4602
7324
2611
2627
2620.38
0.0933444
2.88832
19.4097
0.543819
138.75
128.96
138.143
0.182872
1
0
0.0219984
13
2
i = 4603
6578
2614
2629
2620.72
0.0839918
2.8955
21.5922
0.543147
154.975
142.195
155.214
0.164335
1
0
0.110372
12
1
i = 4604
5172
2612
2629
2620.99
0.100388
2.95535
18.2007
0.535728
133.995
120.3
134.024
0.191375
1
0
0.0120641
14
0
i = 4605
7323
2610
2627
2621.01
0.117097
2.99661
15.8976
0.537247
117.695
108.17
115.484
0.231677
1
0
0.145632
14
2
i = 4606
6577
2614
2629
2621.42
0.0904886
2.87414
19.9329
0.544189
142.03
131.81
142.248
0.176269
1
0
0.0667544
12
1
i = 4607
5173
2610
2631
2621.56
0.108673
3.01957
16.9862
0.52947
129.395
121.565
128.375
0.204057
1
0
0.0500946
18
0
i = 4608
7322
2612
2628
2621.73
0.125253
3.00858
14.8396
0.535025
110.38
106.785
108.845
0.244931
1
0
0.186408
13
2
i = 4609
6576
2614
2632
2622.17
0.088338
2.87089
20.3793
0.543224
146.94
134.88
146.398
0.170411
1
0
0.151198
15
1
i = 4610
7321
2612
2629
2622.21
0.113162
2.97911
16.2629
0.535531
121.41
109.895
119.376
0.218412
1
0
0.120499
14
2
i = 4611
5174
2615
2631
2622.21
0.110162
2.82244
16.2172
0.548615
114.165
106.01
114.207
0.215624
1
0
0.191711
13
0
i = 4612
7320
2614
2630
2622.86
0.113467
2.97248
16.1772
0.535403
119.14
107.94
118.944
0.217895
1
0
0.0121542
13
2
i = 4613
5175
2615
2632
2623
0.105241
3.09169
17.7662
0.524209
138.855
126.805
136.89
0.196859
1
0
0.662083
14
0
i = 4614
6575
2612
2634
2623.01
0.0891622
3.10476
20.9925
0.5221
165.525
154.445
163.301
0.165033
1
0
0.0523014
19
1
i = 4615
7319
2613
2634
2623.34
0.131548
3.17309
14.3846
0.516486
115.255
107.52
114.303
0.240926
1
0
0.0786362
18
2
i = 4616
5176
2615
2631
2623.6
0.120695
3.21256
15.8374
0.516125
125.775
118.66
125.265
0.225113
1
0
0.156048
13
0
i = 4617
6574
2615
2634
2623.82
0.0943015
3.19653
20.1476
0.514978
163.34
149.215
160.967
0.172645
1
0
0.30433
16
1
i = 4618
7318
2612
2633
2624.06
0.116434
2.80172
15.2712
0.549646
108.57
99.315
107.116
0.22693
1
0
0.037645
18
2
i = 4619
5177
2614
2632
2624.33
0.104934
3.19693
18.1407
0.51619
144.605
136.165
143.551
0.194185
1
0
0.0562099
15
0
i = 4620
7317
2615
2635
2624.48
0.103008
3.04622
17.9996
0.527163
137.6
130.585
137.306
0.192594
1
0
0.0211756
17
2
i = 4621
6573
2616
2634
2624.62
0.0840541
3.06751
22.1418
0.52566
171.36
159.735
169.7
0.157038
1
0
0.315125
15
1
i = 4622
5178
2614
2632
2624.86
0.0838571
3.06868
22.2582
0.527297
171.275
160.85
168.652
0.158979
1
0
0.123993
15
0
i = 4623
7316
2616
2635
2625.14
0.0813174
2.91798
22.3156
0.53862
163.675
149.37
163.046
0.155341
1
0
0.170693
16
2
i = 4624
5179
2614
2633
2625.43
0.0842675
3.11922
22.3063
0.522373
174.62
164.44
172.413
0.157592
1
0
0.080761
16
0
i = 4625
6572
2616
2634
2625.48
0.0735713
3.04185
25.1904
0.527859
191.055
181.82
191.203
0.138016
1
0
0.39263
15
1
i = 4626
7315
2618
2636
2625.62
0.0920099
2.9656
19.9007
0.535091
148.67
133.575
147.437
0.175526
1
0
0.114886
15
2
i = 4627
5180
2617
2632
2626.06
0.0985782
3.02669
19.0148
0.535273
139.865
137.645
139.048
0.195198
1
0
0.0495621
12
0
i = 4628
6571
2614
2634
2626.07
0.0802872
3.00386
22.9466
0.531455
172.975
164.885
171.652
0.151907
1
0
0.219139
17
1
i = 4629
7314
2617
2636
2626.19
0.109744
2.92756
16.5624
0.537739
122.33
110.73
121.402
0.209303
1
0
0.0308008
16
2
i = 4630
5181
2617
2633
2626.71
0.103803
3.08664
18.1693
0.528847
137.75
133.03
136.333
0.201481
1
0
0.0789652
13
0
i = 4631
6570
2617
2634
2626.77
0.0871035
2.7727
20.3229
0.553258
139.755
130.235
140.197
0.171664
1
0
0.120432
14
1
i = 4632
7313
2617
2635
2626.83
0.111612
2.92264
16.2757
0.538472
118.515
107.65
118.712
0.213531
1
0
0.00572918
15
2
i = 4633
5182
2617
2635
2627.33
0.103889
3.17191
18.2473
0.518097
144.165
136.635
143.359
0.1928
1
0
0.124584
15
0
i = 4634
7312
2618
2637
2627.44
0.0984615
2.96968
18.5926
0.533921
139.435
125.155
138.197
0.186462
1
0
0.0810468
16
2
i = 4635
6569
2618
2636
2627.52
0.0846777
2.95573
21.5719
0.535372
159.04
144.925
159.24
0.160988
1
0
0.0227852
15
1
i = 4636
5183
2616
2635
2628.08
0.100198
3.0441
18.5694
0.52985
140.275
134.85
139.263
0.191425
1
0
0.0964103
16
0
i = 4637
7311
2620
2636
2628.09
0.114315
2.88172
15.7848
0.542679
113.375
104.78
113.308
0.220954
1
0
0.017633
13
2
i = 4638
6568
2619
2636
2628.36
0.0794223
2.95627
23.0176
0.535933
169.465
155.09
169.202
0.151747
1
0
0.0392441
14
1
i = 4639
7310
2620
2637
2628.63
0.102594
2.92388
17.7104
0.538412
129.505
117.785
129.247
0.19632
1
0
0.00525375
14
2
i = 4640
5184
2620
2643
2628.93
0.0811293
3.11687
23.1206
0.521318
187.66
167.52
180.421
0.150164
1
0
0.636818
20
0
i = 4641
6567
2619
2638
2629.07
0.0719125
3.02902
25.712
0.528763
197.67
185.605
194.672
0.134952
1
0
0.271923
16
1
i = 4642
7309
2619
2637
2629.2
0.0791338
3.00339
23.2833
0.531639
174.845
167.22
173.971
0.149914
1
0
0.0137611
15
2
i = 4643
5185
2622
2636
2629.36
0.0802435
2.96277
22.9179
0.538669
165.935
155.18
166.375
0.157441
1
0
0.242836
11
0
i = 4644
7308
2618
2637
2629.66
0.0983924
2.9476
18.5617
0.537043
137.345
123.925
135.789
0.188779
1
0
0.0385561
16
2
i = 4645
6566
2615
2637
2629.81
0.0749033
3.09496
25.0268
0.525076
197.48
182.575
191.254
0.141429
1
0
0.30446
19
1
i = 4646
5186
2618
2636
2629.87
0.106463
3.06863
17.6972
0.530946
133.465
128.39
131.659
0.208224
1
0
0.0473944
15
0
i = 4647
7307
2621
2637
2630.34
0.108753
2.99656
16.9908
0.534547
125.83
115.65
125.082
0.210311
1
0
0.0311726
13
2
i = 4648
5187
2622
2637
2630.51
0.101136
3.07974
18.5844
0.528897
140.81
136.305
139.589
0.195593
1
0
0.13158
12
0
i = 4649
6565
2620
2638
2630.58
0.0770901
3.07622
24.218
0.526105
186.115
176.54
184.492
0.14529
1
0
0.0886092
15
1
i = 4650
7306
2623
2637
2630.88
0.104597
2.80489
17.1098
0.553201
117.5
110.36
117.491
0.210236
1
0
0.0764886
11
2
i = 4651
6564
2618
2641
2631.01
0.0630372
3.11788
29.7559
0.521032
240.68
218.125
232.292
0.116462
1
0
0.734724
20
1
i = 4652
5188
2622
2643
2631.01
0.0711751
3.01383
25.9121
0.53004
197.675
186.825
195.593
0.133847
1
0
0.165505
18
0
i = 4653
7305
2621
2638
2631.09
0.0578823
2.98321
31.7996
0.534893
234.58
216.355
234.069
0.111386
1
0
0.100415
14
2
i = 4654
5189
2623
2639
2631.5
0.0720372
2.9327
25.2827
0.538344
184.17
168.815
184.135
0.138483
1
0
0.0478882
13
0
i = 4655
6563
2619
2641
2631.61
0.063168
3.02588
29.2535
0.528925
226.47
209.65
221.529
0.118495
1
0
0.26388
19
1
i = 4656
7304
2623
2638
2631.83
0.0941284
2.82583
19.0796
0.550862
132.73
123.735
132.128
0.18807
1
0
0.0409162
12
2
i = 4657
5190
2623
2638
2632.12
0.10486
2.98617
17.7498
0.538762
130.165
120.575
128.114
0.208817
1
0
0.124377
12
0
i = 4658
6562
2625
2638
2632.34
0.082081
2.73451
21.6052
0.561955
144.29
138.175
143.525
0.169352
1
0
0.0671538
10
1
i = 4659
7303
2623
2641
2632.57
0.116977
2.94262
15.5808
0.536562
114.965
103.695
114.502
0.222889
1
0
0.0587419
15
2
i = 4660
5191
2621
2641
2632.85
0.111259
3.378
17.5845
0.50206
150.12
136.715
147.165
0.200111
1
0
0.348265
17
0
i = 4661
7302
2624
2641
2633.12
0.121072
3.02168
15.2649
0.530093
114.835
110.23
114.723
0.228788
1
0
0.0586972
14
2
i = 4662
6561
2626
2640
2633.17
0.0885017
2.98192
20.8421
0.536949
152.575
141.495
152.458
0.173099
1
0
0.176388
11
1
i = 4663
5192
2621
2641
2633.3
0.112802
3.2568
17.0388
0.511598
139.34
130.36
137.252
0.207141
1
0
0.34099
17
0
i = 4664
7301
2624
2642
2633.61
0.114177
2.90777
15.8678
0.539735
115.85
104.96
115.258
0.218795
1
0
0.0148678
15
2
i = 4665
6560
2624
2641
2634.02
0.0917032
3.05227
20.312
0.529049
154.07
147.66
152.8
0.174822
1
0
0.0755128
14
1
i = 4666
7300
2625
2641
2634.11
0.118976
2.94272
15.3602
0.538426
111.39
103.67
111.597
0.230255
1
0
0.0418637
13
2
i = 4667
5193
2625
2644
2634.25
0.11596
3.03025
15.9478
0.528607
123.27
114.955
120.929
0.217481
1
0
0.164692
16
0
i = 4668
7299
2626
2643
2634.76
0.128251
2.86493
14.0228
0.543838
100.105
91.62
100.309
0.247759
1
0
0.0113141
14
2
i = 4669
6559
2623
2643
2634.83
0.0971515
3.01356
18.9899
0.530425
143.355
135.14
142.686
0.183252
1
0
0.116042
17
1
i = 4670
7298
2626
2644
2635.05
0.129333
3.03748
14.3179
0.528148
108.275
104.005
108.644
0.242612
1
0
0.0151913
15
2
i = 4671
5194
2626
2647
2635.07
0.117816
3.16726
16.0494
0.517158
132.285
118.685
127.246
0.216334
1
0
0.481918
18
0
i = 4672
6558
2623
2641
2635.38
0.105999
3.08654
18.0434
0.532476
136.68
131.59
132.92
0.212077
1
0
0.145511
15
1
i = 4673
5195
2625
2644
2635.41
0.115601
2.97858
15.8618
0.533268
121.265
106.345
118.036
0.218854
1
0
0.383241
16
0
i = 4674
7297
2625
2642
2635.57
0.126793
2.94209
14.4513
0.539769
104.77
96.92
104.289
0.248081
1
0
0.0200026
14
2
i = 4675
5196
2627
2645
2635.92
0.112049
3.05611
16.5775
0.526565
127.115
119.205
126.564
0.209601
1
0
0.0546214
15
0
i = 4676
7296
2628
2646
2636.15
0.1246
2.96912
14.6961
0.534335
109.06
99.59
109.102
0.236689
1
0
0.0303598
15
2
i = 4677
6557
2628
2645
2636.19
0.0966433
2.91895
18.7858
0.538897
136.415
126.225
136.969
0.185135
1
0
0.0825118
14
1
i = 4678
5197
2626
2645
2636.3
0.111462
3.24059
17.166
0.51162
141.585
129.66
138.607
0.202941
1
0
0.227206
16
0
i = 4679
7295
2628
2643
2636.78
0.119991
2.9235
15.2478
0.542287
110.6
101.465
108.902
0.237092
1
0
0.26054
12
2
i = 4680
6556
2629
2643
2636.79
0.0878335
2.83273
20.4741
0.550491
142.03
133.27
142.023
0.175689
1
0
0.106591
11
1
i = 4681
5198
2627
2648
2636.9
0.10641
2.89569
16.9872
0.540622
124.52
111.265
123.267
0.203947
1
0
0.157497
18
0
i = 4682
7294
2628
2644
2637.27
0.118364
3.01896
15.6673
0.532515
117.81
113.075
116.237
0.227956
1
0
0.159428
13
2
i = 4683
6555
2627
2645
2637.4
0.0895604
2.81368
19.905
0.548961
142.795
129.215
139.592
0.174857
1
0
0.237305
15
1
i = 4684
5199
2630
2645
2637.61
0.114227
2.90577
15.8812
0.541418
113.96
105.345
114.389
0.221661
1
0
0.269626
12
0
i = 4685
7293
2628
2646
2637.84
0.130949
3.00728
14.0741
0.530999
105.58
100.275
105.508
0.247302
1
0
0.00952183
15
2
i = 4686
5200
2624
2645
2638
0.109868
3.14145
17.218
0.521963
139.38
126.725
133.025
0.207317
1
0
0.57594
18
0
i = 4687
6554
2632
2647
2638.41
0.0870876
2.8473
20.6712
0.54816
145.905
135.03
146.13
0.172455
1
0
0.314913
12
1
i = 4688
7292
2629
2646
2638.47
0.107833
2.82785
16.5755
0.547689
117.42
107.895
116.741
0.210183
1
0
0.0410607
14
2
i = 4689
5201
2624
2646
2638.63
0.103962
3.25693
18.5158
0.512335
154.535
139.755
148.571
0.192172
1
0
0.34413
19
0
i = 4690
7291
2629
2648
2638.74
0.108407
2.97971
16.9156
0.533036
126.36
113.165
126.11
0.204973
1
0
0.0132741
16
2
i = 4691
6553
2633
2648
2639.03
0.0929573
2.90027
19.6354
0.545033
139.245
131.505
140.815
0.185301
1
0
0.210571
12
1
i = 4692
7290
2629
2650
2639.3
0.136866
3.03488
13.521
0.528087
105.88
97.165
102.802
0.256249
1
0
0.192772
18
2
i = 4693
5202
2624
2647
2639.31
0.112649
3.2261
16.9777
0.513912
142.42
128.01
135.553
0.207633
1
0
0.407478
20
0
i = 4694
6552
2631
2649
2639.57
0.0955343
2.95665
19.123
0.535266
140.95
128.865
141.408
0.181567
1
0
0.121378
15
1
i = 4695
7289
2632
2650
2639.64
0.126717
3.03696
14.6274
0.528994
113.145
104.735
110.894
0.239338
1
0
0.269504
15
2
i = 4696
5203
2631
2647
2640.07
0.112166
2.90132
16.1685
0.541919
115.52
108.3
116.012
0.218011
1
0
0.190297
13
0
i = 4697
6551
2632
2648
2640.1
0.0961296
2.93866
18.9598
0.537603
138.22
127.78
138.633
0.18431
1
0
0.165851
13
1
i = 4698
7288
2630
2649
2640.27
0.132709
3.20375
14.3338
0.514455
114.28
108.43
114.498
0.242809
1
0
0.0424916
16
2
i = 4699
5204
2634
2648
2640.52
0.116236
2.92179
15.7079
0.542183
112.87
104.34
113.195
0.229186
1
0
0.428411
11
0
i = 4700
5205
2634
2650
2640.93
0.121261
2.95389
15.099
0.537401
110.83
99.88
110.955
0.234221
1
0
0.125495
13
0
i = 4701
6550
2632
2651
2640.93
0.0969954
3.04406
19.1104
0.527469
147.935
137.445
145.568
0.181595
1
0
0.311035
16
1
i = 4702
7287
2633
2649
2641.02
0.139579
3.14975
13.5367
0.520328
105.21
101.275
105.608
0.260828
1
0
0.0410144
13
2
i = 4703
7286
2630
2651
2641.3
0.126307
3.01037
14.5923
0.530252
110.555
104.73
109.989
0.237479
1
0
0.0372529
18
2
i = 4704
6549
2634
2650
2641.72
0.0752547
2.90029
24.0585
0.54106
174.295
158.705
173.905
0.145134
1
0
0.0549162
13
1
i = 4705
7285
2630
2650
2641.73
0.099129
2.99517
18.5521
0.53195
141.52
124.715
138.647
0.187398
1
0
0.163884
17
2
i = 4706
5206
2634
2651
2641.73
0.104885
3.05488
17.7237
0.527471
135.77
127.7
134.99
0.197566
1
0
0.123232
14
0
i = 4707
7284
2633
2653
2642.09
0.0696134
3.07812
26.7753
0.524511
205.525
196.505
206.338
0.129573
1
0
0.0202377
17
2
i = 4708
5207
2629
2651
2642.11
0.0740852
3.06911
25.1234
0.525325
194.905
183.05
192.69
0.13815
1
0
0.0672452
19
0
i = 4709
6548
2633
2650
2642.13
0.0620155
3.03694
29.8789
0.528824
226.795
216.7
225.603
0.116959
1
0
0.346048
14
1
i = 4710
5208
2631
2651
2642.7
0.0728289
3.00946
25.3121
0.530692
192.84
180.625
190.06
0.137359
1
0
0.101723
17
0
i = 4711
7283
2635
2650
2642.78
0.102349
3.02959
18.1246
0.531234
135.625
130.13
135.44
0.196149
1
0
0.0170099
12
2
i = 4712
6547
2632
2652
2643.02
0.0766377
3.25602
25.0205
0.510224
208.24
189.52
203.256
0.138987
1
0
0.714391
17
1
i = 4713
5209
2635
2652
2643.42
0.0954865
2.96474
19.1627
0.534772
142.87
128.555
141.79
0.181578
1
0
0.0803698
14
0
i = 4714
7282
2633
2654
2643.52
0.127507
3.12799
14.7345
0.520182
116.135
108.265
115.427
0.235177
1
0
0.117874
18
2
i = 4715
6546
2636
2651
2643.84
0.0889808
3.08134
21.0426
0.527259
159.58
152.345
159.56
0.169822
1
0
0.407534
12
1
i = 4716
7281
2633
2652
2643.92
0.126355
3.01563
14.6073
0.530318
110.91
104.51
109.769
0.238405
1
0
0.0421155
16
2
i = 4717
5210
2633
2652
2643.99
0.110737
3.00843
16.6483
0.530989
127.58
117.305
124.776
0.209251
1
0
0.180108
16
0
i = 4718
6545
2637
2652
2644.49
0.0918382
2.9605
19.9469
0.536739
144.545
135.515
146.247
0.177072
1
0
0.388463
12
1
i = 4719
5211
2638
2651
2644.54
0.109026
2.82239
16.4753
0.552551
113.815
107.32
113.878
0.220317
1
0
0.0500362
10
0
i = 4720
7280
2635
2653
2644.7
0.130268
3.0845
14.3294
0.524395
111.505
104
110.126
0.243088
1
0
0.046463
15
2
i = 4721
6544
2636
2653
2645.11
0.0885072
2.90249
20.4573
0.540524
147.855
136.6
147.987
0.170171
1
0
0.0379602
14
1
i = 4722
5212
2638
2651
2645.17
0.102713
2.81799
17.5355
0.554071
120.785
114.665
119.946
0.209596
1
0
0.0159807
10
0
i = 4723
7279
2634
2651
2645.3
0.116672
2.87312
15.6345
0.548909
111.26
103.36
108.711
0.236201
1
0
0.0431457
14
2
i = 4724
7278
2635
2653
2645.74
0.0931076
2.93622
19.5798
0.538168
145.22
130.03
142.607
0.179112
1
0
0.147015
15
2
i = 4725
5213
2631
2654
2645.88
0.0929442
2.9797
19.7371
0.533401
149.38
131.255
146.662
0.176267
1
0
0.104634
20
0
i = 4726
6543
2634
2653
2646.01
0.0789044
3.06618
23.6633
0.527884
181.305
172.69
178.812
0.15013
1
0
0.125597
16
1
i = 4727
7277
2635
2653
2646.28
0.103588
2.84299
17.3349
0.547554
124.425
113.79
121.806
0.203574
1
0
0.13232
15
2
i = 4728
5214
2639
2652
2646.44
0.0910218
2.79767
19.7802
0.556929
135.18
128.06
133.62
0.187707
1
0
0.0435426
10
0
i = 4729
6542
2637
2658
2646.78
0.0779399
3.06123
23.8467
0.525837
184.215
172.42
182.876
0.145328
1
0
0.0516315
18
1
i = 4730
7276
2638
2653
2646.84
0.0808514
2.81268
22.1562
0.552047
153.89
142.96
152.789
0.161785
1
0
0.0422506
12
2
i = 4731
5215
2638
2653
2646.92
0.0924356
2.92326
19.8238
0.542893
142.815
130.255
141.162
0.183544
1
0
0.0674427
12
0
i = 4732
7275
2636
2656
2647.4
0.116136
3.00605
15.8617
0.530843
119.84
113.915
119.11
0.218891
1
0
0.0212817
17
2
i = 4733
6541
2638
2657
2647.45
0.0860211
3.07165
21.645
0.525054
165.2
158.08
166.303
0.160268
1
0
0.107106
16
1
i = 4734
5216
2637
2657
2647.66
0.102936
2.95074
17.7273
0.535599
132.145
118.455
130.939
0.195508
1
0
0.0968295
17
0
i = 4735
6540
2639
2656
2648.01
0.0942035
2.90868
19.2397
0.539903
139.755
128.775
139.53
0.180863
1
0
0.214107
14
1
i = 4736
7274
2637
2658
2648.06
0.119604
3.04783
15.5055
0.526977
120.97
112.09
118.34
0.22348
1
0
0.0967359
18
2
i = 4737
5217
2641
2660
2648.36
0.112321
3.04873
16.5472
0.528461
128.29
119.485
125.829
0.212621
1
0
0.311742
16
0
i = 4738
7273
2640
2656
2648.69
0.115685
2.72557
15.1679
0.557854
102.985
96.16
102.968
0.229646
1
0
0.00634158
13
2
i = 4739
6539
2641
2656
2648.91
0.0887332
2.83868
20.2031
0.547575
142.975
130.99
142.141
0.173928
1
0
0.138282
12
1
i = 4740
5218
2641
2660
2648.97
0.102168
2.99792
18.0131
0.531927
134.785
120.635
135.029
0.19341
1
0
0.0291577
16
0
i = 4741
7272
2638
2656
2649.07
0.103875
2.93601
17.5685
0.538839
130.4
117.735
127.492
0.200927
1
0
0.248711
15
2
i = 4742
5219
2641
2658
2649.61
0.0963788
3.06602
19.3124
0.526138
147.385
140.44
147.487
0.180635
1
0
0.0298594
14
0
i = 4743
7271
2638
2660
2649.81
0.090031
2.80559
19.7628
0.549223
141.515
126.705
138.946
0.175289
1
0
0.0570009
19
2
i = 4744
6538
2643
2657
2649.83
0.0793244
2.88339
22.8271
0.544968
163
148.27
162.454
0.156382
1
0
0.340308
11
1
i = 4745
5220
2642
2660
2650.13
0.0984438
3.09596
19.0008
0.52358
148.35
139.37
146.901
0.183606
1
0
0.255032
15
0
i = 4746
7270
2640
2659
2650.36
0.100853
2.91146
17.9741
0.539298
132.775
119.225
130.838
0.192992
1
0
0.0985713
16
2
i = 4747
6537
2642
2658
2650.6
0.0817418
3.19973
23.3336
0.517054
184.255
174.52
183.905
0.152626
1
0
0.608761
13
1
i = 4748
5221
2641
2661
2650.84
0.101088
2.9548
18.0635
0.535205
134.035
120.315
133.691
0.191828
1
0
0.0340033
17
0
i = 4749
7269
2640
2658
2651.04
0.122678
3.11155
15.3439
0.524393
118.87
113.175
117.444
0.232455
1
0
0.0340641
15
2
i = 4750
6536
2636
2659
2651.15
0.0863586
3.3132
22.4465
0.507186
193.075
173.07
184.005
0.157173
1
0
1.03023
20
1
i = 4751
5222
2640
2659
2651.58
0.100143
2.90975
18.1133
0.540276
135.31
120.29
130.992
0.192985
1
0
0.434715
16
0
i = 4752
7268
2643
2660
2651.59
0.10949
3.08215
17.0453
0.524807
130.91
124.26
130.831
0.204753
1
0
0.0344806
14
2
i = 4753
7267
2643
2661
2651.99
0.121408
3.09443
15.3962
0.523358
118.865
111.52
118.956
0.225816
1
0
0.0265961
15
2
i = 4754
6535
2637
2659
2651.99
0.0905861
3.11011
20.7683
0.52436
163.15
152.305
159.025
0.171456
1
0
0.352083
19
1
i = 4755
5223
2641
2660
2652.35
0.108254
3.02175
17.0773
0.530237
129.54
123.16
128.218
0.20483
1
0
0.0687487
16
0
i = 4756
7266
2643
2659
2652.76
0.129478
3.0622
14.5093
0.53096
108.41
105.585
107.995
0.252333
1
0
0.0637053
13
2
i = 4757
6534
2644
2660
2652.79
0.0852398
3.02906
21.7441
0.530574
162.47
156.56
162.783
0.162419
1
0
0.132874
13
1
i = 4758
5224
2643
2659
2653
0.10626
2.90037
17.1825
0.545067
122.06
112.335
121.362
0.211901
1
0
0.0603909
13
0
i = 4759
7265
2642
2660
2653.18
0.126271
2.99
14.6015
0.534556
108.02
99.495
107.58
0.243271
1
0
0.0487953
15
2
i = 4760
5225
2640
2660
2653.28
0.0989532
2.99017
18.6441
0.534828
142.66
125.945
137.175
0.191101
1
0
0.309785
17
0
i = 4761
6533
2644
2660
2653.56
0.0801231
2.95627
22.9297
0.538608
166.56
154.82
166.156
0.156566
1
0
0.192011
13
1
i = 4762
7264
2646
2662
2653.72
0.0786694
2.95948
23.2541
0.535854
170.22
155.725
171.34
0.150484
1
0
0.106359
13
2
i = 4763
5226
2643
2661
2653.82
0.0820315
2.90069
22.0881
0.541437
162.175
144.9
158.937
0.158746
1
0
0.160119
15
0
i = 4764
6532
2648
2662
2654.32
0.0880988
2.93852
20.8199
0.541319
149.15
140.95
150.764
0.174207
1
0
0.328812
11
1
i = 4765
5227
2643
2662
2654.48
0.0957034
3.03122
19.3533
0.529627
149
138.655
145.577
0.181135
1
0
0.200402
16
0
i = 4766
7263
2646
2662
2654.5
0.120369
3.06906
15.4929
0.526928
117.045
113.405
117.687
0.227503
1
0
0.0673479
13
2
i = 4767
7262
2644
2663
2654.88
0.11242
3.01318
16.4105
0.530496
122.775
117.405
123.252
0.212131
1
0
0.0230182
16
2
i = 4768
6531
2646
2664
2655.19
0.0924614
3.15776
20.4251
0.518229
161.23
152.325
160.839
0.170453
1
0
0.114225
15
1
i = 4769
5228
2648
2663
2655.3
0.105197
2.99773
17.532
0.533732
130.74
118.6
130.109
0.202135
1
0
0.248577
12
0
i = 4770
7261
2644
2664
2655.6
0.119079
3.02128
15.5107
0.529618
118.715
111.645
116.954
0.224086
1
0
0.105524
17
2
i = 4771
6530
2649
2662
2655.88
0.0905629
2.87127
20.0548
0.548915
140.215
131.32
140.088
0.183077
1
0
0.124915
10
1
i = 4772
5229
2650
2663
2656.04
0.110969
2.86333
16.3506
0.549735
114.475
108.25
114.71
0.224754
1
0
0.170636
10
0
i = 4773
7260
2645
2664
2656.32
0.107844
2.87819
16.7202
0.542847
120.525
110.78
119.896
0.208304
1
0
0.0131768
16
2
i = 4774
6529
2649
2666
2656.79
0.0936648
3.04268
19.804
0.528415
150.54
142.79
150.27
0.176616
1
0
0.289793
14
1
i = 4775
7259
2649
2665
2656.9
0.112867
2.93894
16.1489
0.537578
117.765
106.84
118.167
0.216392
1
0
0.0175186
13
2
i = 4776
5230
2651
2662
2656.91
0.117323
2.70581
15.245
0.571866
99.07
95.61
97.9597
0.256952
1
0
0.168502
8
0
i = 4777
5231
2651
2663
2657.55
0.102697
2.7839
17.5443
0.56048
118.645
113.3
117.231
0.216005
1
0
0.121582
9
0
i = 4778
7258
2650
2665
2657.59
0.125024
2.78833
14.2023
0.552042
98.645
91.52
98.4591
0.246356
1
0
0.0378107
12
2
i = 4779
6528
2649
2665
2657.69
0.0857685
3.03528
21.627
0.529907
164.695
156.53
162.364
0.163087
1
0
0.759984
13
1
i = 4780
5232
2650
2666
2658.14
0.0776584
2.92778
23.425
0.538566
171.51
156.41
170.664
0.149128
1
0
0.22113
13
0
i = 4781
7257
2649
2668
2658.25
0.0825583
3.00352
22.3006
0.530935
167.96
160.3
167.636
0.1555
1
0
0.0533937
16
2
i = 4782
6527
2648
2666
2658.39
0.0677108
3.06749
27.5178
0.526502
212.36
200.76
209.446
0.12741
1
0
0.299486
15
1
i = 4783
7256
2650
2668
2658.56
0.0815258
3.09048
22.9153
0.523766
177.47
167.915
176.905
0.151828
1
0
0.0934203
15
2
i = 4784
5233
2649
2666
2658.59
0.0753459
2.89158
23.9978
0.541935
173.02
158.225
172.485
0.14561
1
0
0.0903768
14
0
i = 4785
6526
2651
2669
2658.92
0.0767804
3.06987
24.2631
0.525922
186.735
176.235
185.996
0.143959
1
0
0.176653
15
1
i = 4786
7255
2652
2669
2659.11
0.124462
3.11991
15.1334
0.523383
116.84
112.17
117.353
0.234887
1
0
0.0197905
14
2
i = 4787
5234
2650
2665
2659.12
0.106163
2.85686
17.0769
0.54941
119.895
112.845
118.663
0.213671
1
0
0.0780915
12
0
i = 4788
6525
2652
2668
2659.87
0.0933765
3.07852
19.994
0.525908
154.02
145.07
152.815
0.175893
1
0
0.1789
13
1
i = 4789
7254
2651
2666
2659.89
0.123724
3.04501
15.1642
0.533076
113.215
109.725
111.905
0.243053
1
0
0.0945124
12
2
i = 4790
5235
2653
2666
2660.03
0.109723
2.80244
16.3408
0.55497
111.85
106.8
111.533
0.223359
1
0
0.107487
10
0
i = 4791
7253
2650
2671
2660.21
0.116109
3.08721
16.0751
0.523602
128.16
117.05
124.316
0.215556
1
0
0.238675
18
2
i = 4792
5236
2652
2667
2660.45
0.102725
2.97118
17.9218
0.537236
131.61
120.54
130.584
0.200175
1
0
0.131137
12
0
i = 4793
6524
2650
2669
2660.66
0.0871363
3.1194
21.5437
0.521449
168.72
158.745
167.446
0.161686
1
0
0.131082
16
1
i = 4794
7252
2650
2669
2660.83
0.111964
2.94639
16.2907
0.536318
120.505
108.025
119.772
0.213377
1
0
0.00591215
16
2
i = 4795
5237
2652
2669
2660.97
0.0992218
3.06771
18.7683
0.526147
145.255
136.405
143.192
0.186157
1
0
0.426969
14
0
i = 4796
6523
2653
2668
2661.35
0.077521
2.92685
23.539
0.540638
169.755
157.91
169.483
0.151375
1
0
0.0758831
12
1
i = 4797
7251
2652
2672
2661.51
0.0993793
3.03566
18.6243
0.528072
142.995
134.055
141.584
0.186121
1
0
0.143633
17
2
i = 4798
5238
2652
2671
2661.67
0.0946648
3.28188
20.3358
0.508234
167.18
155.455
166.556
0.171034
1
0
0.0927609
16
0
i = 4799
7250
2654
2670
2662
0.0983908
2.93286
18.505
0.538102
134.685
124.485
135.104
0.188781
1
0
0.0892496
13
2
i = 4800
6522
2647
2676
2662.14
0.081637
3.24965
23.4563
0.510317
200.495
177.62
191.063
0.147684
1
0
0.38737
26
1
i = 4801
7249
2654
2672
2662.44
0.141509
3.13107
13.2906
0.520508
104.155
98.325
103.903
0.262153
1
0
0.00933005
15
2
i = 4802
5239
2654
2671
2662.59
0.106288
3.11664
17.659
0.522012
137.145
130.57
136.979
0.197856
1
0
0.106242
14
0
i = 4803
6521
2653
2671
2662.87
0.0903062
2.97376
20.2932
0.533937
151.015
135.52
150.48
0.171438
1
0
0.0321802
15
1
i = 4804
7248
2653
2674
2663.17
0.123738
3.24035
15.4541
0.511129
127.51
117
125.379
0.224319
1
0
0.118921
18
2
i = 4805
5240
2655
2671
2663.26
0.103113
2.89291
17.5355
0.541716
127.75
115.795
126.251
0.19906
1
0
0.226656
13
0
i = 4806
6520
2652
2670
2663.53
0.0911798
3.08453
20.6301
0.528174
159.165
150.75
155.363
0.17576
1
0
0.191017
15
1
i = 4807
5241
2654
2671
2663.65
0.104534
2.96952
17.5384
0.535166
130.165
117.47
129.17
0.199998
1
0
0.0729376
14
0
i = 4808
7247
2655
2672
2663.81
0.119048
3.11848
15.7727
0.521933
122.725
116.025
122.308
0.221687
1
0
0.0392528
14
2
i = 4809
7246
2657
2671
2664.34
0.116098
2.89704
15.6438
0.544001
111.58
104.03
111.373
0.228947
1
0
0.0142469
11
2
i = 4810
5242
2655
2674
2664.4
0.104801
3.12204
17.9122
0.520848
142.64
131.1
139.836
0.193754
1
0
0.215962
16
0
i = 4811
6519
2653
2672
2664.41
0.0905546
3.22284
21.1159
0.514342
170.405
159.49
168.254
0.167242
1
0
0.059439
16
1
i = 4812
6518
2656
2674
2665.12
0.0860289
2.99026
21.3559
0.532239
160.335
144.7
159.585
0.162566
1
0
0.039992
15
1
i = 4813
7245
2654
2672
2665.17
0.115804
3.06298
16.1288
0.528575
123.66
117.595
121.487
0.22124
1
0
0.069078
15
2
i = 4814
5243
2655
2675
2665.24
0.0994845
3.2197
19.1615
0.51284
157.14
143.44
154.283
0.181042
1
0
0.319829
17
0
i = 4815
7244
2658
2673
2665.68
0.10188
2.96545
17.9985
0.536377
132.11
120.475
132.016
0.196412
1
0
0.0279204
12
2
i = 4816
6517
2657
2675
2665.79
0.0858545
2.95642
21.2773
0.535244
157.23
141.48
157.31
0.16312
1
0
0.0448706
15
1
i = 4817
5244
2656
2675
2665.82
0.0983588
3.14308
19.1504
0.51915
151.06
141.285
150.386
0.181307
1
0
0.0747694
16
0
i = 4818
7243
2658
2673
2666.17
0.11966
3.06512
15.6242
0.529062
117.41
114.44
117.485
0.229796
1
0
0.0413134
12
2
i = 4819
5245
2655
2676
2666.4
0.103203
3.16162
18.3032
0.517481
147.785
135.59
144.762
0.189449
1
0
0.220683
18
0
i = 4820
6516
2658
2675
2666.61
0.0898856
3.10107
20.8281
0.52327
161.375
152.635
160.784
0.167671
1
0
0.0412925
14
1
i = 4821
7242
2657
2676
2666.74
0.124584
3.02673
14.8351
0.528911
111.865
106.66
112.309
0.233785
1
0
0.00744035
16
2
i = 4822
5246
2655
2676
2666.94
0.11851
3.24335
16.1475
0.511149
135.55
120.175
130.74
0.215214
1
0
0.370217
18
0
i = 4823
6515
2653
2674
2667.38
0.0905423
2.92408
20.1429
0.540679
145.695
135.285
145.019
0.176588
1
0
0.0744176
18
1
i = 4824
7241
2660
2678
2667.41
0.121723
3.00092
15.1415
0.532355
113.05
108.765
113.395
0.231661
1
0
0.0390972
15
2
i = 4825
5247
2656
2677
2667.57
0.110069
3.04959
16.8542
0.52687
131.86
121.275
128.623
0.205679
1
0
0.168094
18
0
i = 4826
7240
2659
2676
2667.89
0.108378
2.93749
16.806
0.53726
122.815
111.535
123.095
0.207071
1
0
0.0175855
14
2
i = 4827
6514
2654
2682
2668.22
0.0877492
3.18764
21.6132
0.515257
180.965
161.34
172.691
0.160277
1
0
0.45547
25
1
i = 4828
5248
2661
2677
2668.34
0.099613
3.03702
18.6255
0.529726
140.29
134.685
140.622
0.189309
1
0
0.0341317
13
0
i = 4829
7239
2658
2678
2668.41
0.104615
2.88385
17.2436
0.541742
125.39
114.08
124.545
0.200937
1
0
0.0349707
17
2
i = 4830
6513
2658
2683
2668.93
0.0869606
2.95581
21.0012
0.535083
162.395
139.19
155.592
0.164951
1
0
0.396311
22
1
i = 4831
7238
2660
2677
2668.96
0.10517
2.73655
16.711
0.556313
113.52
105.375
114.28
0.207662
1
0
0.0391857
14
2
i = 4832
5249
2661
2677
2669.06
0.0996098
3.05214
18.6585
0.528019
141.37
136.055
141.378
0.188194
1
0
0.0431406
13
0
i = 4833
7237
2662
2680
2669.55
0.111928
2.83694
15.9946
0.546803
114.155
104.76
113.469
0.217802
1
0
0.085264
15
2
i = 4834
6512
2659
2677
2669.56
0.0869542
3.03422
21.3162
0.529521
162.15
154.045
160.35
0.164713
1
0
0.0853133
15
1
i = 4835
5250
2661
2677
2669.73
0.0993694
3.08112
18.8183
0.526304
143.945
136.825
143.158
0.188106
1
0
0.183123
13
0
i = 4836
7236
2663
2679
2670.32
0.0916244
2.90954
19.8022
0.540568
142.74
132.32
143.58
0.176965
1
0
0.149131
13
2
i = 4837
6511
2659
2679
2670.39
0.0836268
3.13273
22.4912
0.520168
177.205
166.29
175.78
0.154619
1
0
0.0533184
17
1
i = 4838
5251
2663
2680
2670.42
0.0939789
3.04627
19.7655
0.528612
152.29
142.765
150.038
0.177874
1
0
0.316345
14
0
i = 4839
7235
2663
2679
2670.88
0.111053
2.92828
16.3822
0.538518
118.9
108.985
119.468
0.213236
1
0
0.089528
13
2
i = 4840
5252
2662
2680
2670.91
0.0957233
3.05605
19.4046
0.526572
149.03
139.71
148.146
0.179064
1
0
0.0353567
15
0
i = 4841
6510
2661
2679
2671.26
0.0937998
3.12324
20.0447
0.521816
157.32
147.745
155.318
0.174971
1
0
0.198273
15
1
i = 4842
7234
2662
2679
2671.35
0.11345
3.05628
16.3921
0.527452
123.91
119.895
124.323
0.213836
1
0
0.0940333
14
2
i = 4843
5253
2663
2679
2671.59
0.101878
2.91101
17.8111
0.540336
128.225
118.84
128.748
0.196564
1
0
0.0895551
13
0
i = 4844
6509
2664
2678
2671.81
0.0924468
2.78477
19.2716
0.554776
132.43
122.82
131.652
0.185846
1
0
0.0813381
11
1
i = 4845
7233
2660
2683
2671.85
0.134976
3.12993
13.9233
0.519991
110.56
102.715
109.197
0.248813
1
0
0.0914656
20
2
i = 4846
5254
2664
2679
2672.19
0.0957266
2.86336
18.8258
0.545761
133.765
124.465
133.162
0.187681
1
0
0.0652781
12
0
i = 4847
6508
2665
2678
2672.52
0.0801984
2.74042
22.2011
0.562286
147.5
141.85
147.088
0.166541
1
0
0.263202
10
1
i = 4848
5255
2662
2680
2672.59
0.0862306
2.97563
21.2802
0.534515
160.955
142.51
157.15
0.164673
1
0
0.279214
15
0
i = 4849
7232
2661
2679
2672.6
0.10325
3.02639
18.0359
0.533017
136.41
129.985
133.378
0.200576
1
0
0.124873
15
2
i = 4850
7231
2664
2680
2672.94
0.0895725
3.05688
20.8062
0.528641
157.68
150.335
156.788
0.170606
1
0
0.0298971
13
2
i = 4851
6507
2664
2680
2673.22
0.078932
2.87998
22.9003
0.544132
163.63
152.255
162.914
0.154251
1
0
0.122199
13
1
i = 4852
5256
2664
2680
2673.27
0.100586
2.87188
17.9475
0.544972
127.97
118.415
127.269
0.196965
1
0
0.165637
13
0
i = 4853
7230
2662
2681
2673.59
0.126645
3.09648
14.793
0.524484
114.9
108.21
113.381
0.238114
1
0
0.0605118
16
2
i = 4854
6506
2664
2682
2674.04
0.0919166
2.99606
20.0163
0.532114
150.01
136.415
149.364
0.174089
1
0
0.0738408
15
1
i = 4855
5257
2663
2684
2674.04
0.118668
3.38533
16.4726
0.500182
142.345
128.05
139.386
0.210684
1
0
0.25598
18
0
i = 4856
7229
2666
2681
2674.16
0.128322
2.97983
14.3451
0.535795
105.23
97.54
105.221
0.24829
1
0
0.0185219
12
2
i = 4857
7228
2667
2685
2674.7
0.128623
3.12306
14.6188
0.52189
113.44
107.455
113.869
0.240056
1
0
0.0286849
15
2
i = 4858
5258
2665
2688
2674.84
0.112785
3.22863
16.9245
0.512074
143.03
125.315
136.875
0.204864
1
0
0.889235
20
0
i = 4859
6505
2666
2685
2674.87
0.0957183
2.96423
19.1089
0.534467
143.05
126.425
141.799
0.181516
1
0
0.217099
16
1
i = 4860
7227
2664
2684
2675.25
0.126325
3.06537
14.7257
0.525692
114.97
107.06
112.754
0.235799
1
0
0.0790326
17
2
i = 4861
6504
2663
2685
2675.35
0.0847222
3.05946
21.9315
0.525998
169.915
159.315
167.964
0.158031
1
0
0.0450485
19
1
i = 4862
5259
2668
2688
2675.57
0.101489
3.16528
18.664
0.518761
149.445
138.215
147.3
0.188746
1
0
0.444766
17
0
i = 4863
7226
2666
2685
2675.92
0.104872
3.01712
17.5958
0.529767
134.245
126.025
132.754
0.197132
1
0
0.120936
16
2
i = 4864
5260
2668
2684
2675.97
0.0912532
3.24217
21.0267
0.513495
169.23
157.625
168.452
0.169009
1
0
0.180786
13
0
i = 4865
6503
2668
2684
2676.01
0.079327
2.85757
22.6494
0.544883
162.015
149.11
161.329
0.153869
1
0
0.0307105
13
1
i = 4866
5261
2664
2685
2676.19
0.0861449
2.98854
21.3198
0.53231
160.79
144.345
159.292
0.162724
1
0
0.145038
18
0
i = 4867
7225
2665
2683
2676.4
0.111041
3.11624
17.016
0.525237
131.33
125.585
129.63
0.212508
1
0
0.0289764
15
2
i = 4868
7224
2666
2685
2676.44
0.0915828
3.30901
21.1191
0.506577
174.355
162.64
173.819
0.165412
1
0
0.0113088
16
2
i = 4869
6502
2668
2686
2676.55
0.0701163
3.02446
26.355
0.529336
199.925
189.32
199.244
0.131872
1
0
0.0615048
15
1
i = 4870
5262
2668
2683
2676.58
0.0743984
2.93625
24.607
0.5405
177.405
164.71
177.071
0.145937
1
0
0.0645167
12
0
i = 4871
7223
2667
2688
2676.89
0.0864423
3.17231
21.8883
0.516577
175.14
162.54
173.896
0.158372
1
0
0.0570278
18
2
i = 4872
6501
2668
2687
2677.19
0.0759362
3.18002
24.9516
0.516172
198.61
186.9
198.346
0.139214
1
0
0.0211904
16
1
i = 4873
5263
2668
2684
2677.41
0.0912066
3.07457
20.5629
0.528595
155.215
150.53
154.675
0.175433
1
0
0.104521
13
0
i = 4874
7222
2671
2684
2678.09
0.122503
2.90518
14.9588
0.546768
105.51
100.195
105.126
0.248375
1
0
0.0376232
10
2
i = 4875
5264
2667
2685
2678.26
0.109164
3.20084
17.549
0.518399
141.265
131.87
137.248
0.206407
1
0
0.300806
15
0
i = 4876
6500
2671
2685
2678.29
0.0942841
2.79193
18.8793
0.553077
129.85
122.725
130.113
0.187762
1
0
0.0791446
11
1
i = 4877
7221
2670
2686
2678.46
0.132091
2.99892
13.9476
0.532638
103.69
94.68
103.741
0.251679
1
0
0.0126385
13
2
i = 4878
6499
2672
2685
2678.82
0.0992325
2.76882
17.9199
0.557394
121.41
114.66
121.452
0.201688
1
0
0.0684091
10
1
i = 4879
5265
2672
2685
2678.86
0.117132
2.96441
15.8007
0.541675
113.835
104.895
113.384
0.235868
1
0
0.0947529
10
0
i = 4880
7220
2671
2689
2679.06
0.143901
3.13411
13.0815
0.520555
102.93
96.995
102.328
0.267141
1
0
0.17789
15
2
i = 4881
5266
2672
2685
2679.43
0.11375
2.81548
15.8868
0.555386
108.48
103.65
107.913
0.234251
1
0
0.0740472
10
0
i = 4882
7219
2672
2690
2679.68
0.123357
3.07645
15.1249
0.525665
117.095
109.23
116.117
0.231643
1
0
0.217688
15
2
i = 4883
6498
2671
2687
2679.76
0.100067
2.93725
18.2241
0.53825
133.06
121.07
132.659
0.192739
1
0
0.0203725
13
1
i = 4884
5267
2670
2687
2680.24
0.113764
2.95599
16.1126
0.537575
119.765
108.31
117.376
0.220344
1
0
0.124072
14
0
i = 4885
7218
2672
2690
2680.3
0.120989
3.14661
15.5858
0.51935
122.66
115.795
122.421
0.223832
1
0
0.0524102
15
2
i = 4886
6497
2672
2687
2680.4
0.091839
2.81061
19.4459
0.550941
135.9
126.325
134.907
0.181869
1
0
0.0149068
12
1
i = 4887
7217
2670
2688
2680.84
0.116009
2.85647
15.4959
0.54546
110.74
101.065
109.891
0.225947
1
0
0.0343193
15
2
i = 4888
5268
2672
2690
2680.87
0.104041
2.98385
17.6395
0.532803
132.45
117.61
131.585
0.196803
1
0
0.100594
15
0
i = 4889
6496
2672
2690
2681.15
0.0912676
3.06019
20.366
0.526227
156.24
148.15
155.625
0.170631
1
0
0.116925
15
1
i = 4890
5269
2673
2688
2681.19
0.101067
2.98961
18.2487
0.535064
134.76
124.14
134.194
0.195475
1
0
0.0607039
12
0
i = 4891
7216
2674
2689
2681.22
0.0993445
2.83775
18.0389
0.547554
126.545
118.83
127.278
0.194581
1
0
0.0413887
12
2
i = 4892
7215
2673
2691
2681.74
0.116014
3.01698
15.9076
0.529931
120.095
113.86
119.962
0.218353
1
0
0.0183754
15
2
i = 4893
6495
2673
2689
2681.84
0.0933077
2.94934
19.5903
0.537331
142.535
130.76
143.041
0.179631
1
0
0.174496
13
1
i = 4894
5270
2674
2689
2681.93
0.109267
2.97485
16.8181
0.535832
124.045
112.03
123.466
0.210861
1
0
0.0241388
12
0
i = 4895
6494
2672
2692
2682.35
0.101053
3.12342
18.5792
0.52063
144.495
137.93
145.188
0.186623
1
0
0.0799404
17
1
i = 4896
7214
2675
2691
2682.44
0.121678
2.9194
14.9343
0.539568
108.845
99.42
108.642
0.234445
1
0
0.0315751
13
2
i = 4897
5271
2671
2690
2682.62
0.112174
3.03489
16.5283
0.529561
126.26
119.14
124.298
0.212641
1
0
0.0794592
16
0
i = 4898
7213
2675
2691
2682.91
0.132651
2.90639
13.6622
0.540455
98.895
89.885
98.9185
0.255481
1
0
0.0152439
13
2
i = 4899
5272
2671
2691
2683.35
0.105172
3.00512
17.5279
0.531643
132.095
126.12
130.924
0.199449
1
0
0.10338
17
0
i = 4900
6493
2675
2691
2683.35
0.0905076
3.02232
20.4349
0.530591
151.84
148.255
153.207
0.171805
1
0
0.255295
13
1
i = 4901
7212
2674
2692
2683.59
0.114934
3.06707
16.1932
0.525782
124.225
117.36
123.838
0.214899
1
0
0.0517667
15
2
i = 4902
5273
2671
2693
2683.92
0.0719965
3.0308
25.6884
0.528552
198.24
184.39
194.72
0.135009
1
0
0.304273
19
0
i = 4903
6492
2675
2692
2684.08
0.0621922
2.96356
29.4224
0.535063
217.085
199.39
217.136
0.118472
1
0
0.0629619
14
1
i = 4904
7211
2675
2693
2684.1
0.0808677
3.08932
23.0953
0.523786
177.49
169.94
178.118
0.150531
1
0
0.0294982
15
2
i = 4905
5274
2674
2694
2684.43
0.0577997
3.06735
32.189
0.525345
250.515
233.635
247.081
0.107696
1
0
0.247623
17
0
i = 4906
6491
2676
2693
2684.45
0.0538819
2.95738
33.9162
0.535417
248.95
228.905
250.342
0.102574
1
0
0.126058
14
1
i = 4907
7210
2673
2693
2684.51
0.049908
2.94951
36.5608
0.535886
270.415
245.42
269.423
0.0949468
1
0
0.0641592
17
2
i = 4908
5275
2676
2694
2684.95
0.0800984
3.08068
23.2841
0.524501
180.495
167.85
179.14
0.149284
1
0
0.123042
15
0
i = 4909
7209
2674
2695
2684.99
0.107102
2.82153
16.6599
0.547672
119.51
107.05
117.784
0.207941
1
0
0.0493824
18
2
i = 4910
6490
2677
2699
2685.25
0.0733926
2.99152
25.0427
0.532281
189.885
169.865
187.475
0.138837
1
0
0.340911
19
1
i = 4911
7208
2678
2696
2685.75
0.110073
2.91913
16.4986
0.539076
120.42
109.185
120.402
0.211199
1
0
0.0338549
15
2
i = 4912
5276
2679
2693
2685.81
0.108164
2.8873
16.7538
0.544654
118.73
109.755
119.387
0.213191
1
0
0.228699
11
0
i = 4913
7207
2678
2697
2686.13
0.129262
3.015
14.2765
0.530329
108.785
102.74
107.648
0.243825
1
0
0.05858
16
2
i = 4914
6489
2679
2694
2686.23
0.0981609
2.98996
18.7647
0.534418
137.735
128.215
138.952
0.188851
1
0
0.316899
12
1
i = 4915
5277
2674
2696
2686.34
0.116373
3.26654
16.4997
0.50915
137.285
125.91
134.766
0.210252
1
0
0.0993837
19
0
i = 4916
7206
2679
2697
2686.91
0.130292
3.05975
14.2741
0.526763
110.21
102.785
109.073
0.244636
1
0
0.0603316
15
2
i = 4917
5278
2672
2698
2687.04
0.119089
3.39188
16.4281
0.49954
146.9
128.005
139.536
0.210936
1
0
0.480263
23
0
i = 4918
6488
2678
2695
2687.05
0.0947912
3.0738
19.6673
0.525707
150.085
144.235
150.264
0.177791
1
0
0.0385818
14
1
i = 4919
7205
2680
2696
2687.56
0.107296
2.8002
16.5763
0.550402
115.53
107.34
115.875
0.210188
1
0
0.0153386
13
2
i = 4920
5279
2679
2701
2687.71
0.119157
3.19247
15.9353
0.515314
131.065
118.63
127.276
0.218308
1
0
0.1968
19
0
i = 4921
6487
2679
2696
2687.83
0.0904422
3.10064
20.7007
0.523379
160.485
150.5
159.64
0.168827
1
0
0.131233
14
1
i = 4922
7204
2681
2696
2688.1
0.11742
2.76595
15.0631
0.554336
103.195
97.52
103.764
0.232434
1
0
0.036084
12
2
i = 4923
5280
2681
2698
2688.3
0.107958
2.94128
16.9
0.537681
123.81
113.775
124.015
0.207458
1
0
0.0806993
14
0
i = 4924
6486
2675
2696
2688.44
0.090365
3.0089
20.4167
0.531444
153.585
147.04
152.572
0.171457
1
0
0.0670441
18
1
i = 4925
7203
2681
2698
2688.52
0.122781
2.97871
14.9503
0.534135
111.39
100.625
111.108
0.234144
1
0
0.0603374
14
2
i = 4926
5281
2681
2696
2688.72
0.0852405
2.847
21.0578
0.546672
148.16
137.91
148.748
0.166696
1
0
0.0817931
12
0
i = 4927
7202
2680
2696
2688.91
0.0812649
3.00007
22.7018
0.533188
168.515
161.32
168.247
0.155669
1
0
0.0175437
13
2
i = 4928
6485
2676
2699
2689.09
0.0777982
3.0597
23.884
0.525955
184.23
174.31
182.994
0.145084
1
0
0.0560592
20
1
i = 4929
5282
2680
2696
2689.37
0.0868439
2.85433
20.7289
0.546773
146.045
137.02
145.991
0.170759
1
0
0.126842
13
0
i = 4930
7201
2681
2700
2689.52
0.102646
3.02129
17.9929
0.529566
137.235
129.365
136.018
0.193077
1
0
0.0537233
16
2
i = 4931
6484
2681
2703
2689.6
0.0891313
3.17502
21.2462
0.516768
171.33
158.29
168.748
0.163802
1
0
0.131811
19
1
i = 4932
5283
2680
2695
2689.91
0.119916
2.75954
15.0465
0.562664
101.325
95.955
99.1523
0.252795
1
0
0.154868
12
0
i = 4933
6483
2681
2698
2690.07
0.2038
3.17704
9.30537
0.517529
75.23
69.095
73.3145
0.377394
1
0
0.22572
14
1
i = 4934
7200
2682
2700
2690.11
0.116708
2.96965
15.6917
0.53431
116.495
106.45
116.51
0.22172
1
0
0.0454726
15
2
i = 4935
5284
2684
2695
2690.16
0.283168
2.58091
6.15468
0.58341
38.465
37.58
37.8312
0.624712
1
0
0.0594413
8
0
i = 4936
564
2686
2700
2693.51
0.166253
2.80678
10.7446
0.552071
74.91
69.32
74.2295
0.331458
1
0
0.0721367
11
0
i = 4937
2559
2686
2704
2693.69
0.0953965
2.90942
19.0059
0.54
138.75
126.045
138.235
0.183383
1
0
0.0475421
15
2
i = 4938
565
2684
2700
2693.78
0.103909
2.94914
17.6946
0.540051
130.495
117.725
127.409
0.204648
1
0
0.239078
13
0
i = 4939
963
2687
2701
2693.83
0.124356
2.95567
14.7601
0.539024
106.475
99.64
107.382
0.243684
1
0
0.314484
11
1
i = 4940
962
2686
2703
2694.18
0.086
2.98659
21.3573
0.532918
159.86
145.25
159.196
0.163083
1
0
0.24875
14
1
i = 4941
2558
2685
2704
2694.33
0.110562
3.0168
16.6891
0.529768
126.985
120
125.993
0.207792
1
0
0.0410005
16
2
i = 4942
566
2684
2701
2694.46
0.0981038
3.11743
19.2755
0.525383
150.275
142.38
146.711
0.188109
1
0
0.502025
14
0
i = 4943
2557
2686
2702
2694.79
0.111328
3.14489
16.9867
0.52149
131.815
125.785
131.548
0.209588
1
0
0.0204547
13
2
i = 4944
961
2687
2704
2694.99
0.0924655
3.04652
20.0689
0.527926
155.2
143.045
152.479
0.174013
1
0
0.837654
14
1
i = 4945
567
2684
2701
2695.19
0.106518
3.15988
18.1409
0.525941
142.81
133.785
137.088
0.210073
1
0
0.776317
14
0
i = 4946
2556
2685
2702
2695.44
0.136423
2.97744
13.5064
0.536383
99.845
91.185
98.7349
0.264949
1
0
0.0120273
14
2
i = 4947
2555
2688
2705
2695.83
0.111738
2.86422
16.0962
0.544071
114.545
105.405
115.227
0.216177
1
0
0.0330382
14
2
i = 4948
568
2687
2701
2695.98
0.114101
2.9574
16.6379
0.546793
117.02
110.94
115.591
0.238385
1
0
0.218372
11
0
i = 4949
960
2687
2705
2696.05
0.0946166
2.95901
19.3152
0.535002
145.17
128.745
142.883
0.179676
1
0
0.465246
15
1
i = 4950
2554
2685
2705
2696.53
0.132542
3.13271
14.1922
0.520259
112.645
104.715
110.846
0.245247
1
0
0.043989
17
2
i = 4951
959
2688
2705
2696.57
0.0933582
3.03003
19.8174
0.529142
150.82
142.75
149.675
0.175845
1
0
0.270639
14
1
i = 4952
569
2690
2702
2696.78
0.118299
2.73253
15.117
0.565684
99.205
96.245
98.8943
0.251066
1
0
0.22803
9
0
i = 4953
2553
2685
2705
2697.28
0.121365
3.04225
15.2837
0.528431
117.59
110.755
115.548
0.22883
1
0
0.0784555
17
2
i = 4954
958
2690
2704
2697.45
0.0981024
2.89195
18.5033
0.544595
131.04
122.885
131.365
0.19382
1
0
0.208872
11
1
i = 4955
570
2690
2704
2697.47
0.10507
2.69412
16.6312
0.562481
110.125
105.44
110.779
0.212092
1
0
0.100787
11
0
i = 4956
2552
2689
2705
2697.54
0.109363
2.81692
16.3139
0.548885
113.84
106.485
114.372
0.213804
1
0
0.0401325
13
2
i = 4957
571
2690
2708
2698.03
0.103344
2.84139
17.3308
0.546059
122.855
114.32
123.228
0.200427
1
0
0.070934
15
0
i = 4958
2551
2691
2706
2698.08
0.134599
2.93974
13.5664
0.538746
98.365
91.62
98.9303
0.260691
1
0
0.0313757
12
2
i = 4959
957
2690
2709
2698.39
0.100273
3.09578
18.6482
0.523345
145.385
136.77
144.351
0.186628
1
0
0.0502503
16
1
i = 4960
572
2690
2705
2698.76
0.0998839
2.80467
17.8961
0.552507
123.29
115.73
123.258
0.199617
1
0
0.0581709
12
0
i = 4961
2550
2691
2707
2698.96
0.130703
2.9847
14.0563
0.533623
103.76
93.865
104.344
0.249033
1
0
0.0419423
13
2
i = 4962
956
2689
2707
2699.07
0.0936969
3.05129
19.8206
0.527456
151.83
143.96
150.461
0.176114
1
0
0.078639
15
1
i = 4963
573
2691
2707
2699.45
0.0978131
2.88017
18.4469
0.542979
131.72
122.51
132.13
0.189351
1
0
0.0801109
13
0
i = 4964
955
2692
2705
2699.58
0.0848021
2.87732
21.6722
0.551117
150.41
143.32
149.218
0.175182
1
0
0.0894492
10
1
i = 4965
2549
2690
2708
2699.6
0.120601
2.93994
15.1059
0.536813
110.825
101.11
110.904
0.229912
1
0
0.0148705
15
2
i = 4966
574
2693
2706
2700.13
0.0876753
2.69006
19.9954
0.565234
131.28
127.235
131.525
0.180432
1
0
0.180935
10
0
i = 4967
2548
2692
2711
2700.24
0.0921784
2.95167
19.8046
0.53581
147.455
133.475
146.279
0.175472
1
0
0.118231
16
2
i = 4968
954
2692
2708
2700.5
0.0803733
2.99791
22.92
0.53276
170.755
155.9
170.377
0.153207
1
0
0.330641
13
1
i = 4969
575
2692
2711
2700.52
0.086077
2.9904
21.3454
0.532252
160.29
144.34
159.742
0.162689
1
0
0.136322
16
0
i = 4970
2547
2689
2708
2700.69
0.103038
3.07086
18.1096
0.526755
140.77
131.555
137.581
0.194682
1
0
0.138028
16
2
i = 4971
953
2692
2709
2701.4
0.0845515
2.89251
21.3829
0.541654
155.605
141.29
153.931
0.163112
1
0
0.147522
14
1
i = 4972
2546
2691
2708
2701.41
0.118512
2.98508
15.5659
0.535647
115.25
105.42
114.112
0.229773
1
0
0.0173521
14
2
i = 4973
576
2694
2713
2701.46
0.104334
3.08336
17.9138
0.525455
137.065
131.155
137.77
0.196341
1
0
0.0772247
16
0
i = 4974
2545
2690
2710
2701.81
0.112323
2.88871
16.0773
0.541547
118.66
105.615
115.979
0.216014
1
0
0.108124
17
2
i = 4975
952
2694
2709
2702.2
0.0888022
2.95322
20.6328
0.538076
150.245
139.25
150.053
0.172415
1
0
0.0297865
12
1
i = 4976
577
2695
2711
2702.27
0.0979291
2.83941
18.2974
0.54697
128.78
120.38
129.609
0.191102
1
0
0.0371615
13
0
i = 4977
2544
2694
2713
2702.53
0.109833
2.97274
16.6787
0.533803
124.51
112.165
124.094
0.208157
1
0
0.0529322
16
2
i = 4978
578
2691
2711
2702.56
0.103814
3.15798
18.1942
0.518248
145.81
135.63
143.176
0.191442
1
0
0.367507
17
0
i = 4979
951
2695
2709
2702.92
0.0832767
2.84059
21.652
0.550242
151.215
141.055
150.212
0.167051
1
0
0.258722
11
1
i = 4980
2543
2694
2713
2703.11
0.110586
2.99589
16.6276
0.53162
124.765
113.025
124.684
0.208572
1
0
0.0669025
16
2
i = 4981
579
2693
2711
2703.37
0.0984168
3.08899
19.0003
0.524731
147.015
139.015
145.58
0.184646
1
0
0.0517162
15
0
i = 4982
950
2695
2710
2703.59
0.0890428
2.89979
20.4197
0.543594
147.39
135.07
145.303
0.175331
1
0
0.336216
12
1
i = 4983
580
2694
2712
2703.96
0.0988529
3.13676
19.0517
0.520369
149.155
139.73
148.552
0.183488
1
0
0.0963447
15
0
i = 4984
2542
2695
2714
2703.98
0.107798
2.93046
16.8701
0.537497
124.25
111.25
123.781
0.205529
1
0
0.0609595
16
2
i = 4985
2541
2693
2713
2704.41
0.113058
2.84252
15.8421
0.545757
115.55
103.76
112.638
0.218884
1
0
0.164637
17
2
i = 4986
949
2694
2711
2704.57
0.0937333
3.05483
19.9671
0.530668
152.38
144.97
148.95
0.181452
1
0
0.424224
14
1
i = 4987
581
2697
2710
2704.81
0.102492
2.99231
18.5496
0.543615
133.02
124.34
130.753
0.212965
1
0
0.124932
10
0
i = 4988
2540
2697
2713
2705.02
0.103764
2.93573
17.5556
0.53785
128.89
117.62
128.283
0.199012
1
0
0.0590487
13
2
i = 4989
948
2695
2713
2705.4
0.0873945
3.05647
21.2808
0.527422
164.81
153.97
161.417
0.164707
1
0
0.499397
15
1
i = 4990
2539
2694
2714
2705.61
0.112012
3.02853
16.5094
0.529001
126.735
118.48
124.768
0.210563
1
0
0.0676549
17
2
i = 4991
582
2698
2711
2705.67
0.102514
2.83724
17.8041
0.554853
122.835
115.865
120.871
0.213021
1
0
0.106296
10
0
i = 4992
947
2699
2713
2706.37
0.0861313
3.0287
21.62
0.53359
159.38
156.18
159.936
0.168298
1
0
0.376628
11
1
i = 4993
583
2696
2713
2706.52
0.0952812
3.11197
19.8406
0.526049
152.575
146.015
150.592
0.183182
1
0
0.165293
14
0
i = 4994
2538
2694
2714
2706.56
0.108707
2.84104
16.4829
0.546523
118.1
107.535
116.557
0.211578
1
0
0.0320982
17
2
i = 4995
946
2698
2715
2707.08
0.0735757
2.84092
24.3428
0.546201
170.795
161.16
172.534
0.142816
1
0
0.245831
14
1
i = 4996
584
2698
2717
2707.2
0.0820551
3.27272
23.4284
0.508952
193.21
178.59
191.497
0.148468
1
0
0.447084
16
0
i = 4997
2537
2696
2716
2707.21
0.077579
2.9912
23.6846
0.532083
179.52
160.5
177.097
0.14649
1
0
0.119332
17
2
i = 4998
585
2698
2717
2707.63
0.0822693
3.10061
22.7391
0.522625
177.795
166.225
176.28
0.152598
1
0
0.189246
16
0
i = 4999
2536
2696
2715
2707.68
0.1011
3.08086
18.4874
0.525918
143.345
134.825
140.897
0.190741
1
0
0.127387
16
2
i = 5000
945
2701
2714
2707.68
0.07547
2.85821
23.9787
0.549675
166.63
157.895
167.305
0.152296
1
0
0.389989
10
1
i = 5001
2535
2699
2716
2708.19
0.107526
2.95005
16.9798
0.536327
124.345
114.815
124.697
0.205367
1
0
0.044662
14
2
i = 5002
586
2699
2716
2708.31
0.0879797
2.90694
20.5998
0.540269
149.275
138
149.076
0.16925
1
0
0.371806
14
0
i = 5003
944
2700
2719
2708.63
0.0830346
2.98137
22.093
0.533006
164.545
149.53
164.86
0.15711
1
0
0.100238
16
1
i = 5004
2534
2700
2720
2708.92
0.107941
2.91922
16.8154
0.538523
124.6
110.165
122.955
0.206185
1
0
0.13974
17
2
i = 5005
587
2694
2718
2708.98
0.10236
3.33239
18.9535
0.504426
163.465
144.615
157.505
0.183631
1
0
0.525175
21
0
i = 5006
943
2701
2719
2709.36
0.0900408
3.02928
20.5414
0.528999
154.955
149.155
155.529
0.169328
1
0
0.205924
15
1
i = 5007
2533
2701
2719
2709.46
0.113373
2.97374
16.1615
0.533781
121.645
108.21
120.184
0.214948
1
0
0.124019
15
2
i = 5008
588
2696
2721
2709.48
0.108043
3.33194
17.9466
0.503986
154.49
137.945
149.819
0.19304
1
0
0.525357
22
0
i = 5009
589
2700
2720
2710.2
0.109468
3.13906
17.1937
0.519329
136.775
127.25
135.048
0.201657
1
0
0.169659
17
0
i = 5010
2532
2701
2721
2710.28
0.126025
3.11632
14.8814
0.521272
116.625
109.63
116.094
0.233102
1
0
0.070762
17
2
i = 5011
942
2702
2719
2710.49
0.090864
2.94268
20.0615
0.536719
146.99
134.425
147.359
0.17336
1
0
0.121248
14
1
i = 5012
2531
2701
2718
2710.79
0.128656
2.95483
14.2186
0.536663
104.775
95.29
104.1
0.247111
1
0
0.0913707
14
2
i = 5013
590
2700
2718
2710.99
0.112561
2.87193
16.0216
0.544316
116.72
105.055
114.024
0.219229
1
0
0.339799
15
0
i = 5014
941
2704
2717
2711.18
0.0913323
2.96584
20.3478
0.542459
145.44
138.58
145.146
0.185269
1
0
0.43845
10
1
i = 5015
2530
2704
2720
2711.4
0.134488
3.04873
13.8214
0.52869
104.575
100.145
104.733
0.255057
1
0
0.0773447
13
2
i = 5016
2529
2704
2719
2712.01
0.119513
3.04245
15.5672
0.530501
116.43
113.35
116.525
0.229327
1
0
0.0292446
12
2
i = 5017
591
2703
2719
2712.18
0.104629
2.83616
17.1344
0.547981
121.685
111.805
120.246
0.20547
1
0
0.100385
13
0
i = 5018
940
2704
2720
2712.23
0.0858449
3.03326
21.5826
0.529617
162.885
156.19
162.464
0.162635
1
0
0.224947
13
1
i = 5019
592
2703
2719
2712.83
0.0808853
3.06752
23.2727
0.530865
178.895
168.535
173.211
0.157986
1
0
0.640104
13
0
i = 5020
2528
2704
2720
2712.86
0.0724018
3.04499
25.6777
0.529416
192.94
185.205
193.006
0.137868
1
0
0.0462445
13
2
i = 5021
939
2705
2723
2713.04
0.0733795
3.091
25.4727
0.524063
198.15
186.605
196.609
0.137043
1
0
0.289692
15
1
i = 5022
593
2703
2721
2713.15
0.0848982
3.02724
21.7888
0.529557
165.34
157.67
164.084
0.160222
1
0
0.104094
15
0
i = 5023
2527
2702
2720
2713.32
0.103843
2.96504
17.6887
0.537021
131.98
119.205
129.086
0.201275
1
0
0.19147
15
2
i = 5024
938
2705
2722
2713.66
0.08579
3.1116
21.8607
0.522431
170.37
159.58
169.266
0.159824
1
0
0.347318
14
1
i = 5025
594
2706
2720
2713.87
0.104935
2.75776
16.8944
0.557409
114.295
107.84
114.31
0.211853
1
0
0.142999
11
0
i = 5026
2526
2706
2721
2714.11
0.113074
2.71318
15.4924
0.559668
104.27
98.76
104.352
0.225943
1
0
0.0142984
12
2
i = 5027
937
2705
2722
2714.48
0.0977673
3.16702
19.3852
0.518859
154.365
144.305
151.774
0.182143
1
0
0.286818
14
1
i = 5028
2525
2707
2720
2714.54
0.11156
2.72336
15.9054
0.563906
105.09
101.36
104.77
0.232136
1
0
0.0823585
10
2
i = 5029
595
2702
2721
2714.6
0.116742
3.03684
15.9827
0.532186
122.365
115.31
118.558
0.226565
1
0
0.295126
16
0
i = 5030
2524
2706
2722
2715.19
0.116527
3.03191
15.9433
0.531241
119.715
115.53
118.88
0.223678
1
0
0.0729309
13
2
i = 5031
936
2707
2724
2715.32
0.0876142
2.96159
20.8736
0.535062
155.19
139.955
154.315
0.166705
1
0
0.144413
14
1
i = 5032
596
2705
2722
2715.54
0.118768
2.88165
15.2499
0.544836
109.365
100.78
108.077
0.233705
1
0
0.128929
14
0
i = 5033
2523
2708
2724
2715.73
0.11052
3.07231
16.8767
0.526466
128.145
123.01
128.786
0.208445
1
0
0.0338757
13
2
i = 5034
597
2702
2724
2716.15
0.107869
2.97928
17.0094
0.533654
132.215
114.25
126.186
0.204953
1
0
0.397881
19
0
i = 5035
935
2707
2724
2716.16
0.0856954
3.1299
21.9623
0.521295
172.145
162.16
170.544
0.159723
1
0
0.38174
14
1
i = 5036
2522
2705
2724
2716.42
0.109105
2.98568
16.842
0.533405
126.56
114.36
124.956
0.20764
1
0
0.132335
16
2
i = 5037
598
2702
2727
2716.7
0.0972176
3.26938
19.7575
0.508832
170.1
148.815
161.704
0.175422
1
0
0.605645
22
0
i = 5038
934
2706
2727
2716.84
0.0916135
3.15636
20.6004
0.517855
166.765
151.335
162.789
0.168234
1
0
0.326728
18
1
i = 5039
2521
2705
2725
2716.98
0.100481
2.86381
17.8953
0.543943
130.24
116.02
127.93
0.194152
1
0
0.0892977
17
2
i = 5040
599
2710
2725
2717.49
0.0997491
2.94045
18.2993
0.538427
132.7
122.845
133.329
0.192756
1
0
0.175882
12
0
i = 5041
933
2709
2727
2717.6
0.0959441
3.14399
19.6416
0.519393
154.355
145.925
154.163
0.177308
1
0
0.0733336
15
1
i = 5042
2520
2710
2724
2717.62
0.114541
2.77252
15.4996
0.555381
105.965
99.365
105.768
0.229605
1
0
0.0317806
11
2
i = 5043
600
2712
2724
2718.1
0.101691
2.86187
17.9476
0.553472
123.905
119.09
123.698
0.212134
1
0
0.0656916
9
0
i = 5044
2519
2710
2729
2718.34
0.105846
2.8312
16.8887
0.546902
119.705
110.51
119.735
0.20542
1
0
0.0940749
16
2
i = 5045
932
2708
2727
2718.63
0.0868278
3.19946
21.9004
0.515047
174.995
165.165
174.406
0.159309
1
0
0.281843
16
1
i = 5046
2518
2710
2729
2718.81
0.105997
3.02298
17.4271
0.529314
132.25
124.645
131.838
0.199153
1
0
0.010509
16
2
i = 5047
601
2711
2727
2718.93
0.0985048
3.039
18.8256
0.529092
141.695
136.035
142.138
0.186404
1
0
0.0899714
13
0
i = 5048
931
2710
2730
2719.45
0.0914618
3.06061
20.3198
0.525933
156.445
147.795
155.729
0.170619
1
0
0.0935408
17
1
i = 5049
602
2713
2727
2719.74
0.111327
2.87707
16.2486
0.545577
114.335
107.015
115.444
0.219737
1
0
0.170694
11
0
i = 5050
2517
2711
2730
2719.77
0.140741
3.30938
13.7401
0.506384
114.06
104.455
113.518
0.253815
1
0
0.0736944
16
2
i = 5051
2516
2711
2729
2720.39
0.117189
3.06354
15.8709
0.525999
120.735
116.035
121.323
0.219083
1
0
0.026633
15
2
i = 5052
930
2713
2734
2720.44
0.082951
3.05538
22.4255
0.527754
175.71
161.675
170.975
0.156678
1
0
0.781931
18
1
i = 5053
603
2711
2730
2720.47
0.0930113
3.04903
19.9441
0.52698
152.525
144.63
152.128
0.173907
1
0
0.0737074
16
0
i = 5054
929
2711
2733
2720.88
0.0696735
3.15103
27.0648
0.518305
218.435
198.265
213.647
0.128066
1
0
0.428119
19
1
i = 5055
2515
2712
2728
2720.9
0.0738883
3.0146
25.0316
0.531976
186.59
178.91
186.348
0.141286
1
0
0.0203624
13
2
i = 5056
604
2713
2730
2720.98
0.0789305
2.99617
23.3113
0.532193
174.09
155.87
174.309
0.149597
1
0
0.0643229
14
0
i = 5057
928
2713
2728
2721.54
0.0832554
3.04861
22.4517
0.531381
167.92
162.975
167.066
0.161547
1
0
0.0341477
12
1
i = 5058
2514
2714
2730
2721.63
0.116033
2.95069
15.7434
0.536674
115.525
104.935
115.686
0.222329
1
0
0.130935
13
2
i = 5059
605
2714
2728
2721.73
0.0922422
2.83413
19.4919
0.550182
135.62
126.82
135.408
0.184198
1
0
0.0586706
11
0
i = 5060
2513
2713
2729
2722.2
0.115024
3.08996
16.3226
0.526721
124.35
120.01
123.75
0.219637
1
0
0.00297961
13
2
i = 5061
606
2712
2729
2722.61
0.0897147
2.96199
20.5092
0.538287
150.835
138.125
148.767
0.175438
1
0
0.188252
14
0
i = 5062
927
2714
2729
2722.62
0.0855448
2.97517
21.5663
0.537446
157.47
145.645
156.888
0.167392
1
0
0.0825363
12
1
i = 5063
2512
2713
2729
2722.97
0.0997695
3.00633
18.6827
0.536295
137.855
133.305
136.208
0.196936
1
0
0.0434036
13
2
i = 5064
607
2708
2732
2723.22
0.091056
3.16007
20.745
0.517861
170.125
153.635
163.623
0.167551
1
0
0.381446
21
0
i = 5065
926
2712
2738
2723.49
0.0869388
3.10258
21.5216
0.522274
172.915
157.645
167.365
0.160962
1
0
0.220122
23
1
i = 5066
2511
2714
2733
2723.64
0.111368
2.99297
16.5024
0.531856
124.355
110.97
123.582
0.21011
1
0
0.0303144
16
2
i = 5067
608
2715
2732
2723.96
0.107227
3.19001
17.7207
0.516438
141.23
130.88
140.241
0.198091
1
0
0.207344
14
0
i = 5068
2507
2709
2737
2723.99
0.0602806
4.54142
37.562
0.431914
421.935
409.73
426.222
0.0924624
1
0
4.77267
25
2
i = 5069
2510
2715
2733
2724.04
0.123393
2.95138
14.7915
0.535684
109.41
99.53
109.147
0.234607
1
0
0.0133505
15
2
i = 5070
610
2711
2734
2724.15
0.0718537
3.93553
29.3691
0.464765
287.14
269.625
287.16
0.119298
1
0
1.64327
20
0
i = 5071
925
2709
2734
2724.24
0.0848541
3.16726
22.2804
0.516994
181.685
166.235
176.594
0.155594
1
0
0.247166
22
1
i = 5072
609
2713
2733
2724.42
0.0958034
3.56597
20.9844
0.488733
185.74
179.22
185.334
0.167837
1
0
0.255013
17
0
i = 5073
611
2713
2733
2724.48
0.0697281
4.19669
31.5686
0.45406
323.72
315.565
322.183
0.116654
1
0
4.66924
17
0
i = 5074
2509
2717
2732
2724.6
0.0912217
2.78303
19.446
0.552545
133.74
125.58
134.564
0.179889
1
0
0.0641168
12
2
i = 5075
2506
2708
2735
2724.88
0.0875784
4.46076
25.7236
0.437768
285.24
269.655
283.19
0.138315
1
0
3.75403
24
2
i = 5076
923
2708
2736
2724.9
0.0617478
3.93684
34.1429
0.463918
339.19
311.27
335.762
0.101749
1
0
1.8795
25
1
i = 5077
922
2713
2740
2724.92
0.0659874
4.34281
33.5611
0.441819
364.08
344.015
364.44
0.103649
1
0
4.24514
24
1
i = 5078
924
2709
2733
2724.93
0.0762152
3.29973
25.3633
0.507804
215.365
193.31
207.547
0.138482
1
0
0.551935
21
1
i = 5079
2508
2713
2734
2724.96
0.0942372
3.27412
20.4039
0.508795
169.435
154.43
166.703
0.170408
1
0
0.206611
18
2
i = 5080
612
2709
2738
2726.05
0.0807334
3.80017
25.6504
0.471964
254.495
225.665
244.028
0.135125
1
0
1.61843
26
0
i = 5081
921
2711
2735
2726.67
0.0946259
3.74258
21.8232
0.478242
214.615
192.025
201.067
0.16364
1
0
3.73968
21
1
i = 5082
2505
2716
2736
2727.29
0.110702
3.00159
16.6272
0.531194
126.35
119.12
124.721
0.208729
1
0
0.0751881
17
2
i = 5083
613
2719
2740
2727.45
0.0968196
3.12996
19.4202
0.520496
155.79
142.95
152.044
0.17924
1
0
0.291688
18
0
i = 5084
2504
2716
2738
2727.75
0.124402
2.99985
14.7895
0.531152
114.285
99.045
111.147
0.234254
1
0
0.211538
19
2
i = 5085
614
2719
2734
2728.01
0.127702
2.9864
14.5482
0.538185
106.3
98.975
105.306
0.25312
1
0
0.117906
12
0
i = 5086
920
2718
2737
2728.2
0.0960686
3.21145
19.8239
0.513818
162.695
148.37
158.76
0.175529
1
0
0.393798
16
1
i = 5087
2503
2717
2735
2728.53
0.124062
2.81814
14.424
0.550472
103.28
93.225
100.195
0.245908
1
0
0.132594
15
2
i = 5088
2502
2718
2737
2728.99
0.122313
3.06279
15.2107
0.526387
118.93
109.585
115.965
0.22932
1
0
0.27459
16
2
i = 5089
919
2720
2736
2729.05
0.0929558
3.035
19.9819
0.530639
149.575
145.09
149.406
0.177836
1
0
0.0681316
13
1
i = 5090
615
2720
2737
2729.07
0.133341
3.19266
14.2588
0.516335
113.3
107.09
112.852
0.24647
1
0
0.255043
14
0
i = 5091
2501
2720
2738
2729.64
0.101835
2.90337
17.7774
0.540148
129.15
117.215
128.928
0.195299
1
0
0.0610843
15
2
i = 5092
616
2721
2740
2729.77
0.100266
2.84538
17.8718
0.545456
127.84
116.075
127.362
0.193979
1
0
0.073342
16
0
i = 5093
617
2721
2741
2730.24
0.0861147
2.97507
21.2776
0.533425
160.025
144.06
158.554
0.162917
1
0
0.215577
17
0
i = 5094
918
2723
2744
2730.32
0.0828593
3.01698
22.3109
0.531161
170.395
159.97
167.944
0.157577
1
0
0.390723
18
1
i = 5095
2500
2723
2740
2730.43
0.111767
3.05575
16.6461
0.527815
126.285
120.875
126.737
0.211254
1
0
0.0757438
14
2
i = 5096
618
2723
2740
2731.31
0.0709432
3.00219
25.9575
0.531535
193.94
186.465
194.43
0.134183
1
0
0.212465
14
0
i = 5097
2499
2721
2739
2731.39
0.0738865
3.03334
25.0724
0.529334
190.62
181.18
188.837
0.139666
1
0
0.0686729
15
2
i = 5098
917
2724
2741
2731.42
0.0651195
3.02764
28.4336
0.530145
214.975
204.54
214.58
0.123535
1
0
0.551783
14
1
i = 5099
916
2723
2742
2731.93
0.0585244
3.09985
31.9634
0.522762
247.81
231.995
247.842
0.108635
1
0
0.185959
16
1
i = 5100
619
2724
2739
2732.1
0.0675193
3.03622
27.5349
0.531151
205.195
200.205
205.519
0.129812
1
0
0.242328
12
0
i = 5101
2498
2720
2740
2732.15
0.0667407
3.11505
28.1259
0.522283
221.81
207.47
217.66
0.124427
1
0
0.230461
17
2
i = 5102
2497
2720
2744
2732.47
0.116909
3.00552
15.7521
0.530639
121.06
112.87
118.657
0.219916
1
0
0.0764521
21
2
i = 5103
620
2725
2740
2732.74
0.0828709
3.10979
22.7021
0.525005
173.71
166.435
173.705
0.157653
1
0
0.0566336
12
0
i = 5104
915
2721
2744
2732.76
0.0758876
3.07244
24.5358
0.524831
191.065
177.76
188.914
0.14119
1
0
0.198537
20
1
i = 5105
2496
2726
2743
2733.24
0.0969134
2.94326
18.8355
0.537605
139.965
126.11
138.281
0.186335
1
0
0.364311
14
2
i = 5106
621
2725
2741
2733.41
0.107012
3.05466
17.3809
0.527996
132.365
126.455
131.545
0.202435
1
0
0.0959656
13
0
i = 5107
914
2726
2757
2733.69
0.109833
2.9838
21.7416
0.556582
267.265
140.59
162.138
0.212171
2
0
0.18329
25
1
i = 5108
2495
2726
2758
2733.78
0.114673
2.80928
15.5374
0.549455
162.035
100.25
109.245
0.224212
2
0
0.0394393
26
2
i = 5109
622
2724
2741
2734.02
0.122593
3.02579
15.1232
0.531196
114.185
109.29
112.869
0.234404
1
0
0.0784458
14
0
i = 5110
913
2729
2740
2735.02
0.107745
2.43598
15.5594
0.596658
92.005
85.97
91.6358
0.237752
1
0
0.144328
8
1
i = 5111
2494
2727
2761
2735.21
0.135646
3.60729
16.6117
0.492831
365.75
141.32
149.048
0.256752
2
0
1.22342
28
2
i = 5112
623
2731
2740
2735.36
0.144162
2.37977
11.7524
0.615495
65.985
63.08
65.928
0.350948
1
0
0.255482
6
0
i = 5113
2492
2727
2758
2735.96
0.0863368
2.9799
21.4865
0.536123
326.25
143.32
160.379
0.168155
2
0
0.0085682
25
2
i = 5114
624
2732
2740
2736.05
0.122723
2.2962
13.8446
0.635909
73.24
73.24
72.691
0.324526
1
0
0.130302
5
0
i = 5115
912
2729
2742
2736.17
0.0768764
2.83453
23.5112
0.55271
162.565
154.475
161.601
0.156744
1
0
0.0853826
10
1
i = 5116
625
2731
2740
2736.26
0.119716
2.28032
14.0512
0.627819
75.31
74.14
73.7868
0.294995
1
0
0.0682955
6
0
i = 5117
911
2728
2742
2736.55
0.0709446
2.79452
25.4014
0.557214
172.665
164.665
171.186
0.146373
1
0
0.142561
11
1
i = 5118
2491
2727
2758
2736.63
0.113024
3.03495
17.4852
0.535458
345.055
123.305
132.966
0.227963
2
0
0.0297356
25
2
i = 5119
2493
2727
2760
2736.86
0.121861
3.53032
28.1901
0.511057
531.46
228.08
249.055
0.20264
2
0
0.0817517
27
2
i = 5120
910
2731
2741
2737.02
0.0880149
2.56921
20.6498
0.593729
123.065
122.245
120.801
0.207295
1
0
0.41121
7
1
i = 5121
626
2728
2752
2737.27
0.137981
3.11737
22.2575
0.530481
302.45
153.87
173.778
0.254182
2
0
0.0773971
18
0
i = 5122
2490
2726
2754
2737.28
0.104447
2.93525
24.7819
0.542934
310.69
161.065
182.33
0.202591
2
0
0.039428
22
2
i = 5123
627
2725
2754
2737.71
0.282333
3.10382
23.0568
1.06584
352.65
144.075
179.383
0.701255
2
0
0.505534
23
0
i = 5124
2489
2730
2754
2737.99
0.225087
2.9799
18.5687
0.593406
251.625
119.22
138.407
0.399187
2
0
0.0654377
18
2
i = 5125
909
2733
2741
2738.01
0.134454
2.05734
12.3902
0.665914
58.38
58.14
56.5726
0.357924
1
0
0.198226
5
1
i = 5126
908
2731
2752
2739.16
0.232978
2.9175
24.7833
0.752047
299.035
151.85
180.982
0.457882
2
0
0.0399336
15
1
i = 5127
2487
2729
2754
2741.52
0.0908895
4.50634
24.8278
0.433999
274.23
267.58
278.832
0.140531
1
0
1.26435
22
2
i = 5128
2488
2729
2756
2741.56
0.124733
5.06574
19.2026
0.409952
235.465
231.425
241.923
0.183128
1
0
2.7198
24
2
i = 5129
628
2730
2755
2741.73
0.104291
5.20416
23.3631
0.406205
295.175
286.065
299.805
0.154003
1
0
2.38807
22
0
i = 5130
2486
2732
2756
2741.77
0.0938362
4.51237
24.2024
0.436123
266.015
258.99
270.349
0.148677
1
0
1.53719
21
2
i = 5131
907
2733
2758
2742.05
0.0828738
4.64286
28.0462
0.432283
312.935
307.505
319.854
0.13265
1
0
4.06141
22
1
i = 5132
629
2729
2758
2742.08
0.10155
5.0957
23.6388
0.408297
295.625
286.56
300.425
0.14793
1
0
2.65677
26
0
i = 5133
630
2731
2759
2742.69
0.112934
5.31227
21.8015
0.401707
281.52
271.77
286.761
0.164464
1
0
2.24468
25
0
i = 5134
906
2730
2754
2742.91
0.0713782
4.10075
30.1534
0.454788
305.68
291.9
308.291
0.115507
1
0
0.553959
21
1
i = 5135
633
2733
2755
2743.43
0.0598153
3.29489
32.2369
0.506861
269.85
246.185
266.032
0.107517
1
0
0.550384
19
0
i = 5136
634
2732
2751
2743.46
0.0544465
2.90063
33.2557
0.540947
240.77
221.665
240.006
0.104935
1
0
0.353465
16
0
i = 5137
632
2732
2755
2743.5
0.077089
3.7729
26.7694
0.473796
254.14
236.395
252.548
0.129645
1
0
0.137147
20
0
i = 5138
631
2728
2754
2743.51
0.108388
4.75635
21.4909
0.424443
250.155
241.86
251.591
0.166656
1
0
1.05658
23
0
i = 5139
905
2727
2753
2743.6
0.0698874
3.89461
30.0594
0.467577
293.965
271.05
290.236
0.117067
1
0
0.226349
23
1
i = 5140
635
2734
2750
2743.7
0.0528345
2.77988
33.6532
0.554483
230.06
217.365
230.279
0.105646
1
0
0.443216
13
0
i = 5141
2485
2733
2755
2743.86
0.113409
4.38999
19.6795
0.441037
210.24
203.41
213.887
0.180054
1
0
1.06425
19
2
i = 5142
2480
2732
2754
2743.92
0.0560302
3.01473
32.9181
0.529847
249.9
234.105
248.576
0.105252
1
0
0.108067
19
2
i = 5143
2481
2732
2753
2743.96
0.0587772
2.98338
31.2182
0.532714
233.72
207.95
232.982
0.111073
1
0
0.010007
18
2
i = 5144
2479
2735
2753
2744.04
0.0523782
2.99517
35.105
0.531806
260.99
239.73
262.779
0.0988983
1
0
0.118367
15
2
i = 5145
2482
2733
2756
2744.08
0.0619983
3.25482
30.9111
0.509928
255.265
235.17
252.094
0.112083
1
0
0.130841
20
2
i = 5146
2483
2733
2756
2744.16
0.0703259
3.74689
29.2424
0.475435
272.62
258.325
274.069
0.118678
1
0
0.140083
20
2
i = 5147
636
2737
2752
2744.25
0.0519506
2.85692
34.6151
0.545795
244.435
229.085
245.76
0.101479
1
0
0.372818
12
0
i = 5148
901
2734
2757
2744.46
0.039562
3.12572
47.4711
0.520355
372.3
350.825
371.836
0.0729855
1
0
0.0625018
20
1
i = 5149
902
2735
2757
2744.46
0.03672
3.09946
50.9329
0.522632
397.685
373.675
395.442
0.0680722
1
0
0.203512
19
1
i = 5150
2484
2732
2756
2744.48
0.112207
4.47573
20.0546
0.435882
219.755
209.525
223.048
0.174799
1
0
0.711523
21
2
i = 5151
2478
2734
2756
2744.64
0.0562584
3.06768
33.071
0.525245
255.555
240.2
254.22
0.104758
1
0
0.03549
19
2
i = 5152
904
2734
2755
2744.72
0.0575235
3.73384
35.7043
0.476683
330.25
312.81
332.299
0.097617
1
0
0.263665
18
1
i = 5153
903
2735
2754
2744.77
0.0416222
3.23004
45.8816
0.512225
369.415
345.055
369.979
0.0757554
1
0
0.209236
16
1
i = 5154
637
2737
2752
2744.93
0.0510656
2.94461
35.7906
0.538348
260.24
236.935
260.337
0.0988613
1
0
0.318189
12
0
i = 5155
900
2734
2752
2745.09
0.041601
3.09043
45.0946
0.526184
345.83
331.485
342.797
0.079097
1
0
0.258944
15
1
i = 5156
2477
2736
2754
2745.31
0.0524115
2.97164
34.9447
0.533906
258.235
236.86
259.446
0.0993519
1
0
0.0658119
15
2
i = 5157
638
2733
2753
2745.47
0.0571564
3.17694
33.21
0.517951
266.535
247.465
260.977
0.106234
1
0
0.428181
17
0
i = 5158
627
2725
2754
2745.55
0.374259
3.4458
19.3753
0.79907
352.65
189.06
165.624
0.748043
2
1
0.505534
23
0
i = 5159
2489
2730
2754
2745.98
0.260676
2.91212
15.7819
0.612392
251.625
122.645
114.659
0.471135
2
1
0.0654377
18
2
i = 5160
2476
2734
2755
2745.98
0.0622299
3.0929
30.0247
0.523282
233.27
218.585
232.107
0.115578
1
0
0.070991
18
2
i = 5161
908
2731
2752
2746.15
0.295886
2.68473
17.9177
0.897043
299.035
139.18
117.863
0.694592
2
1
0.0399336
15
1
i = 5162
899
2735
2754
2746.2
0.0419538
3.13304
44.8816
0.520922
351
333.515
349.037
0.0780856
1
0
0.25953
16
1
i = 5163
639
2735
2754
2746.32
0.0559794
3.03533
33.0991
0.529063
252.43
239.35
249.612
0.105695
1
0
0.142452
16
0
i = 5164
626
2728
2752
2746.34
0.160814
2.8948
18.0115
0.557417
302.45
139.625
125.921
0.328936
2
1
0.0773971
18
0
i = 5165
914
2726
2757
2746.36
0.371562
5.11583
8.46816
0.428916
267.265
123.29
106.026
0.655146
2
1
0.18329
25
1
i = 5166
2490
2726
2754
2746.81
0.156088
3.08061
16.8583
0.534871
310.69
139.495
128.273
0.31118
2
1
0.039428
22
2
i = 5167
2475
2738
2755
2746.87
0.0533624
3.06839
34.8985
0.52603
266.46
252.735
266.446
0.100055
1
0
0.0179941
14
2
i = 5168
640
2738
2755
2747.14
0.0560304
3.0219
32.9866
0.53009
247.415
238.75
247.902
0.105891
1
0
0.243494
14
0
i = 5169
898
2736
2755
2747.27
0.0490052
3.11993
38.346
0.522065
297.63
283.86
296.874
0.09144
1
0
0.0727674
16
1
i = 5170
625
2742
2752
2747.46
0.0898538
2.41467
18.7776
0.604324
108.535
102.315
107.683
0.206707
1
0
0.265165
7
0
i = 5171
909
2743
2751
2747.54
0.141793
2.1104
11.4293
0.655142
56.355
56.355
55.2369
0.369507
1
0
0.106751
5
1
i = 5172
2474
2737
2758
2747.61
0.0706802
3.03101
26.1654
0.528422
199.3
188.575
198.668
0.132415
1
0
0.0325041
18
2
i = 5173
2493
2727
2760
2747.92
0.131174
4.02842
28.2124
0.468494
531.46
291.965
284.321
0.210229
2
1
0.0817517
27
2
i = 5174
641
2740
2759
2747.95
0.0757009
3.05245
24.5362
0.527314
187.615
176.585
187.177
0.142213
1
0
0.131242
16
0
i = 5175
624
2742
2753
2748.17
0.0624427
2.71566
28.9125
0.572109
186.41
184.505
184.757
0.137809
1
0
0.640181
8
0
i = 5176
2491
2727
2758
2748.29
0.0710591
3.03149
27.7971
0.535721
345.055
212.975
210.986
0.143363
2
1
0.0297356
25
2
i = 5177
2473
2740
2756
2748.42
0.114004
3.06185
16.3353
0.527424
123.405
119.355
123.892
0.215495
1
0
0.0419728
13
2
i = 5178
897
2741
2761
2748.63
0.0749919
3.22527
25.505
0.514088
207.39
191.585
204.997
0.138376
1
0
0.33642
17
1
i = 5179
642
2737
2756
2748.74
0.0999499
3.00524
18.4614
0.532249
143.225
132.42
137.411
0.190532
1
0
0.867092
16
0
i = 5180
910
2743
2754
2748.92
0.0846339
2.59221
20.5504
0.581393
128.03
123.245
127.66
0.185268
1
0
0.544212
8
1
i = 5181
913
2742
2754
2749
0.152557
2.98908
12.5721
0.547157
88.315
83.775
87.5151
0.325391
1
0
0.148783
9
1
i = 5182
2494
2727
2761
2749.17
0.107192
4.02137
22.0773
0.467882
365.75
221.96
222.016
0.192204
2
1
1.22342
28
2
i = 5183
623
2742
2755
2749.2
0.076419
2.85817
23.7796
0.550896
164.295
158.215
164.468
0.155768
1
0
0.657373
10
0
i = 5184
2492
2727
2758
2749.23
0.0845131
3.00956
22.0574
0.533619
326.25
160.255
165.916
0.163963
2
1
0.0085682
25
2
i = 5185
2472
2740
2758
2749.38
0.129094
2.90368
14.0235
0.540054
101.84
93.285
101.784
0.247431
1
0
0.0223327
15
2
i = 5186
896
2741
2761
2749.62
0.0785652
2.95852
23.2597
0.535034
175.075
154.885
172.304
0.149194
1
0
0.239958
17
1
i = 5187
643
2735
2763
2749.68
0.0888641
3.12943
21.1463
0.520027
181.555
154.135
165.874
0.163816
1
0
1.13864
25
0
i = 5188
2471
2740
2758
2749.78
0.075576
2.9446
24.1265
0.536468
178.035
160.55
177.29
0.144057
1
0
0.0211363
15
2
i = 5189
911
2744
2755
2749.84
0.101282
2.76343
17.8905
0.567222
117.535
113.175
117.058
0.221852
1
0
0.320989
8
1
i = 5190
912
2744
2754
2749.88
0.126327
2.73083
14.9951
0.579876
94.04
94.04
92.3296
0.297151
1
0
0.155656
7
1
i = 5191
895
2741
2757
2750.12
0.0768659
3.00006
24.0226
0.533646
178.4
172.57
177.597
0.147816
1
0
0.0611436
13
1
i = 5192
2495
2726
2758
2750.21
0.296771
3.28697
6.50772
0.509435
162.035
50.005
52.9234
0.543382
2
1
0.0394393
26
2
i = 5193
2470
2738
2761
2750.35
0.110709
3.10577
16.9096
0.522016
134.7
124.11
131.571
0.204882
1
0
0.14593
20
2
i = 5194
644
2744
2761
2750.39
0.0849114
2.83573
21.1551
0.549123
151.685
137.975
149.251
0.168283
1
0
0.580959
14
0
i = 5195
622
2743
2758
2750.49
0.103434
2.77996
17.14
0.552826
118.485
110.495
118.534
0.204042
1
0
0.0825917
12
0
i = 5196
621
2744
2759
2750.74
0.217138
2.62278
7.93036
0.569026
52.685
48.485
51.9182
0.440594
1
0
0.0688693
12
0
i = 5197
645
2744
2758
2750.95
0.107731
2.86451
16.7463
0.546521
117.65
108.76
118.409
0.212663
1
0
0.252248
11
0
i = 5198
2469
2743
2759
2751.1
0.127045
2.95844
14.3955
0.535882
106.105
97.035
105.926
0.242929
1
0
0.0382654
13
2
i = 5199
894
2743
2762
2751.17
0.0929269
2.94703
19.6303
0.53626
145.49
132.185
144.754
0.177078
1
0
0.05031
16
1
i = 5200
646
2744
2759
2751.77
0.115113
2.98458
15.9858
0.534851
118.645
107.365
117.873
0.221575
1
0
0.152196
12
0
i = 5201
2468
2745
2760
2751.94
0.118888
2.98384
15.4885
0.53529
114.44
102.825
114.503
0.229599
1
0
0.151253
12
2
i = 5202
893
2745
2761
2752.2
0.0975174
2.98268
18.8533
0.534436
139.845
127.96
139.922
0.186865
1
0
0.214672
13
1
i = 5203
647
2742
2760
2752.51
0.115184
3.0436
16.1158
0.528663
125.225
116.295
121.634
0.217774
1
0
0.276519
15
0
i = 5204
2467
2741
2761
2752.57
0.144717
3.20576
13.152
0.514483
106.355
98.935
104.988
0.265131
1
0
0.0777346
17
2
i = 5205
892
2743
2761
2752.95
0.0939642
3.26558
20.4636
0.510449
165.665
154.335
165.701
0.17161
1
0
0.132013
15
1
i = 5206
648
2744
2761
2753.31
0.12696
3.23243
15.0822
0.513667
121.565
114.065
120.499
0.234293
1
0
0.0534309
14
0
i = 5207
2466
2741
2761
2753.42
0.141408
3.0977
13.2446
0.524079
104.095
97.185
101.726
0.26513
1
0
0.103589
17
2
i = 5208
891
2743
2762
2753.71
0.0972588
3.02815
19.0138
0.529099
145.525
136.525
143.602
0.18294
1
0
0.101042
16
1
i = 5209
2465
2742
2764
2753.97
0.119604
2.89385
15.1085
0.540789
113.505
98.61
109.542
0.229301
1
0
0.180545
19
2
i = 5210
649
2745
2760
2754.01
0.120044
3.11484
15.8812
0.528431
121.34
117.075
119.103
0.235871
1
0
0.0575445
12
0
i = 5211
890
2743
2763
2754.52
0.0932284
2.95594
19.5936
0.535313
145.585
131.68
144.691
0.177183
1
0
0.0623953
17
1
i = 5212
2464
2746
2764
2754.56
0.109431
2.89225
16.5107
0.54112
119.77
109.2
119.488
0.210158
1
0
0.0430169
15
2
i = 5213
650
2747
2762
2754.62
0.104643
2.94051
17.4443
0.538442
126.61
116.555
127.02
0.202247
1
0
0.0698343
12
0
i = 5214
2463
2746
2763
2755.28
0.126116
3.02452
14.6647
0.530012
110.085
106
110.195
0.238545
1
0
0.00868398
14
2
i = 5215
889
2746
2765
2755.54
0.0986444
3.15762
19.1388
0.517942
154.315
141.665
151.046
0.181398
1
0
0.311411
16
1
i = 5216
651
2749
2764
2755.67
0.120787
2.9765
15.2448
0.536472
113.04
101.94
112.39
0.234597
1
0
0.173364
12
0
i = 5217
2462
2745
2767
2755.96
0.126478
2.93397
14.386
0.537072
109.825
93.96
105.779
0.240803
1
0
0.1781
19
2
i = 5218
652
2747
2765
2756.33
0.12054
3.24703
15.8922
0.51133
130.49
119.895
128.446
0.21966
1
0
0.287593
15
0
i = 5219
888
2747
2767
2756.62
0.0978487
3.14554
19.2556
0.518813
155.74
141.445
151.608
0.180095
1
0
0.465543
17
1
i = 5220
2461
2746
2767
2756.66
0.132577
3.12413
14.1623
0.520505
113
103.54
110.8
0.24468
1
0
0.106263
18
2
i = 5221
653
2749
2765
2756.86
0.120105
3.06404
15.5065
0.527073
118.22
112.315
118.001
0.226629
1
0
0.029066
13
0
i = 5222
2460
2746
2768
2757.32
0.117086
2.94063
15.5576
0.536465
116.855
104.05
114.644
0.22267
1
0
0.11567
19
2
i = 5223
887
2750
2766
2757.43
0.0896092
2.75288
19.679
0.555063
135.975
126.07
135.32
0.176974
1
0
0.0754619
13
1
i = 5224
654
2751
2764
2757.92
0.100669
2.83825
17.9257
0.551691
124.215
115.855
123.915
0.204011
1
0
0.0421282
10
0
i = 5225
2459
2751
2766
2757.94
0.101875
2.82746
17.5659
0.548776
123.26
112.91
123.54
0.200278
1
0
0.0365097
12
2
i = 5226
886
2751
2768
2758.09
0.0831567
2.82638
21.5036
0.548362
153.17
140.78
151.753
0.162829
1
0
0.161946
14
1
i = 5227
2458
2749
2765
2758.7
0.111339
2.98694
16.6194
0.536636
122.775
111.375
121.208
0.217913
1
0
0.0469274
13
2
i = 5228
655
2751
2768
2758.72
0.0990445
3.10166
18.9176
0.523685
145.835
138.16
146.178
0.18548
1
0
0.0945531
14
0
i = 5229
885
2751
2766
2758.98
0.0849812
2.94038
21.493
0.538766
155.26
142.675
156.067
0.164684
1
0
0.180683
12
1
i = 5230
2457
2748
2765
2759.19
0.105084
2.96356
17.6525
0.540846
129.045
119.305
126.417
0.210127
1
0
0.0520893
14
2
i = 5231
656
2752
2767
2759.31
0.104769
2.96927
17.5142
0.53606
129.005
117.91
128.842
0.201898
1
0
0.169167
12
0
i = 5232
884
2751
2767
2759.77
0.0955787
2.97346
19.203
0.53517
141.43
129.305
141.357
0.183289
1
0
0.0977765
13
1
i = 5233
657
2751
2769
2759.91
0.114244
2.99371
16.0908
0.531935
120.815
107.205
120.413
0.215764
1
0
0.0738088
15
0
i = 5234
2456
2753
2769
2760.02
0.116367
2.89904
15.5738
0.541948
112.06
104.08
112.47
0.225917
1
0
0.0594906
13
2
i = 5235
2455
2753
2771
2760.56
0.112431
2.86245
15.9956
0.544418
113.97
105.495
114.475
0.217905
1
0
0.0416333
15
2
i = 5236
883
2753
2768
2760.9
0.0868157
3.07913
21.563
0.527505
163.665
157.3
163.305
0.165831
1
0
0.120496
12
1
i = 5237
658
2752
2770
2760.95
0.106229
3.13338
17.7078
0.520172
139.84
128.31
138.483
0.196478
1
0
0.443959
15
0
i = 5238
2454
2750
2770
2761.21
0.113781
2.97015
16.0917
0.533947
120.94
108.515
119.497
0.215576
1
0
0.0278782
17
2
i = 5239
659
2755
2769
2761.47
0.0960657
2.89419
18.911
0.544562
135.1
125.275
135.125
0.190005
1
0
0.10158
11
0
i = 5240
882
2752
2770
2761.86
0.0750753
3.05319
24.7387
0.527111
189.75
178.975
188.138
0.140852
1
0
0.175017
15
1
i = 5241
2453
2753
2772
2761.98
0.0919773
3.04481
20.1553
0.527394
155.335
144.485
153.564
0.172163
1
0
0.126647
16
2
i = 5242
660
2754
2770
2762.16
0.0789927
2.92102
23.0023
0.539169
167.245
153.795
167.203
0.151842
1
0
0.18742
13
0
i = 5243
2452
2750
2771
2762.17
0.0947898
3.1482
19.8894
0.518794
159.065
147.83
156.333
0.174688
1
0
0.230463
18
2
i = 5244
881
2755
2769
2762.45
0.0674095
3.0451
27.7217
0.532486
206.08
201.625
205.826
0.131737
1
0
0.164961
11
1
i = 5245
661
2753
2769
2762.5
0.069741
2.95059
26.3013
0.538854
193.38
175.81
190.477
0.136098
1
0
0.270429
13
0
i = 5246
2451
2751
2774
2762.61
0.0748277
3.16857
25.2696
0.516812
201.845
188.4
200.633
0.137094
1
0
0.0409674
20
2
i = 5247
662
2750
2770
2763.12
0.0891887
3.21572
21.5065
0.516798
175.22
162.065
169.34
0.167658
1
0
0.491372
17
0
i = 5248
880
2755
2770
2763.16
0.0703573
3.04977
26.4969
0.530216
198.965
193.25
198.403
0.135251
1
0
0.109978
12
1
i = 5249
2450
2755
2774
2764.07
0.107277
3.01891
17.2065
0.529612
129.91
124.23
130.002
0.201597
1
0
0.0147082
16
2
i = 5250
879
2753
2772
2764.25
0.0818428
3.17443
23.1673
0.517754
183.805
173.665
182.308
0.151646
1
0
0.115907
16
1
i = 5251
663
2753
2772
2764.29
0.0907147
3.13003
20.751
0.521297
166.58
153.035
161.106
0.169103
1
0
0.654484
16
0
i = 5252
2449
2753
2774
2764.67
0.123086
3.28302
15.6408
0.507989
130.75
118.805
128.254
0.222049
1
0
0.100445
18
2
i = 5253
664
2754
2773
2765.09
0.0840094
2.94097
21.6957
0.536977
159.465
146.26
159.025
0.160467
1
0
0.168477
16
0
i = 5254
2448
2754
2773
2765.19
0.085714
3.12636
21.9432
0.521443
173.48
162.125
170.32
0.159655
1
0
0.22268
16
2
i = 5255
878
2756
2779
2765.46
0.0732968
3.1049
25.5387
0.522177
204.085
187.175
198.634
0.135764
1
0
0.343394
20
1
i = 5256
665
2757
2772
2765.73
0.105598
3.08913
17.8762
0.529004
135.105
130.62
134.049
0.20551
1
0
0.105152
12
0
i = 5257
2447
2757
2773
2765.75
0.114748
2.984
16.0236
0.534242
119.165
107.205
118.366
0.219692
1
0
0.0160444
13
2
i = 5258
877
2757
2774
2766.19
0.078313
3.02672
23.6219
0.529735
179.185
169.945
177.729
0.147968
1
0
0.381353
14
1
i = 5259
2446
2757
2774
2766.44
0.108846
2.94112
16.7531
0.537347
123.055
111.81
122.49
0.208562
1
0
0.0647297
14
2
i = 5260
666
2758
2775
2766.67
0.102143
3.06426
18.2175
0.526294
139.615
132.59
139.025
0.191501
1
0
0.208109
14
0
i = 5261
876
2760
2773
2766.81
0.0993253
2.84025
18.1637
0.55132
125.3
117.48
125.837
0.200922
1
0
0.521573
10
1
i = 5262
2445
2758
2779
2767.27
0.119543
2.98408
15.3508
0.532615
115.45
103.735
114.757
0.225808
1
0
0.110189
18
2
i = 5263
667
2759
2777
2767.69
0.102659
3.03797
18.0403
0.528141
139.715
129.415
136.969
0.192618
1
0
0.304562
15
0
i = 5264
875
2759
2802
2768.29
0.258437
3.29844
23.6062
4.09012
461.02
164.605
194.893
3.70939
3
0
0.329102
34
1
i = 5265
2442
2760
2778
2769.39
0.0815144
3.02791
22.6824
0.529022
171
163.945
171.452
0.153204
1
0
0.0263337
15
2
i = 5266
874
2762
2777
2769.57
0.0668279
3.14464
28.318
0.52233
218.445
209.28
219.097
0.126688
1
0
0.706972
12
1
i = 5267
873
2759
2777
2769.75
0.0665194
2.9353
27.402
0.538257
200.155
182.17
199.51
0.12799
1
0
0.0109777
15
1
i = 5268
670
2762
2777
2769.75
0.0864947
3.12106
21.7946
0.524171
168.07
160.185
167.282
0.164412
1
0
0.074394
12
0
i = 5269
2441
2760
2778
2769.83
0.0976428
3.08609
19.1246
0.524358
147.885
138.775
146.953
0.182312
1
0
0.0428738
15
2
i = 5270
668
2759
2783
2769.98
0.116423
4.70806
19.8666
0.426055
241.145
212.05
231.839
0.178833
1
0
7.27277
21
0
i = 5271
669
2759
2808
2770.03
0.103829
3.87653
24.435
0.78182
498.11
215.29
237.096
0.361943
2
0
1.49572
43
0
i = 5272
2444
2757
2788
2770.12
0.160067
5.73897
15.9604
0.385909
236.76
213.055
227.311
0.222759
1
0
9.01966
28
2
i = 5273
671
2760
2778
2770.28
0.0966604
3.12668
19.4632
0.521561
151.23
144.29
150.951
0.180257
1
0
0.117897
15
0
i = 5274
872
2762
2778
2770.51
0.0808381
2.97319
22.6906
0.534854
167.02
153.185
167.376
0.154583
1
0
0.20342
13
1
i = 5275
2440
2761
2779
2770.69
0.105785
2.79105
16.7777
0.550804
116.945
107.665
117.078
0.206744
1
0
0.0435861
15
2
i = 5276
2443
2758
2805
2770.72
0.100156
4.04064
29.4901
0.515002
570.725
259.465
298.532
0.173957
2
0
1.82133
41
2
i = 5277
672
2762
2779
2771.16
0.104945
3.13883
17.9606
0.520597
139.025
133.775
139.835
0.195395
1
0
0.295951
14
0
i = 5278
2439
2762
2780
2771.23
0.105267
3.04245
17.6061
0.527742
133.495
127.855
133.757
0.197348
1
0
0.0210504
15
2
i = 5279
871
2764
2778
2771.26
0.0904015
3.07875
20.7831
0.529728
155.82
152.675
156.123
0.175934
1
0
0.192092
11
1
i = 5280
673
2764
2778
2771.77
0.107487
3.0184
17.3457
0.535343
126.825
124.645
127.143
0.211905
1
0
0.301999
11
0
i = 5281
2438
2762
2779
2771.99
0.136347
3.08115
13.7288
0.526679
104.22
99.54
104.198
0.258965
1
0
0.0196575
14
2
i = 5282
870
2765
2779
2772.31
0.0901342
3.03374
20.6735
0.533119
153.185
149.94
153.268
0.175931
1
0
0.103444
11
1
i = 5283
674
2764
2783
2772.58
0.0978674
2.98857
18.7677
0.53239
141.42
127.355
140.373
0.184993
1
0
0.28614
16
0
i = 5284
2437
2763
2783
2772.64
0.123273
3.00183
14.9302
0.531017
113.455
106.35
112.249
0.232125
1
0
0.0387528
17
2
i = 5285
2436
2763
2782
2772.93
0.0667355
2.99289
27.5395
0.53189
206.38
184.15
206.139
0.125935
1
0
0.0168477
16
2
i = 5286
869
2764
2782
2773.04
0.0700058
3.03224
26.4287
0.528595
199.635
191.68
200.208
0.131427
1
0
0.0766091
15
1
i = 5287
675
2762
2782
2773.11
0.0740504
3.04654
25.0421
0.527247
194.58
180.955
190.681
0.138573
1
0
0.495605
17
0
i = 5288
868
2764
2782
2773.64
0.0715036
2.98225
25.663
0.533072
190.49
173.8
191.002
0.135432
1
0
0.267563
15
1
i = 5289
676
2763
2781
2773.73
0.0810013
2.94175
22.5274
0.537662
166.12
150.8
164.385
0.155676
1
0
0.326616
15
0
i = 5290
2435
2765
2784
2773.82
0.103149
2.96653
17.7394
0.534273
133.265
117.875
131.736
0.195552
1
0
0.0794833
16
2
i = 5291
2434
2765
2782
2774.55
0.106625
2.8935
16.9627
0.541724
122.555
112.43
122.026
0.205936
1
0
0.0680964
14
2
i = 5292
677
2763
2783
2774.57
0.0925113
2.95864
19.755
0.535095
150.37
131.75
145.983
0.175777
1
0
0.420061
17
0
i = 5293
867
2764
2784
2774.95
0.0826313
3.12306
22.7222
0.520772
182.35
164.535
177.327
0.152755
1
0
0.753194
17
1
i = 5294
2433
2766
2783
2775.2
0.0936564
2.85882
19.1858
0.54459
136.775
126.85
136.734
0.181374
1
0
0.0627293
14
2
i = 5295
678
2762
2784
2775.37
0.098551
3.19529
19.2771
0.515145
160.215
142.73
153.575
0.180567
1
0
0.847057
19
0
i = 5296
866
2766
2787
2775.85
0.0882587
3.17062
21.4322
0.516718
174.365
157.33
170.181
0.161748
1
0
0.587235
18
1
i = 5297
2432
2767
2783
2775.88
0.103253
2.82891
17.3256
0.548132
121.625
112.125
121.657
0.20211
1
0
0.0161518
13
2
i = 5298
679
2767
2784
2776.11
0.0978447
2.91544
18.5468
0.539348
135.15
123.99
134.743
0.187747
1
0
0.226983
14
0
i = 5299
865
2767
2783
2776.39
0.0967913
3.05946
19.3186
0.529682
145.58
140.745
144.75
0.18629
1
0
0.120591
13
1
i = 5300
2431
2769
2783
2776.53
0.11655
2.92336
15.6748
0.542164
111.995
105.025
112.221
0.229988
1
0
0.083571
11
2
i = 5301
680
2767
2784
2776.82
0.0996967
3.04629
18.6464
0.52905
140.62
134.595
140.375
0.189405
1
0
0.102998
14
0
i = 5302
2430
2769
2786
2777.28
0.106164
2.98737
17.3024
0.53282
128.815
117.545
128.991
0.201246
1
0
0.0106878
14
2
i = 5303
864
2768
2791
2777.43
0.0903647
3.22061
21.099
0.512792
174.425
159.11
170.158
0.164457
1
0
0.328785
20
1
i = 5304
681
2769
2789
2777.62
0.0995753
3.14394
18.923
0.519252
151.775
139.935
148.822
0.183798
1
0
0.400873
17
0
i = 5305
2429
2770
2784
2777.95
0.108804
2.90105
16.777
0.54524
118.95
110.265
118.477
0.217335
1
0
0.036162
11
2
i = 5306
863
2767
2785
2778.29
0.0917393
3.09363
20.4902
0.526559
158.205
150.54
155.416
0.175312
1
0
0.104522
15
1
i = 5307
682
2769
2785
2778.46
0.101985
2.95722
18.0034
0.538189
131.67
121.605
130.718
0.198697
1
0
0.157836
13
0
i = 5308
875
2759
2802
2778.52
2.10945
5.99971
10.0916
2.64537
461.02
161.655
151.695
37.2377
3
1
0.329102
34
1
i = 5309
2428
2771
2785
2778.66
0.11802
2.91539
15.4692
0.543132
110.505
102.925
110.273
0.233654
1
0
0.0287994
11
2
i = 5310
2427
2770
2786
2779.39
0.0999398
2.95418
18.3526
0.538221
133.395
123.88
133.279
0.194411
1
0
0.0356142
13
2
i = 5311
862
2768
2787
2779.4
0.0866219
3.0327
21.384
0.529387
163.35
154.375
161.034
0.163753
1
0
0.0826288
16
1
i = 5312
683
2771
2787
2779.44
0.0991159
3.01183
18.6287
0.531534
138.995
134.47
139.137
0.188507
1
0
0.0634748
13
0
i = 5313
2426
2771
2789
2780.13
0.102553
3.0128
17.9828
0.530275
135.82
129.53
135.36
0.193113
1
0
0.0289944
15
2
i = 5314
684
2770
2795
2780.19
0.0920681
3.43505
21.3864
0.4965
195.075
167.385
183.977
0.162202
1
0
1.10845
22
0
i = 5315
861
2772
2790
2781.27
0.0814016
3.71682
25.2643
0.480146
232.015
220.975
231.286
0.141549
1
0
0.752061
15
1
i = 5316
685
2771
2791
2781.77
0.0851893
3.62293
23.7632
0.484351
214.92
202.225
213.918
0.147341
1
0
0.201889
17
0
i = 5317
2423
2772
2791
2782.18
0.10725
3.14257
17.5634
0.519293
138.105
130.475
137.763
0.197883
1
0
0.0637443
16
2
i = 5318
857
2772
2794
2782.32
0.0572611
3.49341
34.678
0.492363
302.875
279.125
303.178
0.100059
1
0
0.397802
19
1
i = 5319
860
2772
2793
2782.33
0.0574729
3.41653
34.1677
0.497872
290.7
269.51
291.984
0.101552
1
0
0.190981
18
1
i = 5320
2425
2772
2794
2782.34
0.084784
3.69449
24.0903
0.478973
221.445
210.47
222.458
0.144323
1
0
0.242613
19
2
i = 5321
859
2772
2795
2782.4
0.0626561
3.09863
29.8438
0.522623
233.45
219.745
231.743
0.116093
1
0
0.149449
20
1
i = 5322
858
2774
2790
2782.63
0.0775537
3.26182
24.8557
0.512646
198.845
190.105
199.22
0.144099
1
0
0.185721
13
1
i = 5323
2422
2774
2790
2782.76
0.131231
2.97127
13.9803
0.535342
102.91
93.905
102.851
0.251698
1
0
0.0227668
13
2
i = 5324
2424
2774
2794
2782.78
0.0582606
3.42062
33.756
0.498282
289.185
264.355
288.253
0.103533
1
0
0.223817
17
2
i = 5325
687
2774
2795
2782.84
0.0757352
3.08471
24.6392
0.524027
192.595
177.95
190.277
0.140907
1
0
0.307205
18
0
i = 5326
686
2768
2792
2782.84
0.0578941
3.29738
33.3292
0.506967
277.695
253.655
274.318
0.104292
1
0
0.232425
21
0
i = 5327
688
2775
2789
2782.87
0.114161
2.97131
16.1993
0.539302
117.2
108.605
116.947
0.226347
1
0
0.108125
11
0
i = 5328
2418
2770
2793
2782.87
0.0695568
3.9183
30.2586
0.46551
295.59
274.14
295.064
0.115432
1
0
0.115169
20
2
i = 5329
856
2768
2799
2783.22
0.0538547
3.54736
37.1499
0.488433
337.96
314.415
330.33
0.0932467
1
0
0.662649
28
1
i = 5330
689
2775
2791
2783.51
0.116962
3.08204
15.9801
0.525908
121.935
117.28
121.846
0.220767
1
0
0.0694519
13
0
i = 5331
2421
2772
2791
2783.51
0.116288
3.05915
16.0049
0.527369
122.62
116.63
121.388
0.219398
1
0
0.0894297
16
2
i = 5332
2420
2773
2794
2784.05
0.131214
3.06596
14.1756
0.52542
112.655
102.57
108.827
0.244454
1
0
0.21772
18
2
i = 5333
2417
2770
2796
2784.07
0.0453696
3.90948
46.2973
0.465357
456.94
419.585
452.891
0.0748937
1
0
1.54334
23
2
i = 5334
690
2778
2799
2784.7
0.121273
3.02088
15.2994
0.532366
120.375
107.49
114.886
0.233535
1
0
0.704082
18
0
i = 5335
2419
2776
2792
2784.84
0.133825
3.0713
13.9551
0.52728
105.715
101.335
105.735
0.254029
1
0
0.0146488
13
2
i = 5336
693
2774
2796
2785.09
0.043826
3.77334
47.0979
0.473944
442.78
417.86
443.751
0.0738193
1
0
2.54666
19
0
i = 5337
855
2776
2794
2785.09
0.0537759
3.25692
35.6747
0.510518
289.73
272.515
289.403
0.0978169
1
0
0.0840501
15
1
i = 5338
691
2778
2793
2785.32
0.122249
3.21223
15.6662
0.517546
124.39
117.67
123.662
0.230784
1
0
0.141538
12
0
i = 5339
694
2773
2798
2785.61
0.0425585
4.16539
50.9516
0.450974
531.68
504.855
530.443
0.0681518
1
0
8.21052
22
0
i = 5340
692
2774
2793
2785.66
0.0850955
3.32142
22.869
0.507822
191.265
175.195
186.676
0.156437
1
0
0.478804
16
0
i = 5341
854
2777
2793
2786.21
0.045887
3.0146
40.3661
0.532698
300.52
291.24
299.353
0.0882849
1
0
0.176819
13
1
i = 5342
2416
2774
2795
2786.36
0.0533352
3.11208
35.1468
0.521843
274.025
259.18
272.984
0.0988985
1
0
0.0151867
18
2
i = 5343
669
2759
2808
2786.5
0.661138
9.99999
10.585
0.306232
498.11
270.345
259.917
0.720862
2
1
1.49572
43
0
i = 5344
853
2776
2794
2787.05
0.038516
2.96898
47.6581
0.535977
352.795
322.365
349.496
0.0741731
1
0
0.070855
15
1
i = 5345
2443
2758
2805
2787.19
0.270942
7.23158
15.643
0.35684
570.725
307.665
281.199
0.369802
2
1
1.82133
41
2
i = 5346
2415
2777
2795
2787.32
0.0398893
3.03795
46.4711
0.528854
351.19
336.835
350.701
0.0752947
1
0
0.0170636
15
2
i = 5347
695
2774
2802
2787.35
0.053123
3.59876
37.9334
0.484935
361.085
322.33
342.155
0.0913223
1
0
4.05485
25
0
i = 5348
852
2777
2799
2787.88
0.0460107
3.05446
40.3495
0.526378
311.82
289.43
308.83
0.0858585
1
0
0.307088
19
1
i = 5349
2414
2777
2797
2787.88
0.0593142
2.9759
30.8964
0.533368
230.095
206.275
230.04
0.112214
1
0
0.0112282
17
2
i = 5350
696
2778
2797
2788.5
0.0687208
2.98847
26.7279
0.532427
200.985
179.775
199.483
0.12993
1
0
0.165723
16
0
i = 5351
851
2779
2800
2788.74
0.062495
3.16997
30.2648
0.516783
243.88
223.645
240.262
0.114555
1
0
0.557236
18
1
i = 5352
2413
2781
2798
2788.75
0.0866839
2.98876
21.2046
0.533011
158.61
142.16
158.159
0.164715
1
0
0.108715
14
2
i = 5353
2412
2780
2800
2788.79
0.0782511
3.1031
23.919
0.522514
186.725
174.72
185.755
0.145208
1
0
0.0941402
17
2
i = 5354
697
2781
2797
2789.11
0.07867
3.05049
23.6186
0.528162
178.255
172.515
178.836
0.148673
1
0
0.088116
13
0
i = 5355
850
2781
2798
2789.49
0.0703365
3.17344
26.9339
0.517527
211.375
202.285
212.568
0.129987
1
0
0.147362
14
1
i = 5356
2411
2781
2801
2789.87
0.102994
2.95631
17.735
0.535165
132.035
117.925
131.308
0.195548
1
0
0.0187637
17
2
i = 5357
698
2780
2799
2789.91
0.0979924
3.22718
19.4802
0.512479
157.32
147.235
156.895
0.178474
1
0
0.200564
16
0
i = 5358
2410
2781
2798
2790.68
0.11967
3.06998
15.5902
0.52686
119.32
113.685
118.378
0.226188
1
0
0.0566205
14
2
i = 5359
849
2782
2799
2790.75
0.0843173
3.1732
22.469
0.5176
177.36
166.725
177.144
0.155903
1
0
0.0922471
14
1
i = 5360
699
2783
2799
2791.17
0.107601
3.03549
17.2247
0.529409
129.95
124.765
129.786
0.203753
1
0
0.0709448
13
0
i = 5361
2409
2784
2798
2791.54
0.11875
2.9538
15.4745
0.539715
111.48
104.41
111.783
0.233803
1
0
0.10801
11
2
i = 5362
848
2781
2800
2791.71
0.089557
3.23849
21.3673
0.512111
175.075
160.4
172.048
0.163576
1
0
0.281424
16
1
i = 5363
875
2759
2802
2791.87
4.35198
6.02535
8.10875
3.6334
461.02
131.185
115.769
28.0731
3
2
0.329102
34
1
i = 5364
700
2781
2800
2791.93
0.106532
3.09927
17.5685
0.52332
136.65
127.735
135.506
0.19862
1
0
0.0879063
16
0
i = 5365
2408
2785
2803
2792.32
0.123129
3.0346
15.0597
0.529699
113.68
108.885
113.958
0.233641
1
0
0.0822119
15
2
i = 5366
847
2785
2802
2792.69
0.0876367
2.78953
20.2521
0.551235
141.805
130.02
141.279
0.171706
1
0
0.0680052
14
1
i = 5367
701
2781
2802
2792.75
0.115225
3.07878
16.1776
0.524412
126.85
117.835
124.574
0.214372
1
0
0.246601
18
0
i = 5368
2407
2785
2801
2793.08
0.111373
2.89815
16.2489
0.541193
116.835
108.44
117.272
0.214752
1
0
0.0313882
13
2
i = 5369
702
2780
2803
2793.48
0.113437
3.26778
16.9306
0.50909
143.85
128.17
138.291
0.204973
1
0
0.499452
20
0
i = 5370
846
2783
2801
2793.5
0.0954038
3.16747
19.8672
0.518762
156.69
148.72
155.609
0.177643
1
0
0.124316
15
1
i = 5371
2406
2785
2801
2793.7
0.135691
3.09098
13.803
0.525474
105.13
100.83
105.343
0.256472
1
0
0.0357969
13
2
i = 5372
703
2786
2804
2794.21
0.102658
3.18646
18.4896
0.516286
149.95
137.665
146.982
0.189044
1
0
0.466878
15
0
i = 5373
2405
2784
2805
2794.51
0.101875
2.99127
18.0339
0.531915
137.845
121.275
135.15
0.192112
1
0
0.0944519
18
2
i = 5374
845
2786
2804
2794.55
0.0901013
3.128
20.8618
0.520704
162.855
154.875
162.94
0.166914
1
0
0.134812
15
1
i = 5375
704
2787
2802
2794.85
0.10352
2.94509
17.6534
0.53821
128.45
117.87
128.522
0.200236
1
0
0.251574
12
0
i = 5376
2404
2785
2806
2795.17
0.120096
3.01255
15.3522
0.53004
118.4
110.1
115.875
0.225682
1
0
0.083027
18
2
i = 5377
705
2786
2802
2795.55
0.112994
3.25021
17.1728
0.516266
137.255
130.76
135.162
0.215402
1
0
0.277293
13
0
i = 5378
844
2789
2803
2795.64
0.0915787
2.83625
19.6052
0.549209
136.66
128.37
137.539
0.181642
1
0
0.115264
11
1
i = 5379
2403
2787
2804
2795.75
0.120917
3.02188
15.2805
0.529867
115.44
109.53
115.048
0.228085
1
0
0.00851934
14
2
i = 5380
670
2781
2808
2796.44
0.218595
5.85594
11.9327
0.38522
171.34
164.41
169.461
0.312605
1
0
0.546167
24
0
i = 5381
843
2790
2806
2796.5
0.0944143
2.79377
18.8622
0.552621
130.34
122.33
131.237
0.187576
1
0
0.025404
13
1
i = 5382
2402
2787
2805
2796.59
0.117408
3.08486
15.8986
0.5243
122.57
116.095
122.26
0.218958
1
0
0.0112817
15
2
i = 5383
706
2788
2802
2796.71
0.118852
3.04178
16.1138
0.538401
118.785
116.5
115.748
0.243424
1
0
0.268809
11
0
i = 5384
2442
2784
2809
2796.98
0.11714
3.88741
17.8806
0.466674
174.4
159.12
173.932
0.193914
1
0
0.114502
22
2
i = 5385
2401
2789
2804
2797.2
0.121908
3.02335
15.2231
0.532391
113.55
110.115
113.047
0.235102
1
0
0.0178852
12
2
i = 5386
874
2784
2806
2797.24
0.193717
4.79524
12.3093
0.427523
143.045
139.015
141.409
0.311975
1
0
0.0667717
19
1
i = 5387
707
2789
2805
2797.39
0.101523
2.95106
17.9951
0.536657
130.505
121.66
131.914
0.194541
1
0
0.386829
13
0
i = 5388
842
2790
2803
2797.43
0.0942489
2.74806
18.8957
0.561176
126.51
120.915
125.77
0.194929
1
0
0.184787
10
1
i = 5389
2400
2786
2804
2797.92
0.113799
2.90902
16.0559
0.543967
116.235
105.625
113.917
0.226055
1
0
0.0461014
15
2
i = 5390
841
2788
2806
2798.23
0.0858278
2.84788
20.8952
0.545599
149.465
137.44
148.382
0.166485
1
0
0.270868
15
1
i = 5391
708
2788
2807
2798.29
0.106661
3.18096
17.7701
0.516262
140.815
132.935
140.968
0.195794
1
0
0.236408
16
0
i = 5392
2399
2787
2806
2798.64
0.123318
3.02333
15.0055
0.530551
113.325
108.19
112.428
0.23417
1
0
0.0258978
16
2
i = 5393
840
2788
2810
2799.07
0.0983202
3.22375
19.3987
0.512389
160
145.945
156.64
0.178616
1
0
0.221131
19
1
i = 5394
709
2792
2808
2799.21
0.111043
2.95448
16.474
0.536809
121.4
111.095
121.177
0.213491
1
0
0.288851
13
0
i = 5395
2398
2790
2808
2799.43
0.134493
2.93816
13.5408
0.536923
100.47
90.41
99.4043
0.256361
1
0
0.0291306
15
2
i = 5396
710
2791
2808
2799.79
0.120843
3.12279
15.5492
0.52158
121.06
113.685
120.741
0.224889
1
0
0.0792882
14
0
i = 5397
2397
2790
2809
2800.06
0.130571
2.98829
14.065
0.532316
105.1
95.57
105.095
0.246621
1
0
0.00855813
16
2
i = 5398
671
2790
2810
2800.17
0.146861
4.24835
14.9913
0.449821
157.225
149.53
156.486
0.240579
1
0
0.310511
17
0
i = 5399
839
2789
2814
2800.36
0.109541
3.32377
17.6795
0.504607
156.46
134.33
147.266
0.195961
1
0
0.703517
22
1
i = 5400
711
2791
2808
2800.48
0.127664
3.20543
14.9411
0.515966
120.135
112.29
118.266
0.236877
1
0
0.154805
14
0
i = 5401
2396
2793
2809
2800.74
0.118062
2.90482
15.3474
0.540647
110.675
101.53
111.1
0.227531
1
0
0.0107503
13
2
i = 5402
838
2791
2810
2801.12
0.0962631
3.16084
19.6247
0.517793
156.55
145.89
154.828
0.177102
1
0
0.157385
16
1
i = 5403
873
2788
2809
2801.13
0.162232
4.37972
14.0829
0.447543
149.01
143.68
147.387
0.273909
1
0
0.255054
18
1
i = 5404
2395
2790
2808
2801.39
0.123187
3.07199
15.214
0.528627
115.21
111.28
114.459
0.236673
1
0
0.0112623
15
2
i = 5405
712
2793
2810
2801.44
0.113652
3.07075
16.3899
0.52574
125.87
119.28
125.41
0.212859
1
0
0.038112
14
0
i = 5406
2441
2791
2810
2801.67
0.0994815
3.53037
20.1184
0.491521
176.36
170.045
175.588
0.175684
1
0
0.305426
16
2
i = 5407
837
2790
2810
2801.99
0.0778481
3.22414
24.5374
0.513528
199.64
183.88
196.38
0.142854
1
0
0.212239
17
1
i = 5408
2394
2793
2810
2802.17
0.0914297
3.06089
20.3494
0.526869
154.485
148.85
154.754
0.171929
1
0
0.0796111
14
2
i = 5409
713
2794
2808
2802.22
0.0902385
2.92577
20.4116
0.544449
145.405
136.905
144.269
0.18176
1
0
0.0260387
11
0
i = 5410
2393
2791
2813
2802.78
0.078385
3.0583
23.6995
0.52606
182.5
171.585
181.548
0.146194
1
0
0.0211583
19
2
i = 5411
872
2792
2810
2802.8
0.315755
3.67353
6.5433
0.485994
60.42
56.415
58.1618
0.568202
1
0
0.192998
15
1
i = 5412
714
2793
2811
2802.83
0.0744583
3.08214
25.0632
0.524684
193.31
181.955
192.35
0.139101
1
0
0.0555839
15
0
i = 5413
836
2794
2811
2802.94
0.0687716
3.14206
27.4131
0.520141
214.05
201.52
213.934
0.12777
1
0
0.0491782
14
1
i = 5414
715
2793
2812
2803.54
0.079983
3.09032
23.3569
0.523757
179.475
170.475
180.022
0.148932
1
0
0.230518
16
0
i = 5415
2392
2795
2814
2803.6
0.0992378
3.12258
18.9224
0.521019
148.145
139.34
147.748
0.183789
1
0
0.0177718
16
2
i = 5416
835
2789
2811
2803.79
0.0772639
3.10778
24.3131
0.524008
188.22
178.565
186.559
0.145604
1
0
0.145728
19
1
i = 5417
2391
2792
2812
2804.27
0.0997784
2.96116
18.3342
0.535352
136.545
123.625
135.124
0.190267
1
0
0.0337829
17
2
i = 5418
716
2796
2811
2804.45
0.0948401
3.12854
19.9852
0.525048
153.27
147.935
152.336
0.182431
1
0
0.0910837
12
0
i = 5419
834
2793
2813
2804.65
0.085667
3.12237
21.9234
0.521187
173.275
162.09
170.583
0.158866
1
0
0.494198
17
1
i = 5420
717
2795
2814
2805.13
0.109617
3.14103
17.1795
0.519398
135.275
127.925
134.711
0.202262
1
0
0.0893092
16
0
i = 5421
2390
2793
2815
2805.2
0.117757
3.07517
15.8193
0.524643
122.79
115.52
121.792
0.219073
1
0
0.0193532
19
2
i = 5422
833
2795
2814
2805.7
0.0905902
3.07339
20.5672
0.525266
159.66
149.625
157.572
0.169246
1
0
0.206004
16
1
i = 5423
2389
2796
2815
2805.7
0.126088
2.96807
14.515
0.53407
108.395
96.94
107.803
0.238854
1
0
0.0191972
16
2
i = 5424
718
2798
2812
2805.95
0.108998
3.01005
17.1172
0.536642
125.065
122.52
124.706
0.216198
1
0
0.143242
11
0
i = 5425
2388
2796
2814
2806.4
0.112851
3.03671
16.4251
0.529061
124.475
118.915
123.831
0.21324
1
0
0.00406052
15
2
i = 5426
719
2796
2815
2806.71
0.0992656
3.10245
18.8598
0.522871
146.42
138.63
145.788
0.184693
1
0
0.155801
16
0
i = 5427
832
2797
2817
2807.01
0.0806601
3.04705
22.9892
0.527066
176.8
166.695
175.386
0.150758
1
0
0.194345
17
1
i = 5428
2387
2796
2815
2807.07
0.0865805
2.98872
21.2241
0.532766
159.895
143.945
157.996
0.164182
1
0
0.118747
16
2
i = 5429
720
2792
2822
2807.47
0.0963902
3.4095
20.3489
0.498211
187.875
157.575
173.905
0.170236
1
0
0.907142
27
0
i = 5430
831
2799
2817
2807.72
0.0708331
2.96917
25.8457
0.53412
192.45
173.42
191.9
0.134319
1
0
0.143037
15
1
i = 5431
2386
2796
2817
2807.91
0.121196
3.14646
15.55
0.518835
123.955
113.445
122.265
0.223218
1
0
0.131009
18
2
i = 5432
721
2801
2816
2808.19
0.0812666
3.01117
22.7529
0.532727
169.15
164.25
169.585
0.156052
1
0
0.0364604
12
0
i = 5433
830
2799
2818
2808.39
0.071358
3.15091
26.429
0.518489
211.415
195.5
208.186
0.131356
1
0
0.30169
16
1
i = 5434
2385
2797
2817
2808.42
0.0768155
3.04698
24.1452
0.527324
185.735
174.57
183.694
0.143874
1
0
0.0705286
17
2
i = 5435
722
2801
2815
2808.9
0.087193
2.96189
21.1798
0.540183
152.91
141.295
152.373
0.173188
1
0
0.114449
11
0
i = 5436
2384
2800
2820
2809.23
0.106376
3.12422
17.6528
0.52063
138.495
130.735
138.055
0.196539
1
0
0.0422358
17
2
i = 5437
829
2797
2818
2809.51
0.0841571
3.19396
22.5722
0.51535
180.88
168.805
179.627
0.154356
1
0
0.104473
18
1
i = 5438
723
2800
2817
2809.9
0.0941531
3.05606
19.7847
0.52844
149.675
142.81
149.238
0.178949
1
0
0.0699168
14
0
i = 5439
2383
2802
2817
2810.1
0.108613
2.97034
16.9147
0.536456
123.91
114.76
123.802
0.210145
1
0
0.0191082
12
2
i = 5440
828
2802
2819
2810.55
0.0909642
3.13156
20.6844
0.520816
160.165
153.37
161.188
0.168998
1
0
0.0831599
14
1
i = 5441
724
2803
2817
2810.74
0.105174
2.99886
17.6544
0.536742
128.975
119.465
128.763
0.207425
1
0
0.0753746
11
0
i = 5442
2382
2803
2817
2810.98
0.130281
3.0261
14.3741
0.535559
105.865
102.91
105.112
0.258468
1
0
0.0125093
11
2
i = 5443
2381
2803
2819
2811.55
0.0998716
3.07794
18.7035
0.526287
142.305
136.895
142.388
0.188682
1
0
0.0363953
13
2
i = 5444
827
2804
2826
2811.6
0.0805885
3.17755
23.5498
0.517754
191.42
175.335
186.594
0.14958
1
0
0.373823
19
1
i = 5445
725
2804
2818
2811.64
0.0909069
2.78901
19.5942
0.553937
133.75
127.48
134.379
0.181986
1
0
0.399209
11
0
i = 5446
2380
2803
2822
2812.21
0.0898193
3.04433
20.6372
0.527398
157.565
149.83
157.204
0.168085
1
0
0.041581
16
2
i = 5447
726
2801
2822
2812.3
0.0857573
3.04759
21.6246
0.527014
166.48
156.55
164.986
0.160264
1
0
0.276775
18
0
i = 5448
826
2805
2820
2812.35
0.0771146
3.04709
24.125
0.529759
181.895
175.765
181.677
0.147426
1
0
0.194259
12
1
i = 5449
2379
2804
2822
2812.89
0.115343
2.9023
15.6911
0.540148
113.43
102.8
113.923
0.221068
1
0
0.0468248
15
2
i = 5450
727
2805
2822
2813.21
0.0922776
3.22991
20.7208
0.513306
168.14
156.395
166.355
0.169513
1
0
0.433698
14
0
i = 5451
825
2803
2820
2813.27
0.0794333
2.97432
23.1573
0.536121
172.36
156.27
169.57
0.153643
1
0
0.271567
14
1
i = 5452
2378
2806
2822
2813.55
0.0914928
2.93527
19.914
0.538076
144.31
133.725
145.615
0.17576
1
0
0.090023
13
2
i = 5453
728
2805
2826
2813.7
0.0884383
3.18746
21.4535
0.515719
178.46
159.03
171.069
0.162156
1
0
0.983852
18
0
i = 5454
2377
2806
2823
2814.09
0.0895562
2.93751
20.3384
0.537267
147.88
137.33
149.209
0.171122
1
0
0.0771664
14
2
i = 5455
824
2804
2823
2814.13
0.0786553
3.28063
24.4748
0.508475
203.255
186.61
200.101
0.142316
1
0
0.324323
16
1
i = 5456
729
2805
2824
2814.2
0.101554
3.17168
18.6326
0.516837
148.905
139.53
147.736
0.186403
1
0
0.150576
16
0
i = 5457
823
2804
2828
2814.97
0.0939635
3.32341
20.6095
0.504647
175.83
156.945
171.63
0.168121
1
0
0.193121
21
1
i = 5458
2376
2807
2824
2815.01
0.123659
2.9743
14.8236
0.534067
109.455
100.695
110.065
0.235077
1
0
0.0330022
14
2
i = 5459
730
2805
2823
2815.18
0.11263
3.03976
16.4593
0.528529
125.07
119.52
124.413
0.212235
1
0
0.301366
15
0
i = 5460
2375
2804
2824
2815.53
0.132601
3.06942
14.0401
0.525485
108.705
102.13
107.525
0.247644
1
0
0.038182
17
2
i = 5461
822
2807
2823
2815.89
0.0975604
2.95454
18.7567
0.536981
136.905
124.76
137.103
0.187847
1
0
0.047355
13
1
i = 5462
731
2805
2823
2815.9
0.111305
3.01957
16.6294
0.531398
127.25
119.365
124.085
0.212419
1
0
0.428234
15
0
i = 5463
2374
2806
2827
2816.54
0.123252
3.03199
15.0073
0.528336
114.63
107.91
113.987
0.230866
1
0
0.0410476
18
2
i = 5464
821
2805
2826
2817.03
0.0852654
3.00411
21.5952
0.530899
162.905
154.98
162.24
0.160606
1
0
0.0561718
18
1
i = 5465
732
2806
2826
2817.07
0.104836
2.97963
17.492
0.53307
131.68
118.62
130.347
0.19827
1
0
0.0683555
17
0
i = 5466
2373
2807
2827
2817.17
0.113865
2.95583
16.0393
0.535113
118.52
108.215
118.731
0.216037
1
0
0.0287176
17
2
i = 5467
2372
2807
2826
2817.64
0.0985842
2.98795
18.6311
0.53254
140.17
125.435
138.952
0.186512
1
0
0.0517924
16
2
i = 5468
820
2808
2826
2817.78
0.0672036
2.98008
27.297
0.533329
204.295
183.855
202.912
0.1274
1
0
0.49548
15
1
i = 5469
733
2809
2827
2817.8
0.0807938
2.97952
22.6987
0.533193
169.82
152.32
169.098
0.152942
1
0
0.0598926
15
0
i = 5470
2371
2806
2826
2817.89
0.0626204
3.0633
29.7094
0.526256
228.625
214.63
226.679
0.117308
1
0
0.0626354
17
2
i = 5471
734
2809
2827
2818
0.0668826
2.96797
27.366
0.534203
205.44
184.655
203.051
0.126827
1
0
0.336261
15
0
i = 5472
609
2810
2829
2818.05
0.293354
3.14324
6.42637
0.519788
51.61
47.495
50.4526
0.543757
1
0
0.0386952
16
0
i = 5473
919
2809
2824
2818.17
0.278392
3.29618
7.13827
0.516724
56.6
54.88
55.8089
0.545584
1
0
0.0273128
12
1
i = 5474
2506
2809
2825
2818.2
0.229299
3.27924
8.46848
0.512923
68.23
64.955
67.6304
0.431158
1
0
0.0328768
13
2
i = 5475
819
2809
2826
2818.54
0.0680728
2.95497
26.8571
0.536255
199.205
180.215
197.09
0.130313
1
0
0.501337
14
1
i = 5476
735
2806
2829
2818.9
0.07839
3.0877
23.8118
0.523559
188.505
171.765
184.13
0.145517
1
0
0.277099
20
0
i = 5477
2370
2812
2828
2819.23
0.0954978
2.92316
19.0488
0.539492
138.09
127.73
138.714
0.1843
1
0
0.0844355
13
2
i = 5478
818
2812
2826
2819.73
0.0708451
2.82308
25.3243
0.551147
176.02
164.445
175.32
0.141619
1
0
0.0471033
11
1
i = 5479
2369
2811
2827
2819.87
0.0814406
2.91742
22.3197
0.540152
161.02
147.42
161.289
0.157498
1
0
0.0473809
13
2
i = 5480
736
2811
2827
2820.07
0.08386
3.01588
22.0765
0.532243
165.085
159.835
164.081
0.16084
1
0
0.172047
13
0
i = 5481
817
2810
2830
2820.65
0.0855955
3.13087
21.9613
0.520057
176.215
161.11
171.93
0.15795
1
0
0.483608
17
1
i = 5482
737
2813
2826
2820.69
0.0974256
2.79688
18.5727
0.558351
126.585
119.815
124.533
0.203116
1
0
0.165791
10
0
i = 5483
2368
2813
2831
2820.75
0.110427
2.93266
16.4845
0.537864
120.79
109.61
120.843
0.211447
1
0
0.0258278
15
2
i = 5484
2367
2813
2832
2821.4
0.13368
3.02817
13.8325
0.52903
106.05
99.915
104.788
0.251304
1
0
0.0792091
16
2
i = 5485
738
2813
2830
2821.59
0.105794
2.94415
17.2348
0.536594
126.255
115.02
126.625
0.201808
1
0
0.158527
14
0
i = 5486
816
2811
2832
2821.84
0.08449
3.16131
22.3548
0.517451
181.285
164.83
176.925
0.155033
1
0
0.350942
18
1
i = 5487
2366
2812
2831
2822.37
0.125059
3.27411
15.3809
0.509116
126.52
117.385
125.376
0.226772
1
0
0.0709965
16
2
i = 5488
739
2814
2830
2822.67
0.0866964
3.01387
21.3151
0.531639
158.65
153.06
159.011
0.16523
1
0
0.142317
13
0
i = 5489
815
2813
2836
2822.96
0.074535
3.34263
26.0591
0.503307
224.13
198.24
218.14
0.133105
1
0
0.666454
20
1
i = 5490
2365
2812
2831
2823.18
0.0749264
3.00018
24.5762
0.531872
184.77
176.33
183.503
0.14196
1
0
0.0406128
16
2
i = 5491
740
2816
2830
2823.23
0.0929221
3.01457
19.9756
0.534479
146.525
144.24
147.416
0.181439
1
0
0.505551
11
0
i = 5492
814
2814
2833
2823.49
0.0822328
3.15827
22.9608
0.51789
182.355
170.565
181.257
0.151204
1
0
0.175003
16
1
i = 5493
2364
2814
2831
2823.53
0.116145
2.98658
15.8276
0.533528
117.815
107
117.316
0.221378
1
0
0.0170182
14
2
i = 5494
741
2810
2831
2823.8
0.122231
3.19513
15.6003
0.517325
125.03
117.795
122.749
0.228231
1
0
0.619592
18
0
i = 5495
2363
2812
2833
2824.21
0.130368
3.06552
14.2691
0.525663
111.64
103.86
109.282
0.243306
1
0
0.0788296
18
2
i = 5496
813
2817
2831
2824.82
0.100812
2.98128
18.3703
0.538356
134.06
122.84
133.123
0.19947
1
0
0.0738617
11
1
i = 5497
742
2810
2836
2824.82
0.112705
3.37483
17.3148
0.500786
154.415
133.87
146.364
0.200108
1
0
0.705174
23
0
i = 5498
2362
2813
2834
2825.03
0.127185
2.90085
14.2258
0.540207
104.595
94.83
103.267
0.243678
1
0
0.022649
18
2
i = 5499
743
2818
2838
2825.62
0.0877338
2.93862
20.7732
0.537457
153.18
138.89
152.593
0.168018
1
0
0.0656088
17
0
i = 5500
812
2817
2835
2825.83
0.0858192
2.95355
21.2756
0.535497
156.48
141.57
157.144
0.163123
1
0
0.11267
15
1
i = 5501
2361
2818
2835
2825.85
0.0874732
2.92578
20.7839
0.538448
150.95
137.47
151.885
0.167622
1
0
0.0474221
14
2
i = 5502
744
2819
2837
2826.19
0.0989383
2.9253
18.3938
0.539246
133.75
124.16
134.291
0.190802
1
0
0.248858
15
0
i = 5503
2360
2815
2834
2826.35
0.112476
2.97391
16.3021
0.534328
121.36
110.305
120.568
0.214244
1
0
0.0216091
16
2
i = 5504
811
2816
2836
2826.44
0.0826065
3.15323
22.8366
0.518192
182.57
168.875
180.103
0.15187
1
0
0.203503
17
1
i = 5505
745
2815
2837
2826.86
0.099381
3.23179
19.2161
0.51179
160.635
145.055
155.443
0.180377
1
0
0.913826
19
0
i = 5506
2359
2819
2835
2826.91
0.113657
2.96595
16.1123
0.535233
118.33
107.73
118.919
0.217105
1
0
0.0506636
13
2
i = 5507
810
2820
2834
2827.38
0.0887631
2.9893
20.8246
0.536623
151.945
141.95
152.306
0.173893
1
0
0.21662
11
1
i = 5508
746
2816
2837
2827.67
0.0949184
3.10141
19.7105
0.522493
157.855
144.31
152.9
0.175945
1
0
0.539527
18
0
i = 5509
2358
2818
2836
2827.68
0.103536
3.08235
18.0223
0.524558
138.635
131.485
138.431
0.193239
1
0
0.00778841
15
2
i = 5510
2357
2816
2836
2828.3
0.112543
3.20631
16.9378
0.515372
137.285
127.455
134.487
0.207853
1
0
0.0752975
17
2
i = 5511
809
2820
2840
2828.4
0.0791168
3.10525
23.6713
0.522553
183.595
174.755
183.85
0.147036
1
0
0.0594446
17
1
i = 5512
747
2820
2839
2828.49
0.095584
3.06316
19.4571
0.526008
149.76
141.53
149.08
0.178672
1
0
0.0902031
16
0
i = 5513
2356
2820
2838
2829.08
0.102868
3.07753
18.1209
0.524766
140.335
132.415
139.246
0.191813
1
0
0.0397116
15
2
i = 5514
808
2820
2840
2829.14
0.0900787
3.10412
20.7794
0.522316
160.905
153.38
161.471
0.166971
1
0
0.0637805
17
1
i = 5515
748
2818
2838
2829.32
0.103278
3.04901
17.9638
0.52711
137.445
130.445
136.802
0.193312
1
0
0.0400773
17
0
i = 5516
2355
2821
2836
2829.67
0.136523
2.99665
13.5749
0.535896
100.645
91.755
99.2871
0.26704
1
0
0.076193
12
2
i = 5517
807
2823
2836
2830.14
0.102183
2.90642
17.9502
0.546843
126.055
120.885
126.053
0.207461
1
0
0.477099
10
1
i = 5518
749
2822
2839
2830.2
0.116703
3.25547
16.4517
0.511419
134.07
125.165
133.057
0.213784
1
0
0.10721
14
0
i = 5519
2354
2821
2840
2830.63
0.121198
3.20046
15.6835
0.514524
125.48
117.515
125.386
0.221487
1
0
0.0152741
16
2
i = 5520
806
2824
2836
2830.91
0.104026
2.87657
17.8598
0.554846
122.645
117.605
121.162
0.22122
1
0
0.377673
9
1
i = 5521
750
2822
2841
2831.03
0.110882
3.15101
17.0098
0.51854
134.36
126.96
134.019
0.20421
1
0
0.0488325
16
0
i = 5522
2353
2820
2838
2831.46
0.124555
3.10008
15.1348
0.526716
116.4
111.235
114.633
0.239221
1
0
0.0290019
15
2
i = 5523
751
2825
2845
2831.84
0.105922
3.08484
17.7017
0.526828
140.1
126.91
135.724
0.201866
1
0
0.56097
17
0
i = 5524
805
2821
2841
2831.96
0.0844795
3.02067
21.8561
0.529442
166.24
155.965
165.103
0.158689
1
0
0.0294896
17
1
i = 5525
2352
2824
2843
2832.01
0.117754
3.06176
15.797
0.526476
124.01
114.74
120.884
0.22081
1
0
0.232152
16
2
i = 5526
752
2822
2846
2832.51
0.100641
3.35071
19.3215
0.502623
168.535
148.365
162.194
0.179388
1
0
0.506056
21
0
i = 5527
2351
2822
2841
2832.78
0.0945245
2.98015
19.4072
0.533298
145.195
129.89
144.294
0.179157
1
0
0.0265564
16
2
i = 5528
804
2823
2841
2833.01
0.0753409
3.02519
24.54
0.529598
185.78
177.21
184.843
0.142067
1
0
0.0903924
15
1
i = 5529
753
2824
2841
2833.4
0.0873084
3.03235
21.2158
0.529495
161.305
153.355
159.67
0.165165
1
0
0.260551
14
0
i = 5530
2350
2823
2840
2833.57
0.103576
2.93983
17.683
0.539955
127.775
118.6
127.526
0.202696
1
0
0.0320199
14
2
i = 5531
803
2826
2842
2834.13
0.0584229
2.9001
30.9867
0.541026
224.965
205.755
223.74
0.112629
1
0
0.195729
13
1
i = 5532
2349
2823
2844
2834.15
0.0645193
3.03311
28.6742
0.528256
218.96
207.415
217.781
0.120847
1
0
0.0354371
18
2
i = 5533
754
2827
2841
2834.25
0.0693362
2.84823
25.9465
0.548045
181.915
171.265
182.124
0.137224
1
0
0.12798
11
0
i = 5534
2348
2823
2841
2834.61
0.068699
2.95831
26.7645
0.538588
197.235
179.695
193.939
0.134386
1
0
0.185037
15
2
i = 5535
802
2821
2842
2834.66
0.0614522
3.20705
31.0687
0.516079
252.54
232.845
245.74
0.114246
1
0
0.736661
18
1
i = 5536
755
2827
2844
2834.88
0.0640133
3.06915
29.1034
0.52615
222.22
211.28
222.68
0.1202
1
0
0.0700239
14
0
i = 5537
801
2825
2842
2835.48
0.0771516
3.13868
24.6125
0.523877
193.38
182.41
188.362
0.147784
1
0
0.663771
14
1
i = 5538
756
2825
2845
2835.53
0.0812272
3.29789
23.7545
0.506848
199.245
181.445
195.671
0.146209
1
0
0.342354
17
0
i = 5539
2347
2827
2845
2835.63
0.0908336
3.02353
20.3403
0.529391
153.445
145.82
153.723
0.170823
1
0
0.112049
15
2
i = 5540
2346
2829
2845
2836.16
0.121573
3.01983
15.2239
0.531424
114.04
109.775
114.297
0.232083
1
0
0.111232
13
2
i = 5541
800
2827
2844
2836.57
0.10102
3.17935
18.8066
0.518103
147.66
140.83
147.618
0.188251
1
0
0.160479
14
1
i = 5542
757
2825
2845
2836.63
0.108584
3.16459
17.4145
0.51777
139.315
128.755
137.27
0.200138
1
0
0.0903037
17
0
i = 5543
2345
2826
2845
2836.97
0.124449
2.8768
14.4819
0.542733
104.59
93.89
103.981
0.239957
1
0
0.0586905
16
2
i = 5544
758
2828
2845
2837.39
0.1065
3.04827
17.4396
0.528168
132.21
126.685
131.9
0.20104
1
0
0.0468686
14
0
i = 5545
2344
2827
2849
2837.45
0.119308
2.92242
15.2206
0.538134
115.7
101.055
111.48
0.227603
1
0
0.230219
19
2
i = 5546
1599
2828
2847
2837.69
0.0980449
3.23311
19.4868
0.511973
158.64
147.415
157.31
0.178351
1
0
0.275938
16
1
i = 5547
759
2830
2848
2838.26
0.114476
3.16215
16.5148
0.518146
130.9
123.49
130.33
0.211395
1
0
0.128311
15
0
i = 5548
2343
2827
2849
2838.45
0.12974
3.16789
14.5729
0.516885
118.885
107.41
115.627
0.237761
1
0
0.24775
19
2
i = 5549
1598
2831
2850
2838.8
0.0822501
3.20461
23.1631
0.515344
189.495
170.9
185.125
0.151726
1
0
1.11271
16
1
i = 5550
760
2830
2848
2839.11
0.108452
3.10993
17.2791
0.522087
135.325
126.755
134.115
0.201274
1
0
0.202419
15
0
i = 5551
2342
2829
2847
2839.3
0.133395
3.30137
14.513
0.508407
119.22
111.82
118.327
0.243883
1
0
0.0651584
15
2
i = 5552
761
2829
2848
2840.1
0.0798502
3.43396
24.7391
0.498709
212.935
195.055
209.609
0.143423
1
0
0.246074
16
0
i = 5553
2341
2830
2854
2840.38
0.0856463
3.29168
22.5032
0.507105
188.735
172.465
185.584
0.154018
1
0
0.19214
21
2
i = 5554
1597
2831
2852
2841.21
0.0689979
4.006
30.8646
0.460964
305.215
295.885
307.237
0.113871
1
0
1.76172
18
1
i = 5555
762
2830
2853
2841.51
0.0519241
3.67579
39.226
0.479949
357.715
340.86
360.743
0.0884177
1
0
0.449568
20
0
i = 5556
1595
2832
2852
2841.68
0.0586118
3.43126
33.5836
0.497036
286.76
263.215
287.84
0.103555
1
0
0.519245
17
1
i = 5557
2339
2833
2855
2841.73
0.0693692
3.42717
28.3797
0.497842
245.895
221.005
242.94
0.123197
1
0
0.864423
19
2
i = 5558
1596
2831
2853
2841.95
0.0470749
3.89729
44.5714
0.466539
430.6
399.96
433.277
0.0781624
1
0
0.895838
19
1
i = 5559
2338
2834
2851
2842.05
0.116299
2.96893
15.7468
0.534513
116.41
106.795
116.716
0.22122
1
0
0.0137402
14
2
i = 5560
1594
2830
2855
2842.29
0.0776814
3.38359
25.1536
0.500119
215.755
196.87
213.291
0.137724
1
0
0.0878463
22
1
i = 5561
2340
2831
2853
2842.64
0.0413906
3.97801
51.2382
0.462096
502.935
471.945
507.043
0.0682303
1
0
0.771995
19
2
i = 5562
763
2833
2857
2842.65
0.054936
3.79422
37.7077
0.473174
360.475
332.69
357.27
0.0927475
1
0
0.945051
21
0
i = 5563
2337
2832
2851
2842.84
0.101159
2.98517
18.1506
0.532896
135.055
121.985
135.131
0.191644
1
0
0.0421029
16
2
i = 5564
764
2835
2853
2843.02
0.080033
3.25706
23.9949
0.511128
193.565
183.44
194.712
0.146374
1
0
0.402051
15
0
i = 5565
765
2835
2851
2843.27
0.0942624
3.11819
19.942
0.522847
154.41
146.69
153.95
0.176876
1
0
0.288781
13
0
i = 5566
1593
2834
2853
2843.38
0.0876665
3.34963
22.1876
0.503196
185.82
172.17
185.424
0.156955
1
0
0.0621951
16
1
i = 5567
2336
2833
2851
2843.89
0.102476
2.88341
17.63
0.543102
127.265
115.205
126.066
0.198976
1
0
0.0205628
15
2
i = 5568
766
2832
2853
2844.24
0.113881
3.38675
17.1817
0.500679
145.68
134.24
144.798
0.203225
1
0
0.385146
18
0
i = 5569
1592
2834
2853
2844.54
0.0972703
3.21459
19.5943
0.513792
157.09
147.43
156.824
0.177985
1
0
0.0570161
16
1
i = 5570
2335
2837
2852
2844.78
0.110169
2.9184
16.5064
0.540417
118.825
109.495
119.242
0.213629
1
0
0.0391783
12
2
i = 5571
767
2837
2853
2844.95
0.114009
3.07093
16.354
0.526499
123.82
118.355
124.675
0.214917
1
0
0.0977699
13
0
i = 5572
2334
2836
2854
2845.46
0.108877
2.90296
16.6256
0.540135
121.12
110.265
120.619
0.208734
1
0
0.0217549
15
2
i = 5573
1591
2838
2853
2845.49
0.0911158
3.04518
20.4094
0.529873
152.665
148.14
153.519
0.174171
1
0
0.2211
12
1
i = 5574
768
2837
2854
2845.65
0.106969
2.87382
16.8387
0.54299
120.93
110.775
120.851
0.206316
1
0
0.0364182
14
0
i = 5575
2333
2835
2855
2846.01
0.14426
3.24642
13.2721
0.510957
108.54
100.78
107.516
0.261964
1
0
0.0281399
17
2
i = 5576
769
2831
2854
2846.44
0.118482
3.0219
15.6063
0.530348
123.515
111.88
117.097
0.224413
1
0
0.31166
20
0
i = 5577
1590
2839
2854
2846.5
0.100416
3.09677
18.688
0.525888
141.925
137.205
142.693
0.191071
1
0
0.170363
12
1
i = 5578
2332
2839
2856
2847.03
0.128607
3.01161
14.3439
0.530843
107.565
103.415
107.786
0.243155
1
0
0.0268233
14
2
i = 5579
770
2839
2855
2847.43
0.120205
3.3069
16.1448
0.509212
131.885
124.265
131.252
0.221951
1
0
0.113608
13
0
i = 5580
1589
2839
2857
2847.64
0.0924761
3.0858
20.1857
0.524129
156.29
146.64
155.6
0.172301
1
0
0.122571
15
1
i = 5581
2331
2838
2855
2847.67
0.100083
2.81673
17.8278
0.548942
125.475
115.685
124.923
0.195736
1
0
0.01828
14
2
i = 5582
771
2836
2856
2848.21
0.102626
3.27389
18.7738
0.510161
154.67
143.84
152.108
0.187796
1
0
0.185935
17
0
i = 5583
2330
2838
2856
2848.43
0.0921768
2.83141
19.4023
0.547301
137.78
126.805
136.867
0.179491
1
0
0.0279274
15
2
i = 5584
1588
2839
2858
2848.44
0.0840636
3.05543
22.0902
0.526432
167.825
160.71
168.848
0.157019
1
0
0.069008
16
1
i = 5585
772
2840
2858
2849.09
0.106597
3.05168
17.4127
0.526942
133.46
126.475
132.715
0.199537
1
0
0.0640183
15
0
i = 5586
2329
2840
2856
2849.21
0.104471
2.87759
17.2939
0.544322
122.84
115.05
122.95
0.204185
1
0
0.0463762
13
2
i = 5587
1587
2838
2856
2849.51
0.0920127
2.97157
20.0141
0.537095
146.59
135.125
145.891
0.179152
1
0
0.0212019
15
1
i = 5588
773
2840
2861
2849.94
0.107556
3.37093
18.1357
0.501239
158.165
138.945
152.969
0.191346
1
0
0.622724
18
0
i = 5589
2328
2838
2857
2849.99
0.120607
2.97014
15.219
0.535737
114.575
101.44
111.734
0.231951
1
0
0.20027
16
2
i = 5590
1586
2842
2859
2850.56
0.0935352
3.09452
19.9936
0.523794
154.55
146.355
154.062
0.17462
1
0
0.223736
14
1
i = 5591
774
2840
2860
2850.61
0.0974648
3.20376
19.5109
0.514158
161.72
145.28
156.23
0.177873
1
0
0.598833
17
0
i = 5592
2327
2840
2859
2850.61
0.113492
3.063
16.3876
0.52608
127.135
119.065
125.194
0.212256
1
0
0.140237
16
2
i = 5593
1585
2842
2857
2851.4
0.101859
3.09777
18.8341
0.531895
141.72
137.695
138.976
0.204059
1
0
0.340847
12
1
i = 5594
2326
2843
2862
2851.52
0.124445
2.94146
14.6423
0.536605
109.315
97.82
107.813
0.237044
1
0
0.0734999
16
2
i = 5595
775
2839
2860
2851.57
0.111059
3.16555
17.028
0.517646
139.32
125.555
134.309
0.204589
1
0
0.31201
18
0
i = 5596
2325
2843
2861
2852
0.125553
3.06209
14.8091
0.526059
113.64
107.93
113.262
0.234646
1
0
0.0333102
15
2
i = 5597
1584
2846
2859
2852.42
0.100274
2.91449
18.2483
0.545136
128.47
122.955
129.774
0.201702
1
0
0.691829
10
1
i = 5598
776
2844
2860
2852.55
0.113819
3.09434
16.4574
0.524979
126.805
120.28
125.907
0.214624
1
0
0.0554947
13
0
i = 5599
2324
2845
2860
2852.73
0.120891
3.07628
15.4703
0.52754
117.34
112.635
117.249
0.230609
1
0
0.0204461
12
2
i = 5600
1583
2845
2862
2853.36
0.0962196
3.11961
19.5167
0.521783
150.895
144.295
151.614
0.179059
1
0
0.307371
14
1
i = 5601
777
2846
2861
2853.44
0.112288
2.93664
16.2449
0.538756
118.63
108.42
118.248
0.217092
1
0
0.0260167
12
0
i = 5602
2323
2843
2864
2853.6
0.11951
2.96548
15.3064
0.53422
115.97
102.105
113.723
0.22634
1
0
0.124078
18
2
i = 5603
778
2844
2863
2854.01
0.111144
3.1483
16.9626
0.518769
134.475
125.895
133.356
0.204792
1
0
0.152038
16
0
i = 5604
2322
2846
2861
2854.36
0.114576
3.01596
16.1914
0.533375
120.325
116.78
119.71
0.221866
1
0
0.00843908
12
2
i = 5605
1582
2848
2862
2854.41
0.081327
2.95087
22.5912
0.540084
163.055
152.785
164.227
0.160339
1
0
0.206661
11
1
i = 5606
779
2840
2863
2854.91
0.0903219
3.03151
20.489
0.528949
156.6
146.645
154.766
0.170003
1
0
0.0697854
20
0
i = 5607
2321
2847
2865
2855.04
0.0946894
2.9493
19.2744
0.536157
141.95
130.01
142.142
0.180519
1
0
0.00728869
15
2
i = 5608
1581
2846
2863
2855.27
0.0714091
3.0559
26.0368
0.527382
197.48
189.825
197.574
0.134485
1
0
0.0354299
14
1
i = 5609
2320
2846
2865
2855.61
0.0769253
2.95358
23.7332
0.535367
174.545
159.27
175.439
0.146066
1
0
0.02321
16
2
i = 5610
780
2847
2864
2855.72
0.0746719
2.96626
24.5113
0.53466
179.92
164.415
181.322
0.14199
1
0
0.191858
14
0
i = 5611
1580
2847
2863
2856.03
0.0836252
3.10002
22.466
0.525467
172.085
165.64
171.246
0.158873
1
0
0.00297082
13
1
i = 5612
2319
2849
2864
2856.49
0.127548
2.93433
14.2953
0.538946
103.97
95.315
103.959
0.246648
1
0
0.0963161
12
2
i = 5613
781
2847
2864
2856.49
0.104597
3.1125
17.9552
0.523123
138.22
132.99
138.335
0.196129
1
0
0.0675338
14
0
i = 5614
1579
2850
2864
2857.27
0.0928483
3.03427
20.068
0.533028
148.9
145.56
148.871
0.181143
1
0
0.0741323
11
1
i = 5615
2318
2846
2867
2857.38
0.140201
3.10955
13.3614
0.521767
104.975
98.115
103.971
0.25945
1
0
0.0359537
18
2
i = 5616
782
2849
2865
2857.56
0.112104
2.96172
16.3308
0.535888
119.785
110.015
119.987
0.214786
1
0
0.0472006
13
0
i = 5617
2317
2846
2866
2858.06
0.115214
3.0947
16.2355
0.52383
125.75
119.32
124.946
0.215196
1
0
0.0478668
17
2
i = 5618
783
2849
2865
2858.14
0.0946555
3.06299
19.7315
0.528653
150.775
143.59
148.565
0.180944
1
0
0.101659
13
0
i = 5619
1578
2852
2866
2858.45
0.0801294
2.90176
22.7071
0.54397
161.185
151.44
162.628
0.158434
1
0
0.235072
11
1
i = 5620
2316
2847
2866
2858.74
0.105102
3.02675
17.6221
0.530451
133.65
126.485
132.037
0.199805
1
0
0.0352141
16
2
i = 5621
784
2848
2866
2858.93
0.0758968
3.19718
25.1546
0.51757
203.065
186.595
197.618
0.142179
1
0
0.482951
15
0
i = 5622
1577
2852
2866
2859.23
0.0614412
2.85729
29.3292
0.547237
205.71
194.285
206.504
0.121466
1
0
0.310907
11
1
i = 5623
2315
2848
2867
2859.45
0.0569029
2.93803
32.0289
0.537594
235.51
214.575
233.995
0.10906
1
0
0.0601421
16
2
i = 5624
785
2851
2866
2859.78
0.0705819
2.90083
25.8086
0.544196
184.135
169.625
183.068
0.139769
1
0
0.0940278
12
0
i = 5625
1576
2852
2870
2859.95
0.0672153
3.09748
27.842
0.523622
215.125
202.27
215.297
0.125514
1
0
0.0678218
15
1
i = 5626
2314
2849
2868
2860.28
0.0917706
2.86562
19.6044
0.543973
142.08
129.355
140.023
0.177556
1
0
0.101033
16
2
i = 5627
786
2850
2868
2860.61
0.0863461
3.05359
21.5404
0.527999
165.185
155.77
162.929
0.163265
1
0
0.234414
15
0
i = 5628
2313
2853
2868
2861.01
0.115886
2.9981
15.9274
0.534039
117.84
108.605
117.665
0.22331
1
0
0.0083896
12
2
i = 5629
1575
2853
2868
2861.05
0.0887336
3.04225
20.9703
0.530593
156.96
152.565
156.881
0.170381
1
0
0.0771929
12
1
i = 5630
787
2852
2870
2861.33
0.109445
3.02588
16.8878
0.52918
127.345
121.77
127.59
0.205735
1
0
0.0972219
15
0
i = 5631
2312
2852
2869
2861.66
0.119299
3.00566
15.4651
0.53211
115.425
110.46
115.18
0.2272
1
0
0.0412624
14
2
i = 5632
1574
2855
2869
2861.82
0.0982687
2.83636
18.2637
0.549018
126.745
118.94
128.069
0.194614
1
0
0.232333
11
1
i = 5633
788
2855
2870
2862.36
0.128562
2.97255
14.2806
0.535766
105.835
95.81
105.145
0.247615
1
0
0.200077
12
0
i = 5634
2311
2853
2870
2862.44
0.144111
3.05284
12.8994
0.527855
97.535
93.68
97.6613
0.272025
1
0
0.0334328
14
2
i = 5635
1573
2855
2873
2862.77
0.0992907
3.02021
18.6104
0.530235
140.605
133.095
140.387
0.1877
1
0
0.067571
15
1
i = 5636
2310
2852
2874
2863.09
0.133016
3.01898
13.8756
0.52946
107.45
99.76
104.969
0.249667
1
0
0.0657643
19
2
i = 5637
789
2854
2871
2863.15
0.119579
3.09696
15.6529
0.52391
121.255
114.77
120.367
0.223771
1
0
0.269646
14
0
i = 5638
790
2850
2875
2863.79
0.10532
3.0895
17.7281
0.52338
139.45
128.28
137.256
0.195407
1
0
0.0911328
22
0
i = 5639
2309
2854
2872
2863.87
0.125875
3.05653
14.7632
0.526838
112.07
106.54
112.385
0.236064
1
0
0.0139196
15
2
i = 5640
1572
2856
2871
2863.99
0.0869077
2.88722
20.8153
0.543352
148.045
136.055
148.639
0.169471
1
0
0.0876825
12
1
i = 5641
791
2857
2872
2864.56
0.0918007
2.91949
19.8093
0.540222
143.12
131.755
143.337
0.177835
1
0
0.116951
12
0
i = 5642
2308
2855
2872
2864.72
0.0881715
2.99054
20.8734
0.533491
155.225
140.955
154.641
0.168398
1
0
0.126088
14
2
i = 5643
1571
2856
2873
2864.91
0.0831353
2.96461
22.0115
0.534871
162.38
146.155
162.631
0.15821
1
0
0.0288884
14
1
i = 5644
2307
2857
2876
2865.36
0.11311
3.03339
16.3626
0.528605
124.555
118.53
124.158
0.212507
1
0
0.0356878
16
2
i = 5645
792
2859
2872
2865.48
0.0986115
2.81521
18.1889
0.55315
125.165
118.75
125.508
0.199354
1
0
0.0773709
10
0
i = 5646
1570
2858
2876
2865.83
0.100966
2.99263
18.2144
0.532528
137.17
121.785
136.201
0.191512
1
0
0.481875
15
1
i = 5647
2306
2854
2873
2866
0.126033
2.90122
14.3852
0.541713
105.32
94.48
103.343
0.244535
1
0
0.109832
16
2
i = 5648
793
2858
2875
2866.19
0.106799
2.8691
16.8522
0.543461
121.35
111.565
120.837
0.206197
1
0
0.0967762
14
0
i = 5649
1569
2858
2875
2866.55
0.101401
3.11714
18.5115
0.521967
143.72
136.685
143.632
0.188739
1
0
0.307494
14
1
i = 5650
2305
2856
2875
2866.83
0.127998
2.83126
13.9667
0.546954
98.795
90.245
98.7967
0.248523
1
0
0.0250747
16
2
i = 5651
794
2857
2877
2867.11
0.116689
3.27419
16.4745
0.508593
137.97
125.13
134.861
0.210645
1
0
0.203122
17
0
i = 5652
2304
2859
2874
2867.59
0.129221
2.8803
14.0192
0.545283
100.745
92.23
99.1523
0.254994
1
0
0.103765
12
2
i = 5653
1568
2859
2877
2867.59
0.1005
3.22313
18.9902
0.513183
155.4
142.07
152.648
0.183759
1
0
0.350758
15
1
i = 5654
795
2860
2875
2868.15
0.123805
3.16038
15.3602
0.52192
119.935
114.285
118.661
0.235952
1
0
0.119875
12
0
i = 5655
2303
2857
2878
2868.29
0.125646
3.08208
14.8429
0.524067
115.89
108.275
114.51
0.23351
1
0
0.0519328
18
2
i = 5656
1567
2859
2877
2868.87
0.0977515
3.19594
19.4497
0.51563
154.705
144.395
154.435
0.179914
1
0
0.206552
15
1
i = 5657
796
2854
2882
2869.03
0.107284
3.21735
17.7599
0.512872
147.605
133.72
143.221
0.195052
1
0
0.130777
25
0
i = 5658
2302
2858
2877
2869.16
0.110271
2.89007
16.3841
0.541632
117.61
109.24
118.053
0.212383
1
0
0.025597
16
2
i = 5659
797
2858
2876
2869.62
0.11237
2.99241
16.47
0.53583
124.79
111.34
120.54
0.219151
1
0
0.409836
15
0
i = 5660
1566
2862
2876
2869.74
0.0942378
3.05871
19.9343
0.532241
148.68
144.11
147.838
0.185237
1
0
0.153859
11
1
i = 5661
2301
2861
2877
2869.96
0.11859
2.86865
15.1973
0.544622
108.68
98.56
108.031
0.231089
1
0
0.0307534
13
2
i = 5662
798
2863
2876
2870.38
0.0941163
2.83275
19.2557
0.553709
132.545
126.545
131.638
0.193251
1
0
0.0955387
10
0
i = 5663
2300
2859
2880
2870.54
0.0865069
2.93058
21.0215
0.537419
156.285
139.63
154.255
0.164843
1
0
0.112512
18
2
i = 5664
1565
2862
2879
2870.69
0.0889977
3.03313
20.7998
0.528899
156.11
150.065
157.19
0.167587
1
0
0.108943
14
1
i = 5665
799
2862
2881
2870.86
0.0984353
3.04418
18.8316
0.527478
143.805
135.545
143.447
0.184315
1
0
0.0123749
16
0
i = 5666
2299
2863
2882
2871.17
0.107417
2.99657
17.1261
0.531897
130.035
116.31
128.369
0.203137
1
0
0.217931
16
2
i = 5667
1564
2863
2880
2871.41
0.0906685
3.02653
20.3934
0.52944
153.61
147.42
153.911
0.170867
1
0
0.0165244
14
1
i = 5668
2298
2861
2879
2871.92
0.122011
3.00424
15.1305
0.532706
113.105
107.66
112.352
0.233353
1
0
0.00688494
15
2
i = 5669
0
2863
2878
2872.03
0.115728
2.91362
15.8249
0.544159
112.475
106.295
112.105
0.230882
1
0
0.0615214
12
0
i = 5670
1563
2862
2884
2872.98
0.0725907
3.40051
26.9861
0.49894
234.235
207.57
229.724
0.128451
1
0
0.440492
19
1
i = 5671
2297
2865
2881
2873.05
0.11053
3.11059
16.9824
0.523355
130.39
125.775
130.961
0.20742
1
0
0.073629
13
2
i = 5672
1
2861
2888
2873.36
0.0760592
3.38127
25.6813
0.500288
221.435
200.945
217.646
0.134892
1
0
0.153396
24
0
i = 5673
1562
2864
2882
2873.92
0.0508151
3.11164
36.9073
0.522342
284.285
269.075
285.684
0.0946023
1
0
0.314865
15
1
i = 5674
2295
2863
2882
2873.94
0.0603984
3.09131
30.9475
0.523985
239.825
225.735
238.095
0.112746
1
0
0.232444
16
2
i = 5675
2
2863
2888
2874.23
0.0549341
3.24216
34.8181
0.510915
288.435
264.46
282.918
0.0994999
1
0
0.452821
22
0
i = 5676
3
2862
2883
2874.3
0.0638862
3.17379
29.6338
0.516807
237.38
222.255
234.625
0.117369
1
0
0.282422
18
0
i = 5677
1561
2864
2882
2874.32
0.0567294
3.12735
33.1699
0.521567
256.515
246.365
257.22
0.105838
1
0
0.147949
15
1
i = 5678
2296
2862
2885
2874.39
0.04904
3.18793
38.6756
0.515256
310.67
289.93
308.822
0.0895858
1
0
0.0360967
20
2
i = 5679
2294
2865
2882
2874.65
0.10788
2.93853
16.9023
0.537848
123.025
113.335
123.274
0.207258
1
0
0.0763925
14
2
i = 5680
4
2866
2887
2875.19
0.0895983
3.19838
21.207
0.514624
171.43
159.48
169.788
0.163702
1
0
0.119796
18
0
i = 5681
1560
2863
2883
2875.27
0.0855092
3.13203
22.02
0.521094
172.59
163.62
171.112
0.159298
1
0
0.0998783
17
1
i = 5682
2293
2865
2884
2875.45
0.10249
2.95498
17.8198
0.535381
131.635
119.755
131.568
0.194785
1
0
0.00539868
16
2
i = 5683
5
2868
2890
2876.02
0.0981199
3.11857
19.1367
0.521796
152.1
141.58
149.138
0.182524
1
0
0.211237
19
0
i = 5684
2292
2867
2884
2876.15
0.110247
2.96248
16.5956
0.535206
122.595
111.975
122.389
0.21013
1
0
0.0335257
14
2
i = 5685
1559
2870
2883
2876.32
0.0963653
2.92958
19.0508
0.544039
135.465
128.125
136.163
0.193836
1
0
0.289771
10
1
i = 5686
6
2868
2884
2876.71
0.108112
2.963
16.9431
0.53597
124.075
114.215
124.383
0.207438
1
0
0.130527
13
0
i = 5687
2291
2868
2885
2877.01
0.119318
2.99453
15.4163
0.532327
114.76
105.105
114.944
0.226183
1
0
0.102714
14
2
i = 5688
1558
2870
2884
2877.33
0.103888
3.12989
18.2651
0.526167
138.71
135.81
139.025
0.201873
1
0
0.208566
11
1
i = 5689
7
2871
2884
2877.68
0.124694
2.90156
14.6398
0.546211
103.72
97.085
103.463
0.251098
1
0
0.0417055
10
0
i = 5690
2290
2868
2888
2877.78
0.132693
3.05419
13.9909
0.526457
106.63
100.765
106.997
0.247735
1
0
0.0423584
17
2
i = 5691
1557
2869
2887
2878.43
0.101784
3.28236
18.9267
0.50873
156.815
144.735
154.477
0.184738
1
0
0.373028
15
1
i = 5692
8
2871
2885
2878.63
0.118214
3.09243
15.9756
0.529455
120.715
117.61
119.821
0.231331
1
0
0.104913
11
0
i = 5693
2289
2869
2887
2878.8
0.131902
3.1352
14.2714
0.520341
111.415
104.92
111.336
0.244563
1
0
0.0134181
15
2
i = 5694
1556
2869
2890
2879.32
0.0946696
3.30726
20.4072
0.505957
173.83
156.38
168.921
0.169911
1
0
0.442811
18
1
i = 5695
2288
2868
2889
2879.33
0.109967
3.0096
16.7583
0.530321
126.71
120.355
126.28
0.206787
1
0
0.0193852
18
2
i = 5696
9
2869
2886
2879.44
0.0995535
3.15605
19.1255
0.522411
149.905
142.59
147.203
0.190133
1
0
0.473617
14
0
i = 5697
2287
2871
2889
2880.15
0.105011
3.00385
17.5356
0.531054
130.91
126.265
131.608
0.19802
1
0
0.0345316
15
2
i = 5698
10
2871
2886
2880.31
0.103023
2.95372
18.014
0.542412
129.515
121.705
128.137
0.207476
1
0
0.211236
12
0
i = 5699
1555
2871
2892
2880.51
0.0909129
3.30179
21.2355
0.506504
178.37
162.285
175.474
0.163485
1
0
0.29588
18
1
i = 5700
2286
2873
2891
2880.87
0.115859
3.16422
16.3336
0.518405
129.125
120.575
128.892
0.214675
1
0
0.0457533
15
2
i = 5701
11
2872
2887
2881.07
0.108684
2.95732
17.0121
0.54083
122.355
115.675
121.92
0.21649
1
0
0.185902
12
0
i = 5702
1554
2872
2891
2881.27
0.0941411
3.02437
19.6248
0.529114
149.435
141.355
148.527
0.176723
1
0
0.0837804
16
1
i = 5703
12
2873
2891
2881.63
0.115839
2.92878
15.6959
0.537758
113.845
105.76
114.994
0.221114
1
0
0.240265
15
0
i = 5704
2285
2873
2891
2881.71
0.1266
3.00229
14.5418
0.531211
109.79
103.95
109.146
0.23883
1
0
0.0343874
15
2
i = 5705
1553
2874
2889
2882.24
0.0951145
2.94912
19.2523
0.538495
141.12
129.09
139.776
0.18487
1
0
0.0760571
12
1
i = 5706
2284
2872
2891
2882.43
0.128059
3.15732
14.7464
0.518228
118.02
109.335
116.078
0.236026
1
0
0.0983624
16
2
i = 5707
13
2875
2890
2882.82
0.11975
2.94572
15.2617
0.53813
111.31
101.38
111.156
0.231559
1
0
0.105185
12
0
i = 5708
2283
2876
2893
2883.13
0.116296
2.83659
15.403
0.547341
108.985
101.28
109.097
0.227247
1
0
0.0397389
14
2
i = 5709
1552
2875
2892
2883.48
0.0826011
2.96463
22.1515
0.534777
162.95
148.65
163.88
0.157073
1
0
0.474424
14
1
i = 5710
14
2876
2891
2883.72
0.0958912
3.08983
19.5499
0.526498
148.97
143.095
148.759
0.182698
1
0
0.0286104
12
0
i = 5711
2282
2873
2891
2883.96
0.0892714
2.96128
20.5258
0.53641
151.51
135.755
150.341
0.17176
1
0
0.0400736
15
2
i = 5712
1551
2876
2893
2884.15
0.0877563
3.05046
21.1572
0.527507
159.905
154.215
160.938
0.164935
1
0
0.121023
14
1
i = 5713
15
2876
2893
2884.51
0.103516
3.07157
17.9973
0.525671
137.53
131.655
137.719
0.193849
1
0
0.0872844
14
0
i = 5714
2281
2876
2891
2884.73
0.119673
2.91649
15.2606
0.542691
109.335
101.27
108.863
0.236258
1
0
0.0265433
12
2
i = 5715
1550
2876
2897
2885.14
0.099715
3.29283
19.3376
0.507325
162.81
147.82
159.304
0.179764
1
0
0.348965
18
1
i = 5716
16
2876
2892
2885.48
0.109534
2.95728
16.7643
0.538222
122.935
113.455
121.7
0.213473
1
0
0.339967
13
0
i = 5717
2280
2877
2895
2885.7
0.125765
2.98094
14.5858
0.533082
109.16
98.06
108.717
0.238047
1
0
0.0236356
15
2
i = 5718
2279
2875
2893
2886.33
0.109994
3.06151
16.9971
0.529226
130.155
123.745
127.628
0.211136
1
0
0.0835672
15
2
i = 5719
1549
2877
2897
2886.45
0.0803994
3.09033
23.2279
0.523414
180.37
169.88
179.723
0.149279
1
0
0.151415
17
1
i = 5720
17
2878
2900
2886.57
0.0937365
3.08788
19.9203
0.523884
159.235
144.89
153.939
0.174495
1
0
0.545912
19
0
i = 5721
2278
2877
2894
2886.94
0.084528
3.07398
22.1111
0.527109
168.185
160.76
167.584
0.160478
1
0
0.081655
14
2
i = 5722
18
2881
2893
2887.17
0.0923451
2.76122
19.3377
0.561427
129.94
124.87
129.331
0.19294
1
0
0.0901444
9
0
i = 5723
1548
2881
2896
2887.28
0.0814612
2.81416
21.9769
0.551504
150.945
144.83
153.574
0.16243
1
0
0.526236
12
1
i = 5724
19
2881
2894
2887.76
0.103983
2.83151
17.3151
0.551962
120.46
112.42
119.73
0.21031
1
0
0.0778505
10
0
i = 5725
2277
2879
2894
2887.85
0.132302
3.03979
14.1566
0.533264
105.09
102.47
104.43
0.259535
1
0
0.0905359
12
2
i = 5726
1547
2881
2902
2888.44
0.0984866
3.09346
19.0107
0.524663
153.82
138.185
146.68
0.185139
1
0
0.87671
18
1
i = 5727
2276
2880
2895
2888.59
0.117771
2.91245
15.4766
0.542541
110.955
103.11
110.543
0.231642
1
0
0.0349847
12
2
i = 5728
20
2877
2903
2888.74
0.122272
3.43796
16.1085
0.496157
144.315
125.59
138.79
0.215073
1
0
0.356365
23
0
i = 5729
1546
2874
2897
2889.27
0.105625
3.30615
18.34
0.507934
157.625
140.87
149.852
0.192798
1
0
0.628153
20
1
i = 5730
2275
2881
2898
2889.28
0.127957
3.07442
14.5671
0.52547
111.56
106.465
111.622
0.239596
1
0
0.0727184
14
2
i = 5731
21
2880
2898
2889.78
0.121488
3.17847
15.6035
0.5169
124.465
115.54
123.327
0.223934
1
0
0.0998923
15
0
i = 5732
2274
2882
2896
2889.99
0.1282
2.92338
14.3099
0.543589
102.165
94.525
101.628
0.256023
1
0
0.0433853
11
2
i = 5733
1545
2880
2896
2890.33
0.102867
2.89526
17.825
0.54722
125.355
119.555
124.648
0.208161
1
0
0.425418
13
1
i = 5734
22
2880
2898
2890.35
0.123512
3.40234
15.9346
0.50149
135.005
125.005
133.432
0.223814
1
0
0.115465
15
0
i = 5735
2273
2879
2898
2890.64
0.118726
2.81169
15.0138
0.549367
105.785
97.355
105.067
0.232281
1
0
0.0118509
16
2
i = 5736
23
2881
2897
2891.03
0.122524
3.26888
16.0583
0.517416
128.675
121.7
125.386
0.238208
1
0
0.331075
13
0
i = 5737
1544
2884
2898
2891.09
0.0941126
2.78993
18.9011
0.553116
130.105
123.135
130.388
0.187242
1
0
0.112664
11
1
i = 5738
2272
2881
2898
2891.34
0.13112
3.01083
14.1285
0.533316
105.88
101.595
104.494
0.25305
1
0
0.0377676
14
2
i = 5739
24
2883
2899
2891.75
0.11486
2.96589
15.9573
0.535781
117.17
107.28
117.212
0.220411
1
0
0.11618
13
0
i = 5740
1543
2884
2898
2892.1
0.0963042
3.05527
19.6
0.53389
144.97
143.075
144.074
0.191574
1
0
0.102739
11
1
i = 5741
2271
2883
2900
2892.38
0.125354
2.96932
14.6171
0.534827
108.575
98.395
107.877
0.239125
1
0
0.0130911
14
2
i = 5742
2270
2883
2901
2893
0.109141
2.90058
16.5823
0.540572
120.005
110.61
119.981
0.209691
1
0
0.00164515
15
2
i = 5743
25
2886
2907
2893.08
0.108533
3.20539
17.6135
0.516904
142.33
132.55
140.278
0.203053
1
0
0.234723
18
0
i = 5744
1542
2885
2899
2893.33
0.0831574
2.94583
22.2911
0.543422
159.04
150.425
157.984
0.168071
1
0
0.101438
11
1
i = 5745
26
2886
2901
2893.94
0.088181
3.12119
21.3909
0.524385
163.56
156.865
163.891
0.167942
1
0
0.154254
12
0
i = 5746
2269
2882
2902
2893.99
0.0853898
3.06215
21.7855
0.526436
166.84
157.325
166.069
0.160102
1
0
0.0195298
17
2
i = 5747
1541
2884
2904
2894.28
0.0764084
3.24569
25.0495
0.510809
206.13
189.465
203.266
0.138521
1
0
0.257635
17
1
i = 5748
2268
2883
2901
2894.39
0.0981053
2.92768
18.6037
0.540408
135.235
124.645
134.06
0.191318
1
0
0.027451
15
2
i = 5749
27
2886
2905
2894.5
0.0980099
3.12098
19.1558
0.521209
148.695
141.655
149.479
0.181649
1
0
0.0334521
16
0
i = 5750
1540
2886
2903
2894.99
0.0918636
3.10832
20.4093
0.522855
158.445
148.625
157.637
0.171449
1
0
0.0956456
14
1
i = 5751
2267
2887
2904
2895.2
0.11494
2.97355
15.9443
0.534047
117.865
108.22
118.348
0.218372
1
0
0.0683047
14
2
i = 5752
28
2887
2905
2895.6
0.111586
3.36769
17.4936
0.502535
146.815
135.41
146.589
0.200461
1
0
0.197601
15
0
i = 5753
1539
2887
2903
2895.98
0.098754
3.09508
19.0021
0.525718
145.53
137.975
144.737
0.187492
1
0
0.21096
13
1
i = 5754
2266
2886
2904
2895.99
0.130961
3.05752
14.1941
0.526859
109.51
102.57
108.011
0.245782
1
0
0.104196
15
2
i = 5755
29
2889
2904
2896.38
0.11329
3.00075
16.2869
0.533445
120.485
116.665
120.944
0.21754
1
0
0.0890354
12
0
i = 5756
2265
2886
2905
2896.86
0.126465
3.22846
15.1113
0.513052
123.665
113.005
121.19
0.231643
1
0
0.143504
16
2
i = 5757
1538
2888
2909
2897.13
0.0828759
3.0935
22.5466
0.523202
173.8
166.15
174.657
0.15387
1
0
0.48051
18
1
i = 5758
30
2887
2906
2897.19
0.0981411
3.08283
19.0086
0.524219
146.865
138.935
146.357
0.182697
1
0
0.152539
16
0
i = 5759
2264
2887
2907
2897.59
0.0817574
2.96521
22.374
0.53429
165.95
150.33
166.073
0.154903
1
0
0.0192328
17
2
i = 5760
31
2889
2906
2897.9
0.0851014
3.09699
21.9877
0.523708
169.325
159.845
169.328
0.158979
1
0
0.105021
14
0
i = 5761
1537
2891
2907
2898.14
0.0734608
3.02957
25.2397
0.530673
189.17
182.785
190.053
0.140136
1
0
0.520295
13
1
i = 5762
2263
2890
2909
2898.38
0.101318
2.94058
17.9826
0.536734
134.075
120.235
132.354
0.193099
1
0
0.0946265
16
2
i = 5763
32
2887
2907
2898.6
0.0829855
3.11735
22.6122
0.521558
177.325
166.63
175.719
0.153953
1
0
0.137945
17
0
i = 5764
1536
2891
2909
2898.85
0.0684885
3.09668
27.3255
0.523803
213.915
198.53
211.203
0.128032
1
0
0.613178
15
1
i = 5765
2262
2890
2908
2898.93
0.0792166
3.00072
23.2332
0.531322
174.465
164.56
174.254
0.149445
1
0
0.0452637
15
2
i = 5766
33
2892
2906
2899.33
0.0851969
2.92214
21.4178
0.541899
154.065
143.34
153.676
0.167618
1
0
0.0617238
11
0
i = 5767
2261
2889
2910
2899.53
0.118475
3.21911
16.0874
0.512794
130.485
121.09
129.652
0.215451
1
0
0.0168435
18
2
i = 5768
1535
2885
2908
2899.57
0.0819609
3.38144
23.8668
0.501409
206.99
185.44
200.416
0.146819
1
0
0.607958
20
1
i = 5769
34
2890
2908
2900.13
0.100733
2.94605
18.1104
0.536569
133.42
122.26
132.92
0.192332
1
0
0.265984
15
0
i = 5770
2260
2891
2908
2900.26
0.126677
2.93932
14.3871
0.537329
105.97
96.575
105.251
0.242434
1
0
0.0401797
14
2
i = 5771
1534
2892
2907
2900.95
0.087276
3.04377
21.5124
0.533453
159.55
155.215
158.471
0.171875
1
0
0.169611
12
1
i = 5772
2259
2892
2908
2901.16
0.110401
3.02239
16.7965
0.531935
125.125
121.535
124.936
0.211997
1
0
0.042875
13
2
i = 5773
35
2893
2910
2901.53
0.0936582
3.03978
19.7863
0.528317
149.605
142.675
149.912
0.176164
1
0
0.137947
14
0
i = 5774
2258
2894
2911
2901.81
0.0826003
2.95263
22.1135
0.536099
162.965
146.99
163.028
0.1577
1
0
0.0526926
14
2
i = 5775
1533
2895
2908
2902.02
0.0762054
2.77184
23.3782
0.55757
158.165
151.76
158.105
0.155412
1
0
0.237032
10
1
i = 5776
36
2893
2910
2902.1
0.0858347
3.02092
21.5281
0.530139
162.515
155.665
161.777
0.162193
1
0
0.123929
14
0
i = 5777
2257
2893
2911
2902.58
0.127904
3.2029
14.8756
0.514839
118.78
111.68
118.559
0.234681
1
0
0.00527377
15
2
i = 5778
37
2894
2913
2902.82
0.0961962
3.00636
19.1494
0.530757
148.105
136.62
144.085
0.18121
1
0
0.449738
16
0
i = 5779
1532
2895
2910
2902.82
0.0816787
2.8786
22.1057
0.543925
157.17
145.4
157.637
0.159193
1
0
0.14671
12
1
i = 5780
2256
2896
2910
2903.55
0.124683
2.93187
14.6776
0.541507
105.33
98.18
105.324
0.245947
1
0
0.0464755
11
2
i = 5781
38
2895
2914
2904.01
0.111665
3.17417
16.953
0.51668
135.585
126.42
134.528
0.204963
1
0
0.133739
16
0
i = 5782
1531
2894
2916
2904.27
0.0899999
3.4061
21.7849
0.498585
190.115
170.305
185.769
0.159202
1
0
0.309554
19
1
i = 5783
2255
2896
2917
2904.6
0.117165
3.03121
15.7885
0.528665
122.515
113.29
119.804
0.219967
1
0
0.152838
18
2
i = 5784
39
2895
2913
2905.16
0.0889011
3.17716
21.333
0.517438
169.79
159.9
168.099
0.164518
1
0
0.246373
15
0
i = 5785
1530
2894
2918
2905.46
0.0605754
3.26845
31.7032
0.508855
267.64
240.425
259.679
0.109274
1
0
0.559835
21
1
i = 5786
2253
2895
2917
2905.73
0.0572938
3.176
33.042
0.516221
262.975
245.885
262.912
0.104859
1
0
0.0418888
19
2
i = 5787
2254
2896
2915
2905.92
0.0695688
3.19532
27.3022
0.514981
217.185
203.715
217.792
0.127286
1
0
0.0238814
16
2
i = 5788
40
2894
2915
2905.93
0.06025
3.19338
31.5138
0.515068
255.35
234.29
251.353
0.110205
1
0
0.214158
18
0
i = 5789
1529
2897
2916
2906.07
0.0579044
3.0721
32.1587
0.525055
246.705
235.22
247.17
0.107911
1
0
0.505078
16
1
i = 5790
41
2899
2914
2906.36
0.0726401
3.01114
25.4484
0.532612
188.275
183.375
189.585
0.139347
1
0
0.271946
12
0
i = 5791
2252
2897
2915
2906.52
0.11527
2.98184
15.9172
0.533061
117.955
107.855
118.501
0.218257
1
0
0.0248721
15
2
i = 5792
1528
2899
2917
2906.98
0.0867755
3.18939
21.8925
0.516306
173.02
161.12
174.118
0.16008
1
0
0.496386
15
1
i = 5793
42
2900
2914
2907.03
0.10482
3.06831
17.8804
0.53034
134.345
130.86
134.231
0.203836
1
0
0.105894
11
0
i = 5794
2251
2896
2915
2907.59
0.115301
2.86432
15.6058
0.5444
113.645
102.44
111.188
0.223687
1
0
0.10314
16
2
i = 5795
43
2899
2917
2908.34
0.0960901
3.30367
20.1136
0.507112
165.94
154.445
165.232
0.173877
1
0
0.0766232
15
0
i = 5796
2250
2900
2919
2908.54
0.114851
3.10492
16.3038
0.522501
127.195
119.495
126.591
0.213312
1
0
0.0658391
16
2
i = 5797
1527
2900
2919
2908.7
0.0714866
3.19016
26.5527
0.51554
213.795
197.795
211.712
0.131061
1
0
0.39614
16
1
i = 5798
1526
2901
2918
2909.58
0.0499503
3.04487
37.1315
0.527894
282.73
267.88
281.74
0.0938887
1
0
0.292287
14
1
i = 5799
44
2900
2919
2909.68
0.0590487
3.15411
31.955
0.518235
250.92
237.645
251.864
0.108649
1
0
0.0688346
16
0
i = 5800
2249
2899
2921
2909.69
0.0497735
3.0846
37.4827
0.523804
292.47
272.835
289.712
0.0924283
1
0
0.112822
19
2
i = 5801
2248
2898
2921
2910.04
0.065697
3.12771
28.5955
0.520177
228.265
211.22
224.095
0.12115
1
0
0.146699
20
2
i = 5802
1525
2902
2917
2910.11
0.057702
2.83701
31.0724
0.547987
218.75
204.05
218.111
0.113372
1
0
0.070268
12
1
i = 5803
45
2902
2917
2910.12
0.056492
2.97391
32.5451
0.536213
239.185
220.85
238.387
0.109309
1
0
0.187328
12
0
i = 5804
2247
2901
2919
2910.42
0.0914183
3.25078
20.9683
0.511085
169.775
159.405
169.599
0.16657
1
0
0.0292371
15
2
i = 5805
46
2902
2917
2910.56
0.0847301
2.8318
21.1799
0.549453
147.995
138.77
147.605
0.16796
1
0
0.172792
12
0
i = 5806
1524
2900
2935
2910.8
0.0980242
2.72007
20.5817
1.40352
279.635
107.29
140.328
0.828826
2
0
0.0314418
29
1
i = 5807
2246
2903
2941
2910.9
0.136777
2.71536
14.2401
0.577878
452.88
95.06
96.8326
0.287021
2
0
0.561538
32
2
i = 5808
47
2900
2944
2912.32
0.245195
4.26916
16.9855
1.29011
407.11
164.605
181.527
1.10205
2
0
1.30341
38
0
i = 5809
1523
2902
2940
2913.59
0.159547
3.97872
25.6509
1.59876
538.845
232.415
255.524
0.958103
2
0
0.96645
32
1
i = 5810
2243
2904
2923
2914.07
0.0688369
3.08839
27.1243
0.523718
210.165
198.955
209.277
0.128
1
0
0.130305
16
2
i = 5811
1521
2905
2922
2914.31
0.0647274
3.02884
28.5953
0.529678
214.84
206.77
215.122
0.122389
1
0
0.225167
14
1
i = 5812
2242
2907
2922
2914.32
0.0960855
2.89019
18.8276
0.542807
134.795
125.035
135.098
0.186854
1
0
0.0986701
12
2
i = 5813
49
2906
2921
2914.4
0.05791
3.15946
32.9028
0.522667
253.425
246.135
253.116
0.111031
1
0
0.268942
12
0
i = 5814
50
2907
2921
2914.42
0.0773737
2.99699
23.9293
0.536093
175.03
163.105
175.317
0.151588
1
0
0.262985
11
0
i = 5815
1522
2907
2922
2914.47
0.0591036
3.23332
32.5177
0.516029
256.71
246.79
257.967
0.11138
1
0
0.733468
12
1
i = 5816
48
2906
2927
2914.65
0.0751459
3.79293
27.6367
0.474658
258.41
245.305
260.491
0.128594
1
0
0.487138
18
0
i = 5817
2244
2901
2924
2914.76
0.0538311
3.3901
36.3492
0.500077
307.055
283.79
307.388
0.0957144
1
0
0.0291645
20
2
i = 5818
2241
2907
2925
2914.94
0.132652
2.86057
13.5484
0.544303
97
87.92
96.962
0.256565
1
0
0.0106822
15
2
i = 5819
51
2907
2926
2914.97
0.10743
2.98753
17.1008
0.532833
130.87
113.885
127.754
0.203695
1
0
0.484725
16
0
i = 5820
2245
2905
2943
2915.44
0.133452
4.94216
22.3932
0.426543
369.115
255.845
273.725
0.225224
2
0
0.464699
32
2
i = 5821
1520
2905
2935
2915.98
0.120466
4.68663
19.1464
0.42662
234.275
205.065
223.328
0.184694
1
0
4.12549
27
1
i = 5822
52
2905
2931
2916.56
0.128658
4.05614
16.6323
0.457016
171.295
159.315
168.813
0.208806
1
0
0.621546
23
0
i = 5823
2240
2908
2931
2916.74
0.146633
3.90449
14.3813
0.468135
142.975
126.86
139.48
0.248059
1
0
1.22836
20
2
i = 5824
2237
2911
2925
2918.06
0.142568
3.15804
13.3682
0.523992
102.645
100.16
102.82
0.276209
1
0
0.053876
11
2
i = 5825
1517
2908
2927
2918.15
0.0779308
3.11544
24.0652
0.521499
186.575
177.965
187.207
0.144351
1
0
0.258864
16
1
i = 5826
2238
2908
2931
2918.21
0.0774961
3.42445
25.3683
0.497258
218.24
200.045
217.538
0.136729
1
0
0.426702
20
2
i = 5827
1518
2907
2928
2918.53
0.0673505
3.79894
30.7881
0.473165
288.605
272.825
290.346
0.113939
1
0
1.5532
18
1
i = 5828
1516
2910
2926
2918.86
0.0970267
2.93968
18.8082
0.538198
136.2
125.365
136.888
0.187075
1
0
0.122615
13
1
i = 5829
55
2909
2927
2918.88
0.101042
3.25428
18.9934
0.511212
153.85
142.765
153.373
0.184657
1
0
0.0685834
15
0
i = 5830
1519
2906
2935
2919.03
0.0896608
5.00631
26.5325
0.411814
327.12
316.605
331.499
0.131612
1
0
1.83741
26
1
i = 5831
2236
2911
2925
2919.09
0.134055
3.20033
14.5086
0.523715
111.52
109.62
110.748
0.265135
1
0
0.0398688
11
2
i = 5832
53
2905
2930
2919.28
0.0750424
4.37841
29.6744
0.44087
321.38
304.175
322.413
0.11841
1
0
0.270415
22
0
i = 5833
56
2912
2926
2919.3
0.111162
2.9248
16.4221
0.541651
117.87
110.16
117.955
0.218599
1
0
0.138259
11
0
i = 5834
54
2909
2929
2919.6
0.070613
4.03077
30.3163
0.460725
300.54
291.34
301.318
0.117521
1
0
0.358301
17
0
i = 5835
2235
2910
2931
2919.62
0.11874
3.05171
15.6285
0.526667
119.22
113.695
119.478
0.221769
1
0
0.0483178
18
2
i = 5836
1515
2910
2928
2919.8
0.0924668
3.20417
20.5861
0.51492
166.935
153.68
163.932
0.169896
1
0
0.346312
15
1
i = 5837
1524
2900
2935
2920.06
1.11042
6.96493
8.10724
0.425828
279.635
165.48
138.633
1.2927
2
1
0.0314418
29
1
i = 5838
57
2913
2928
2920.11
0.1043
3.05617
17.8746
0.529263
135.035
130.485
135.048
0.199602
1
0
0.0365237
12
0
i = 5839
2234
2910
2931
2920.41
0.108137
3.03443
17.1119
0.528124
131.58
123.53
130.082
0.202473
1
0
0.0359811
18
2
i = 5840
2239
2906
2933
2920.63
0.0540703
4.2409
40.4643
0.446894
426.265
406.355
428.992
0.0857732
1
0
1.7819
24
2
i = 5841
58
2912
2927
2920.71
0.10357
2.95255
17.752
0.539623
130.37
118.37
128.061
0.203652
1
0
0.23609
12
0
i = 5842
1514
2911
2928
2920.89
0.0945472
3.21566
20.2523
0.516167
162.205
151.71
159.955
0.176735
1
0
0.246896
14
1
i = 5843
2233
2909
2932
2921.08
0.124069
3.045
14.9403
0.527191
114.945
108.55
113.999
0.231872
1
0
0.0245792
20
2
i = 5844
59
2912
2932
2921.36
0.110922
3.20032
17.1347
0.51444
138.76
128.55
137.218
0.20255
1
0
0.107753
17
0
i = 5845
1513
2915
2928
2921.87
0.0944174
2.80165
18.965
0.554658
129.565
122.355
129.75
0.191614
1
0
0.196392
10
1
i = 5846
2232
2914
2931
2922.05
0.124915
3.00523
14.7517
0.531375
110.195
106.37
110.625
0.236364
1
0
0.0594032
14
2
i = 5847
60
2914
2933
2922.39
0.113639
3.22749
16.8076
0.512858
135.94
126.8
135.476
0.207688
1
0
0.135104
16
0
i = 5848
2231
2913
2929
2922.67
0.115864
2.92049
15.7632
0.541969
113.215
104.985
112.791
0.227929
1
0
0.0244285
13
2
i = 5849
1512
2913
2931
2922.85
0.0958752
3.06519
19.4102
0.526099
149.04
140.1
148.176
0.179556
1
0
0.117803
15
1
i = 5850
2230
2916
2930
2923.2
0.111999
2.8761
16.1462
0.545608
114.025
107.425
114.374
0.220988
1
0
0.058606
11
2
i = 5851
61
2916
2930
2923.28
0.115636
2.939
15.8278
0.540467
113.935
106.57
114.2
0.227084
1
0
0.149717
11
0
i = 5852
1511
2914
2932
2923.89
0.0987361
3.22076
19.3334
0.513748
155.66
145.58
154.607
0.181196
1
0
0.143286
15
1
i = 5853
2229
2916
2932
2923.95
0.118718
2.9779
15.4572
0.534202
114.325
103.055
114.501
0.2264
1
0
0.0165305
13
2
i = 5854
62
2917
2932
2924.2
0.111174
2.90677
16.3234
0.541441
117.47
109.01
117.784
0.215909
1
0
0.284416
12
0
i = 5855
1510
2915
2930
2924.76
0.0964854
2.97185
19.565
0.54391
141.86
131.165
137.756
0.198699
1
0
0.425926
12
1
i = 5856
2228
2916
2936
2924.87
0.129619
3.06811
14.3573
0.525418
110.985
103.25
110.27
0.241762
1
0
0.0906356
17
2
i = 5857
63
2918
2936
2925.19
0.105685
3.03844
17.565
0.529638
135.43
126.675
133
0.200883
1
0
0.511376
15
0
i = 5858
47
2900
2944
2925.54
0.922285
7.99899
11.5709
0.396856
407.11
235.085
229.014
1.02583
2
1
1.30341
38
0
i = 5859
1523
2902
2940
2925.76
0.764823
7.62652
15.5626
0.426197
538.845
301.54
286.682
0.958832
2
1
0.96645
32
1
i = 5860
2227
2917
2934
2925.84
0.104809
2.90373
17.2765
0.540284
125.29
113.415
125.167
0.201265
1
0
0.0475594
14
2
i = 5861
64
2918
2933
2925.98
0.070818
3.0282
26.2018
0.531579
194.87
187.205
195.369
0.136013
1
0
0.190208
12
0
i = 5862
1509
2916
2935
2925.98
0.0659057
3.07689
28.2769
0.52466
218.485
203.34
217.432
0.122742
1
0
0.185507
16
1
i = 5863
2226
2915
2937
2926.22
0.0488423
3.11441
38.3815
0.521293
300.18
283.655
299.471
0.0902652
1
0
0.0428545
19
2
i = 5864
2246
2903
2941
2926.43
0.144183
6.67505
21.7325
0.373109
452.88
354.45
357.232
0.220979
2
1
0.561538
32
2
i = 5865
65
2919
2934
2926.46
0.0621726
3.01262
29.739
0.532467
220.465
214.35
221.565
0.119223
1
0
0.182161
12
0
i = 5866
1508
2918
2935
2926.69
0.0563843
3.12973
33.3612
0.520988
259.73
245.1
259.708
0.104802
1
0
0.28477
14
1
i = 5867
2225
2918
2938
2926.9
0.101177
3.05521
18.3541
0.526503
142.86
131.84
140.386
0.189074
1
0
0.154051
17
2
i = 5868
66
2919
2936
2927.21
0.0873224
2.98389
21.024
0.533142
155.825
143.06
156.572
0.165643
1
0
0.0963141
14
0
i = 5869
1507
2918
2935
2927.45
0.0818748
3.19927
23.2704
0.516366
184.525
174.775
183.937
0.151934
1
0
0.0482796
14
1
i = 5870
2224
2916
2938
2927.91
0.120808
3.03829
15.3268
0.527792
121.55
109.175
116.635
0.226062
1
0
0.314027
19
2
i = 5871
67
2919
2935
2928.06
0.108568
2.91397
16.7421
0.540795
120.535
112.175
120.621
0.210653
1
0
0.0585148
13
0
i = 5872
2223
2917
2936
2928.44
0.117597
2.95092
15.5328
0.53645
115.575
104.04
113.956
0.224953
1
0
0.036269
16
2
i = 5873
1506
2920
2937
2928.84
0.092674
3.17724
20.4579
0.517331
160.12
151.855
161.413
0.171335
1
0
0.251059
14
1
i = 5874
68
2919
2937
2929.04
0.107179
3.15694
17.6321
0.518855
138.945
131.63
138.242
0.198566
1
0
0.112169
15
0
i = 5875
2222
2917
2936
2929.35
0.119198
3.04054
15.6276
0.53096
121.34
112.99
116.589
0.22942
1
0
0.232729
16
2
i = 5876
1505
2921
2940
2929.56
0.0950427
3.18326
19.9519
0.516171
158.97
149.04
158.725
0.174546
1
0
0.0272629
16
1
i = 5877
46
2919
2939
2929.6
0.221061
4.98807
11.0084
0.421885
129.965
128.305
130.772
0.359323
1
0
0.397673
17
0
i = 5878
69
2918
2938
2929.77
0.1096
3.1179
17.1256
0.521644
134.75
125.735
132.986
0.203537
1
0
0.0856931
17
0
i = 5879
2221
2920
2940
2930.06
0.12406
3.05566
14.968
0.526326
116.635
108.335
114.507
0.231555
1
0
0.126227
17
2
i = 5880
1504
2923
2937
2930.48
0.0986771
2.89752
18.4172
0.544178
130.4
122.98
130.934
0.194941
1
0
0.16436
11
1
i = 5881
70
2917
2938
2930.57
0.116208
3.0767
16.0666
0.526046
126.68
116.95
122.437
0.218965
1
0
0.172296
18
0
i = 5882
2220
2921
2937
2930.79
0.131075
2.94983
14.0304
0.540029
102.34
93.18
101.029
0.25821
1
0
0.013873
13
2
i = 5883
2245
2905
2943
2931.3
0.334758
4.56641
8.68999
0.435911
369.115
110.56
98.7722
0.541935
2
1
0.464699
32
2
i = 5884
1503
2923
2939
2931.45
0.0853223
3.00724
21.6237
0.531932
162
155.545
161.26
0.162387
1
0
0.0994243
13
1
i = 5885
71
2922
2943
2931.45
0.105237
2.9955
17.4707
0.531582
133.05
118.105
131.111
0.19838
1
0
0.0903742
18
0
i = 5886
2219
2922
2939
2931.46
0.118813
3.17376
15.9684
0.51831
124.995
119.47
125.289
0.221122
1
0
0.0809588
14
2
i = 5887
72
2925
2939
2932.25
0.0890471
2.94012
20.5563
0.540341
148.455
138.475
148.415
0.174802
1
0
0.0688714
11
0
i = 5888
2218
2924
2940
2932.35
0.101481
3.13308
18.5723
0.521756
143.085
138.205
143.926
0.190217
1
0
0.114557
13
2
i = 5889
1502
2924
2943
2932.65
0.0722358
2.93944
25.2154
0.536747
187.675
167.83
185.556
0.137596
1
0
0.109293
16
1
i = 5890
73
2925
2939
2932.89
0.0850325
2.99946
21.8759
0.537201
159.65
147.575
159.124
0.168412
1
0
0.162328
11
0
i = 5891
2217
2923
2944
2932.9
0.0843827
3.00598
21.826
0.530626
163.98
155.995
164.382
0.158754
1
0
0.0615569
18
2
i = 5892
1501
2921
2947
2933.46
0.0763074
3.16127
24.751
0.517402
205.565
182.515
196.123
0.139959
1
0
0.622098
23
1
i = 5893
2216
2925
2942
2933.6
0.0900265
2.89236
20.0725
0.541275
144.02
133.44
144.973
0.173119
1
0
0.123892
14
2
i = 5894
74
2925
2944
2933.6
0.09076
3.05654
20.4677
0.526515
156.71
148.555
156.508
0.169749
1
0
0.0488206
16
0
i = 5895
1500
2925
2943
2934.17
0.0988452
3.22624
19.3154
0.512865
157.3
145.79
155.255
0.180534
1
0
0.222988
15
1
i = 5896
2215
2926
2943
2934.27
0.126192
2.86016
14.2396
0.544275
102.155
93.73
101.788
0.243953
1
0
0.0289815
14
2
i = 5897
75
2927
2941
2934.34
0.108976
2.8522
16.5246
0.5478
115.825
109.035
116.036
0.215771
1
0
0.056537
11
0
i = 5898
2214
2926
2941
2935.08
0.120078
2.8638
15.1097
0.548594
106.155
100.125
105.329
0.241087
1
0
0.0266977
12
2
i = 5899
76
2928
2944
2935.17
0.113401
2.88522
15.9351
0.542931
114.99
105.675
114.597
0.220112
1
0
0.0311006
13
0
i = 5900
1499
2928
2942
2935.32
0.101279
2.95486
18.1281
0.539245
130.45
123.045
131.354
0.198739
1
0
0.340153
11
1
i = 5901
2213
2928
2945
2935.84
0.113403
2.92888
16.0404
0.538177
116.26
106.395
117.34
0.217221
1
0
0.0542662
14
2
i = 5902
77
2926
2946
2936.2
0.11687
3.27579
16.4532
0.508477
138.685
124.3
134.734
0.210933
1
0
0.88725
17
0
i = 5903
1498
2926
2945
2936.44
0.0950283
3.12411
19.766
0.520916
153.18
146.71
154.016
0.175986
1
0
0.0682788
16
1
i = 5904
2212
2929
2947
2936.47
0.11742
2.98967
15.6635
0.533217
116.645
106.335
116.905
0.22363
1
0
0.0483656
15
2
i = 5905
78
2928
2946
2937.05
0.0915138
3.14722
20.6011
0.519055
162.56
153.06
161.763
0.16893
1
0
0.184003
15
0
i = 5906
2211
2928
2947
2937.11
0.101547
2.9511
17.9714
0.53561
132.13
121.46
132.777
0.192927
1
0
0.0326773
16
2
i = 5907
1497
2922
2948
2937.22
0.0744386
3.21411
25.5838
0.513149
210.69
192.53
205.981
0.135425
1
0
0.247502
23
1
i = 5908
79
2929
2945
2937.56
0.0715094
2.99933
25.7699
0.532699
192.185
173.99
191.571
0.136354
1
0
0.104209
13
0
i = 5909
2210
2927
2949
2937.58
0.0674705
3.07019
27.5867
0.525033
212.555
200.335
212.234
0.125585
1
0
0.0798573
19
2
i = 5910
1496
2928
2945
2937.84
0.0698935
3.05863
26.6566
0.528093
202.2
192.935
201.376
0.132643
1
0
0.0673191
14
1
i = 5911
80
2931
2948
2938.31
0.0884604
2.93215
20.5916
0.538471
150.47
138.59
150.656
0.170188
1
0
0.259823
14
0
i = 5912
2209
2927
2948
2938.62
0.108252
3.01878
17.0502
0.529545
129.86
122.055
128.813
0.203304
1
0
0.0310328
18
2
i = 5913
1495
2929
2945
2938.91
0.0828966
2.98825
22.3863
0.537459
165.055
149.56
162.582
0.1635
1
0
0.0343309
13
1
i = 5914
81
2933
2947
2939.35
0.110438
3.0458
16.9507
0.532918
126.315
122.44
126.681
0.216712
1
0
0.0985886
11
0
i = 5915
2208
2930
2950
2939.4
0.126062
3.11652
14.8772
0.521233
117.605
109.31
116.072
0.23312
1
0
0.106129
17
2
i = 5916
1494
2930
2948
2939.98
0.0892377
3.1016
20.9832
0.523213
161.855
152.44
161.868
0.16644
1
0
0.0845124
15
1
i = 5917
82
2933
2948
2940.16
0.110013
3.08823
17.0403
0.526732
129.915
125.31
129.951
0.209838
1
0
0.0292342
12
0
i = 5918
2207
2931
2950
2940.25
0.116233
2.99485
15.8169
0.531697
119.655
107.2
118.559
0.219233
1
0
0.110344
16
2
i = 5919
2206
2930
2949
2940.92
0.116025
2.99325
15.8476
0.532246
119.08
105.685
118.246
0.219638
1
0
0.0180457
16
2
i = 5920
83
2932
2951
2941.15
0.109234
3.24383
17.5206
0.511175
143.425
132.655
141.989
0.198459
1
0
0.249807
16
0
i = 5921
1493
2931
2951
2941.27
0.0893794
3.24174
21.4011
0.511117
174.965
162.205
173.456
0.162129
1
0
0.0921227
17
1
i = 5922
2205
2931
2951
2941.6
0.10722
3.05138
17.3073
0.526729
133.385
124.965
132.136
0.200319
1
0
0.0381083
17
2
i = 5923
84
2931
2951
2941.95
0.102329
3.15287
18.4363
0.518335
147.945
134.715
145.214
0.188321
1
0
0.170895
17
0
i = 5924
1492
2933
2953
2942.14
0.0800557
2.97376
22.8831
0.533555
171.475
154.815
170.438
0.151503
1
0
0.0934168
17
1
i = 5925
2204
2932
2952
2942.37
0.101068
3.05429
18.3692
0.526456
140.98
133.235
140.422
0.188701
1
0
0.0354053
17
2
i = 5926
85
2935
2951
2942.58
0.0989895
2.94331
18.431
0.537345
134.175
123.43
135.119
0.189908
1
0
0.146569
13
0
i = 5927
1491
2932
2951
2942.95
0.0863475
3.18685
21.9879
0.516355
177.625
162.925
174.098
0.159141
1
0
0.357342
16
1
i = 5928
2203
2936
2953
2943.13
0.113529
2.9539
16.1145
0.536891
119.73
108.57
118.666
0.218355
1
0
0.153893
14
2
i = 5929
2192
2934
2959
2943.14
0.41955
2.94297
19.2993
1.76696
321.38
133.43
142.298
1.50902
2
0
0.023503
19
2
i = 5930
86
2937
2952
2943.44
0.103545
2.74473
17.0433
0.557444
115.38
109.225
116.43
0.207385
1
0
0.192457
12
0
i = 5931
2202
2935
2951
2943.58
0.12656
3.00864
14.5848
0.531947
108.78
104.905
108.715
0.241097
1
0
0.0210882
13
2
i = 5932
1490
2933
2950
2943.96
0.0918652
3.03439
20.4007
0.534031
154.345
146.18
149.98
0.180832
1
0
0.252885
14
1
i = 5933
87
2936
2950
2944.14
0.105034
2.71656
16.776
0.56219
111.29
107.44
111.455
0.214651
1
0
0.162791
11
0
i = 5934
2198
2931
2956
2944.21
0.0843707
4.20945
25.8406
0.448728
267.515
259.02
271.528
0.134559
1
0
1.24775
22
2
i = 5935
2201
2935
2952
2944.35
0.113496
3.04092
16.3426
0.528715
123.965
118.46
123.371
0.214339
1
0
0.012131
14
2
i = 5936
1489
2934
2952
2944.81
0.0876583
3.1701
21.663
0.519274
172.14
161.315
169.169
0.164192
1
0
0.282767
15
1
i = 5937
88
2933
2951
2944.88
0.0991955
3.01479
18.7971
0.535174
143.15
133.935
137.696
0.194927
1
0
0.342497
15
0
i = 5938
89
2933
2952
2945.02
0.0897725
3.39471
22.0182
0.504008
186.42
172.45
182.143
0.165758
1
0
0.31618
16
0
i = 5939
90
2932
2957
2945.09
0.0892652
3.97638
23.7324
0.461477
235.385
219.225
236.001
0.146179
1
0
0.153411
22
0
i = 5940
1488
2936
2955
2945.18
0.0806422
3.52106
24.7455
0.491306
217.715
208.32
216.904
0.141472
1
0
0.428257
16
1
i = 5941
2200
2933
2954
2945.25
0.102857
3.06931
18.0972
0.525356
141.175
131.785
138.749
0.191874
1
0
0.0937853
18
2
i = 5942
1487
2935
2955
2945.39
0.0881486
4.04314
24.3153
0.459928
242.02
235.395
242.632
0.146347
1
0
1.04502
17
1
i = 5943
2199
2930
2953
2945.49
0.100049
3.26769
19.26
0.511198
160.435
146.995
155.295
0.184153
1
0
0.457112
20
2
i = 5944
91
2934
2961
2946.65
0.130397
4.06236
16.42
0.456495
170.93
158.905
167.05
0.211121
1
0
0.679146
24
0
i = 5945
1486
2933
2955
2947.17
0.10931
3.65738
18.7147
0.484588
174.55
161.645
167.767
0.192676
1
0
1.21257
19
1
i = 5946
2197
2937
2956
2947.34
0.126552
3.00112
14.544
0.531261
111.72
103.985
109.05
0.238681
1
0
0.229556
16
2
i = 5947
2196
2937
2957
2948.13
0.11227
2.83736
15.9383
0.546204
113.89
104.66
113.183
0.217471
1
0
0.0154558
17
2
i = 5948
92
2941
2961
2948.48
0.105994
3.00605
17.4011
0.531813
133.695
123.885
130.61
0.201405
1
0
0.329433
17
0
i = 5949
96
2934
2961
2948.56
0.105133
5.32132
23.3888
0.400768
305.17
294.095
307.419
0.151926
1
0
4.99938
24
0
i = 5950
1483
2933
2957
2948.78
0.0892293
4.51843
25.9493
0.440115
287.535
279.3
281.119
0.147594
1
0
4.42272
21
1
i = 5951
1485
2941
2956
2948.82
0.0915904
3.04415
20.3078
0.530124
152.35
146.38
152.354
0.175353
1
0
0.0510726
12
1
i = 5952
2195
2940
2956
2948.93
0.120153
2.90299
15.0916
0.54151
108.77
98.76
108.501
0.232975
1
0
0.00785568
13
2
i = 5953
93
2941
2957
2949.03
0.0912332
2.99852
20.1854
0.532453
150.01
137.9
150.457
0.173518
1
0
0.139131
13
0
i = 5954
95
2935
2958
2949.36
0.101861
4.0656
21.1859
0.459792
213.795
205.96
211.059
0.170589
1
0
2.37576
20
0
i = 5955
1484
2940
2957
2949.39
0.0793624
3.20935
24.0423
0.515507
191.92
181.625
190.695
0.146979
1
0
0.244073
14
1
i = 5956
1482
2934
2962
2949.4
0.0898975
5.00339
26.4677
0.412212
329.315
318.01
329.145
0.132396
1
0
6.08009
25
1
i = 5957
2194
2942
2958
2949.54
0.0844957
3.01345
21.8589
0.53142
163.755
156.965
163.849
0.160697
1
0
0.0127039
13
2
i = 5958
94
2939
2957
2949.54
0.0839375
3.10254
22.3393
0.523924
172.94
165.125
171.591
0.157596
1
0
0.640447
15
0
i = 5959
2193
2940
2960
2950.1
0.102058
3.20189
18.6263
0.514244
151.025
139.845
149.187
0.186207
1
0
0.0768638
17
2
i = 5960
2191
2937
2959
2950.11
0.103386
4.51799
22.1562
0.438168
248.92
237.545
242.732
0.167657
1
0
4.24176
19
2
i = 5961
2192
2934
2959
2950.13
0.461079
3.38971
21.1892
1.18229
321.38
175.845
178.846
1.20159
2
1
0.023503
19
2
i = 5962
97
2933
2963
2951.2
0.114333
4.5528
19.8424
0.431824
235.18
214.68
224.979
0.175968
1
0
5.13827
27
0
i = 5963
1481
2939
2961
2952.44
0.0884181
3.28028
21.7767
0.50866
186.095
165.82
177.834
0.160214
1
0
1.17226
19
1
i = 5964
2190
2943
2962
2952.62
0.115814
3.0977
16.1452
0.522867
125.14
117.935
125.049
0.214914
1
0
0.0454954
16
2
i = 5965
98
2940
2965
2953.27
0.105203
3.56033
19.0526
0.48757
178.585
159.495
169.893
0.181864
1
0
0.694586
22
0
i = 5966
2189
2944
2964
2953.33
0.120466
3.05254
15.4073
0.526638
117.32
112.175
117.77
0.225041
1
0
0.0292244
17
2
i = 5967
1480
2946
2962
2953.97
0.0872836
2.8857
20.6877
0.542311
148.625
134.28
148.753
0.1686
1
0
0.132072
13
1
i = 5968
99
2943
2963
2954.01
0.121154
3.39646
16.1697
0.499816
137.62
127.155
136.786
0.215609
1
0
0.121435
17
0
i = 5969
2188
2945
2961
2954.04
0.125537
3.03756
14.8016
0.530401
111.03
107.47
110.776
0.240034
1
0
0.110283
13
2
i = 5970
1479
2943
2961
2954.73
0.0936917
3.0184
19.8742
0.534182
148.79
142.625
146.249
0.18296
1
0
0.0659176
15
1
i = 5971
100
2945
2963
2954.76
0.105535
3.0773
17.6677
0.525033
136.03
129.085
135.438
0.197206
1
0
0.0940004
15
0
i = 5972
2187
2945
2968
2954.94
0.119063
3.12044
15.7606
0.520824
125.915
116.105
123.224
0.219889
1
0
0.277224
20
2
i = 5973
1478
2948
2961
2955.55
0.090188
2.8005
20.0161
0.557242
135.375
130.14
134.927
0.186785
1
0
0.326454
10
1
i = 5974
101
2946
2968
2955.65
0.103136
3.37291
18.9197
0.501149
164.475
146.44
159.724
0.183521
1
0
0.395232
19
0
i = 5975
2186
2943
2964
2955.71
0.108076
3.01839
17.0827
0.52993
130.62
122.855
128.629
0.203576
1
0
0.108179
18
2
i = 5976
1477
2946
2985
2956.3
0.0923316
2.93299
22.1035
0.539458
955.465
174.02
162.485
0.178581
2
0
0.11318
33
1
i = 5977
2185
2944
2989
2956.41
0.102186
2.90188
17.7143
0.540139
1065.59
118.365
128.852
0.195832
2
0
0.560896
39
2
i = 5978
102
2950
2963
2956.6
0.0956661
2.70161
18.3263
0.563216
121.115
116.07
121.849
0.195168
1
0
0.190758
10
0
i = 5979
2184
2948
2986
2957.12
0.127259
3.18476
15.6839
0.518936
977.12
133.94
125.053
0.24344
2
0
0.0141939
32
2
i = 5980
103
2951
2996
2957.59
0.0999242
2.79251
18.8359
0.558312
1597.6
163.545
131.142
0.204398
2
0
0.63657
39
0
i = 5981
105
2951
2978
2959
0.8
5.33333
67.6468
6.76468
1077.36
904.445
854.166
12.7894
2
0
54.2082
1
0
i = 5982
1473
2952
2967
2960.05
0.215962
3.23396
8.91616
0.516539
71.52
67.31
70.3521
0.408964
1
0
0.0954913
12
1
i = 5983
104
2950
2988
2960.08
0.0786019
3.15547
33.8133
2.20149
1430.8
354.44
267.348
1.08073
2
0
2.18928
32
0
i = 5984
1474
2946
2971
2960.39
0.028311
3.27832
67.9373
0.508116
565.135
519.105
557.728
0.0510062
1
0
0.477825
22
1
i = 5985
2181
2948
2969
2960.53
0.0209099
3.11798
89.7457
0.521459
701.895
661.8
697.797
0.0387727
1
0
0.220896
18
2
i = 5986
2182
2949
2975
2960.72
0.0166563
3.51557
119.578
0.490657
1056.15
996.565
1053.45
0.0289748
1
0
3.02999
23
2
i = 5987
106
2953
2973
2960.76
0.0304686
3.12603
61.7328
0.521526
482.37
452.69
481.767
0.0567824
1
0
0.754439
17
0
i = 5988
1475
2946
2977
2960.97
0.017594
3.70532
116.219
0.47791
1097.85
996.98
1079.39
0.0298069
1
0
9.13945
28
1
i = 5989
107
2955
2969
2961.2
0.154519
2.89724
11.7872
0.545045
83.835
78.52
84.2556
0.307434
1
0
0.244047
11
0
i = 5990
1476
2950
2980
2963.85
0.0385786
5.86933
66.9198
0.381473
961.125
920.755
973.729
0.0530034
1
0
8.54376
27
1
i = 5991
2183
2950
2979
2965.59
0.029445
4.68523
78.1061
0.425233
921.2
869.66
914.382
0.0444657
1
0
11.6126
26
2
i = 5992
104
2950
2988
2968.83
0.201028
6.73956
69.7719
0.684037
1430.8
1029.77
1173.01
0.308886
2
1
2.18928
32
0
i = 5993
1477
2946
2985
2970.99
0.0461246
5.38667
59.0788
0.409313
955.465
743.62
792.917
0.074444
2
1
0.11318
33
1
i = 5994
2184
2948
2986
2971.65
0.0277103
4.16468
81.5863
0.458327
977.12
806.75
851.339
0.0479507
2
1
0.0141939
32
2
i = 5995
105
2951
2978
2972.5
2.15
3.66667
18.8121
1.88121
1077.36
172.92
158.089
2.4452
2
1
54.2082
1
0
i = 5996
1478
2964
2990
2976.08
0.0427111
5.32538
57.6769
0.401283
753.705
725.1
758.515
0.0621601
1
0
2.32054
23
1
i = 5997
103
2951
2996
2976.25
0.0394906
7.51331
78.3653
0.345206
1597.6
1406.49
1467.79
0.0531463
2
1
0.63657
39
0
i = 5998
2185
2944
2989
2976.72
0.0268133
4.48683
83.969
0.434831
1065.59
873.325
940.361
0.0415028
2
1
0.560896
39
2
i = 5999
1479
2964
2999
2981.06
0.0464499
6.23068
57.1208
0.36904
875.045
849.585
887.714
0.061042
1
0
2.66739
32
1
i = 6000
2186
2967
2995
2982.59
0.0304794
4.72167
75.7894
0.42396
887.785
850.005
891.569
0.0460286
1
0
3.12901
25
2
i = 6001
102
2965
3006
2985.28
0.0359082
7.51016
81.1464
0.336306
1504.94
1464.81
1517.91
0.0430766
1
0
1.9301
38
0
i = 6002
1480
2967
3005
2986.75
0.0484986
6.64886
56.5086
0.35718
933.83
894.675
937.152
0.061647
1
0
4.46264
35
1
i = 6003
2187
2973
3002
2987.84
0.0308006
5.05754
77.5965
0.409479
971.89
940.81
979.186
0.0448623
1
0
9.96611
26
2
i = 6004
2256
2981
3000
2990.27
0.102321
3.11801
18.3346
0.521191
143.505
135.28
142.968
0.189302
1
0
0.0376078
16
2
i = 6005
1524
2983
2998
2990.54
0.171554
2.89009
10.5441
0.542774
75.245
70.345
75.595
0.333502
1
0
0.0912265
12
1
i = 6006
30
2979
3002
2990.7
0.125056
3.36099
15.5727
0.501819
136.46
119.805
131.096
0.222499
1
0
0.411401
20
0
i = 6007
29
2980
2997
2990.73
0.308455
3.11811
6.15255
0.52649
48.54
44.965
46.5687
0.597325
1
0
0.160488
14
0
i = 6008
1523
2983
2999
2991.28
0.103382
3.23463
18.5413
0.514142
148.16
140.865
147.969
0.191781
1
0
0.0378448
13
1
i = 6009
1522
2985
2999
2991.3
0.280058
3.20551
6.89863
0.521857
53.215
52.075
53.8435
0.546797
1
0
0.0541478
11
1
i = 6010
2255
2979
3001
2991.39
0.107677
3.41412
18.2334
0.498174
156.68
143.365
155.45
0.190541
1
0
0.0618205
19
2
i = 6011
31
2983
2997
2991.47
0.160176
3.18407
12.2401
0.52675
93.915
91.75
91.9725
0.32201
1
0
0.173663
11
0
i = 6012
1481
2973
3007
2992.26
0.0448772
6.4697
60.4555
0.363565
970.455
921.03
965.802
0.0588951
1
0
24.0057
31
1
i = 6013
101
2971
3009
2992.95
0.026831
6.24948
99.0768
0.368642
1544.95
1473.74
1541.91
0.0352756
1
0
16.3647
35
0
i = 6014
2188
2976
3007
2993.71
0.0279082
4.98955
85.0767
0.412335
1068.61
992.615
1058.45
0.04096
1
0
24.9971
28
2
i = 6015
1483
2981
3006
2994.3
0.0811954
5.37598
30.5661
0.400519
397.89
387.92
402.189
0.119112
1
0
1.9363
22
1
i = 6016
1482
2976
3007
2995.4
0.0465955
5.62518
54.6078
0.391501
768.645
728.945
751.296
0.0668117
1
0
29.996
28
1
i = 6017
1484
2978
3008
2995.47
0.0870148
4.39848
25.6088
0.438869
279.92
263.97
281.477
0.135612
1
0
0.217784
27
1
i = 6018
2190
2984
3009
2996.06
0.0620558
3.65473
32.7251
0.481235
298.25
283.96
299.615
0.105885
1
0
0.0988371
22
2
i = 6019
2189
2981
3008
2996.21
0.0368712
5.13693
65.5472
0.407911
825.335
802.69
831.371
0.0542423
1
0
23.8973
24
2
i = 6020
100
2982
3017
2997.4
0.033228
5.4121
74.3902
0.395651
1022.56
938.69
1007.34
0.0466893
1
0
3.83139
32
0
i = 6021
1485
2986
3014
2999.66
0.0954659
4.84421
24.5003
0.418355
301.215
275.45
296.365
0.142015
1
0
0.583354
25
1
i = 6022
2191
2987
3013
3000.18
0.0674064
3.65489
30.1277
0.481206
276.72
260.585
275.89
0.114992
1
0
0.0153554
23
2
i = 6023
1486
2992
3013
3003.62
0.0907116
4.2198
24.1843
0.450817
250.87
241.32
250.836
0.148348
1
0
0.0896225
18
1
i = 6024
2192
2994
3014
3004.5
0.0630245
3.60133
32.0131
0.485573
287.545
273.405
286.911
0.109101
1
0
0.0542945
17
2
i = 6025
99
2986
3024
3005.35
0.103899
7.78463
28.6367
0.331645
544.665
529.775
550.307
0.124626
1
0
1.26936
35
0
i = 6026
1487
2994
3016
3006.94
0.100239
4.19184
21.8386
0.452541
226.175
216.245
224.659
0.164864
1
0
0.302248
19
1
i = 6027
2193
2995
3020
3009.07
0.0794864
3.79282
26.0316
0.472577
245.345
232.48
246.753
0.133359
1
0
0.0830944
22
2
i = 6028
1488
3000
3022
3011.51
0.115953
4.27167
18.9775
0.44676
200.97
190.885
200.768
0.185987
1
0
0.0545582
19
1
i = 6029
2194
3001
3024
3013.75
0.0752395
3.546
26.5909
0.488739
237.385
223.39
235.645
0.130544
1
0
0.0585495
20
2
i = 6030
1489
2999
3025
3015.49
0.104693
4.23285
20.97
0.449558
226.485
209.325
218.822
0.17001
1
0
0.707071
23
1
i = 6031
98
2996
3034
3015.98
0.106247
7.30404
27.0787
0.34158
487.88
472.155
490.473
0.130196
1
0
0.67546
35
0
i = 6032
2195
3009
3029
3018.22
0.0708467
3.60617
28.5062
0.485435
255.555
244.56
256.247
0.122773
1
0
0.0455358
17
2
i = 6033
1490
3006
3035
3019.44
0.0986195
4.32846
22.4107
0.442242
246.445
226.74
242.942
0.154687
1
0
0.167227
26
1
i = 6034
2196
3011
3031
3022.62
0.0684413
3.63594
29.6984
0.48464
268.35
255.6
266.534
0.119446
1
0
0.118105
17
2
i = 6035
1491
3008
3034
3023.14
0.0992224
4.44354
22.6097
0.437628
254.93
232.095
249.332
0.155414
1
0
0.648456
23
1
i = 6036
97
3007
3042
3024.29
0.103149
7.21918
27.7844
0.344498
494.15
476.805
495.065
0.128664
1
0
0.200481
32
0
i = 6037
2197
3013
3038
3027.2
0.0698598
3.60483
28.8727
0.484649
262.735
246.96
260.344
0.120124
1
0
0.0426187
22
2
i = 6038
1492
3016
3038
3027.46
0.101558
4.17489
21.4071
0.451534
223.445
210.775
221.786
0.164167
1
0
0.0879936
19
1
i = 6039
1493
3021
3042
3031.46
0.0927507
4.11679
23.2887
0.455096
235.01
228.985
237.667
0.151554
1
0
0.341014
18
1
i = 6040
2198
3016
3041
3031.55
0.0657052
3.67346
31.0164
0.480782
283.97
269.195
283.53
0.112625
1
0
0.0633128
22
2
i = 6041
96
3013
3052
3032.68
0.094894
7.04125
29.7267
0.347221
522.26
501.62
521.626
0.117413
1
0
0.661346
36
0
i = 6042
1494
3023
3047
3035.08
0.0942704
4.38626
23.6201
0.440018
259.5
241.23
257.991
0.147916
1
0
0.209937
21
1
i = 6043
2199
3024
3048
3035.84
0.0656312
3.60672
30.7387
0.48444
279.35
262.145
277.652
0.112741
1
0
0.17331
21
2
i = 6044
1495
3028
3049
3039.24
0.110025
4.22806
19.9324
0.449934
207.295
199.465
207.711
0.178949
1
0
0.0655099
18
1
i = 6045
95
3023
3057
3040.36
0.116072
7.6878
25.6415
0.336026
478.755
470.655
480.359
0.144503
1
0
0.746415
31
0
i = 6046
2200
3029
3051
3040.47
0.0754831
3.73885
27.2206
0.476132
252.355
239.795
254.031
0.127736
1
0
0.102921
19
2
i = 6047
1496
3029
3056
3043.16
0.114953
4.46772
19.537
0.435476
220.84
201.1
218.066
0.177796
1
0
0.175984
24
1
i = 6048
2201
3034
3055
3045
0.0781367
3.72156
26.2441
0.477519
243.35
230.405
243.302
0.13288
1
0
0.0208176
18
2
i = 6049
1497
3036
3060
3047.52
0.108122
4.61413
21.1451
0.429684
242.565
231.955
242.321
0.16656
1
0
0.0889905
21
1
i = 6050
94
3029
3067
3049.78
0.114482
7.79777
26.0672
0.331886
500.64
482.01
499.78
0.138195
1
0
0.206569
35
0
i = 6051
2202
3036
3061
3049.82
0.0750142
3.6636
27.1063
0.480716
249.46
233.61
248.486
0.127913
1
0
0.0258043
22
2
i = 6052
1498
3041
3063
3051.74
0.106963
4.30683
20.6563
0.444958
220.59
207.265
220.634
0.170906
1
0
0.161148
19
1
i = 6053
2203
3042
3066
3054.58
0.0661297
3.68115
30.8212
0.479559
283.465
267.42
283.928
0.112484
1
0
0.0352321
21
2
i = 6054
1499
3044
3068
3055.96
0.0994211
4.48433
22.6525
0.435401
251.885
233.98
252.681
0.15463
1
0
0.0866737
21
1
i = 6055
93
3038
3080
3058.74
0.102313
7.75888
28.9508
0.330937
559.93
534.71
559.232
0.12086
1
0
0.698542
39
0
i = 6056
2204
3046
3073
3059.22
0.0691185
3.77173
29.8474
0.473693
282.875
264.085
282.092
0.116071
1
0
0.0916636
24
2
i = 6057
1500
3048
3079
3060.06
0.0992839
4.49465
22.696
0.434394
260.69
235.445
255.043
0.153452
1
0
0.327939
28
1
i = 6058
2205
3051
3075
3063.94
0.0642676
3.72103
31.8875
0.477044
298.27
277.36
296.723
0.108791
1
0
0.0509004
21
2
i = 6059
1501
3051
3076
3064.12
0.0920809
4.43297
24.3061
0.437547
268.195
251.315
268.444
0.143507
1
0
0.302959
22
1
i = 6060
92
3048
3088
3067.62
0.0969292
7.63782
30.3382
0.333857
572.72
553.775
575.724
0.115878
1
0
0.607203
37
0
i = 6061
1502
3054
3087
3068.2
0.101283
4.82698
23.0459
0.418861
285.505
260.83
278.503
0.150559
1
0
0.382303
30
1
i = 6062
2206
3055
3078
3068.75
0.0625224
3.70877
32.7668
0.478776
302.135
285.405
301.866
0.106947
1
0
0.0107093
20
2
i = 6063
1503
3061
3089
3072.47
0.0944265
4.47408
23.82
0.435684
269.645
247.59
266.116
0.146719
1
0
0.293479
25
1
i = 6064
2207
3063
3085
3073.52
0.0614748
3.6284
32.9216
0.483197
298.175
283.55
298.718
0.10548
1
0
0.107199
19
2
i = 6065
91
3057
3094
3075.88
0.106173
7.55311
27.5998
0.336632
512.055
498.805
514.755
0.129193
1
0
0.37113
34
0
i = 6066
1504
3065
3088
3076.58
0.105034
4.43693
21.3416
0.43813
233.135
220.105
234.982
0.164914
1
0
0.415232
20
1
i = 6067
2208
3067
3089
3078.24
0.0716694
3.77027
28.7891
0.474145
270.545
255.275
270.97
0.120777
1
0
0.036598
19
2
i = 6068
1505
3070
3090
3080.49
0.105757
4.20519
20.7122
0.452013
214.57
205.835
213.902
0.173946
1
0
0.237973
17
1
i = 6069
2209
3071
3092
3083
0.0708447
3.69025
28.8587
0.48026
265.74
251.5
264.062
0.121808
1
0
0.0950863
18
2
i = 6070
1506
3073
3095
3084.81
0.105231
4.28145
20.9472
0.446503
221.35
210.81
221.737
0.169034
1
0
0.12628
19
1
i = 6071
90
3068
3102
3085.62
0.108953
7.4976
26.9279
0.33961
492.81
475.62
493.519
0.136168
1
0
0.277238
31
0
i = 6072
2210
3073
3097
3087.39
0.069676
3.65236
29.1574
0.481999
266.145
252.17
265.292
0.119588
1
0
0.0285039
21
2
i = 6073
1507
3079
3098
3089.07
0.097962
4.324
22.8275
0.448553
239.08
232.795
239.376
0.163429
1
0
0.190487
16
1
i = 6074
2211
3080
3103
3092.08
0.0603993
3.57857
33.2726
0.486408
299.67
283.15
297.877
0.104222
1
0
0.0832604
20
2
i = 6075
1508
3081
3105
3092.78
0.0867029
4.25212
25.2782
0.446666
268.95
251.685
268.144
0.137846
1
0
0.10387
21
1
i = 6076
89
3073
3112
3093.63
0.0949867
7.22527
30.1034
0.34309
544.31
514.295
540.637
0.116506
1
0
0.364713
36
0
i = 6077
2212
3085
3107
3096.41
0.0690129
3.67474
29.5133
0.480175
270.355
256.47
270.9
0.117702
1
0
0.0391048
19
2
i = 6078
1509
3086
3108
3096.85
0.103713
4.20251
21.0305
0.450048
218.36
207.64
219.561
0.167095
1
0
0.291779
19
1
i = 6079
1510
3090
3112
3100.75
0.103978
4.08376
20.6684
0.456203
210.33
200.98
210.084
0.169376
1
0
0.14059
19
1
i = 6080
2213
3090
3113
3100.96
0.0673508
3.58626
29.8704
0.485886
268.11
252.645
268.169
0.116092
1
0
0.0345179
20
2
i = 6081
88
3081
3121
3101.47
0.105632
7.26617
27.131
0.341862
489.915
468.345
491.032
0.128755
1
0
0.209285
37
0
i = 6082
1511
3093
3119
3105.14
0.105181
4.46427
21.35
0.435866
237.58
221.965
238.045
0.16311
1
0
0.133682
23
1
i = 6083
2214
3096
3119
3105.67
0.0721584
3.69258
28.3106
0.479407
261.04
245.89
261.224
0.123219
1
0
0.0352551
20
2
i = 6084
1512
3097
3118
3109.03
0.102669
4.27856
21.5888
0.448803
225.785
217.495
225.69
0.168601
1
0
0.335224
18
1
i = 6085
2215
3098
3125
3110.15
0.0673433
3.62868
30.0478
0.482948
275.435
258.25
273.233
0.115307
1
0
0.0541434
24
2
i = 6086
87
3092
3130
3110.17
0.10287
7.12918
27.6131
0.34545
486.535
469.06
489.647
0.12711
1
0
0.629679
35
0
i = 6087
1513
3102
3125
3113.43
0.0989724
4.00988
21.5013
0.459842
215.625
206.19
215.198
0.161853
1
0
0.132555
20
1
i = 6088
2216
3104
3124
3114.73
0.0665434
3.68332
30.6815
0.480527
281.11
266.285
280.556
0.114317
1
0
0.0547249
17
2
i = 6089
1514
3102
3130
3117.23
0.103879
4.38139
21.4081
0.439672
239.17
219.12
234.487
0.162125
1
0
0.320023
25
1
i = 6090
86
3102
3136
3118.15
0.107473
7.28178
26.8561
0.34395
480
465.75
480.582
0.135133
1
0
0.851177
31
0
i = 6091
2217
3108
3134
3119.17
0.0739127
3.76175
27.8776
0.47445
266.265
245.87
262.604
0.124433
1
0
0.263734
23
2
i = 6092
1515
3106
3132
3121.38
0.104921
4.33221
21.1107
0.443177
231.23
213.4
227.014
0.166374
1
0
0.289537
23
1
i = 6093
2218
3113
3134
3123.99
0.0776209
3.78938
26.6632
0.473378
250.39
234.69
251.465
0.131001
1
0
0.100084
18
2
i = 6094
1516
3114
3140
3125.83
0.104985
4.72491
22.0271
0.424273
263.425
242.805
259.223
0.159251
1
0
0.732157
23
1
i = 6095
85
3107
3148
3128.25
0.0889291
7.25613
32.1972
0.341962
586.94
552.98
582.501
0.108282
1
0
1.64175
38
0
i = 6096
2219
3116
3140
3128.73
0.059214
3.70432
34.5298
0.478081
319.96
301.275
319.997
0.100428
1
0
0.19738
21
2
i = 6097
1517
3118
3141
3129.69
0.0795571
4.17726
27.3117
0.450842
284.61
269.79
284.13
0.127853
1
0
0.095365
20
1
i = 6098
2220
3119
3143
3132.76
0.049127
3.56044
40.8081
0.487757
363.29
345.16
363.087
0.0850722
1
0
0.0564069
21
2
i = 6099
1518
3118
3148
3133.13
0.0777367
4.2984
28.3308
0.443731
308.07
285.34
305.086
0.122292
1
0
0.282661
27
1
i = 6100
84
3117
3153
3134.63
0.0791259
6.44583
34.1076
0.362859
547.55
515.385
548.225
0.10227
1
0
1.66307
33
0
i = 6101
1519
3124
3146
3136.88
0.0916055
4.23351
24.0214
0.450406
249.895
239.065
249.452
0.150068
1
0
0.0596233
19
1
i = 6102
2221
3125
3149
3137.18
0.0641327
3.65828
31.6813
0.481028
290.015
274.76
290.165
0.109401
1
0
0.04225
21
2
i = 6103
1520
3127
3152
3141.16
0.105169
4.55626
21.6151
0.432543
248.18
233.705
243.877
0.16329
1
0
0.464494
22
1
i = 6104
2222
3130
3151
3141.82
0.0670169
3.72005
30.6228
0.478211
283.465
266.76
282.671
0.114633
1
0
0.0459061
18
2
i = 6105
83
3125
3159
3143.85
0.096791
7.28945
29.9332
0.344412
531.155
519.47
532.654
0.12268
1
0
1.00762
31
0
i = 6106
1521
3134
3156
3145.09
0.092654
4.17436
23.4581
0.451464
242.19
232.07
243.271
0.149634
1
0
0.15971
19
1
i = 6107
2223
3132
3157
3146.07
0.0615548
3.62174
32.8446
0.483503
301.285
282.25
297.589
0.105584
1
0
0.214882
22
2
i = 6108
1522
3135
3160
3148.8
0.0913293
4.73672
25.3865
0.424416
298.02
284.49
297.476
0.139355
1
0
0.377396
22
1
i = 6109
2224
3140
3161
3150.83
0.0577602
3.66873
35.2426
0.480791
321.975
304.505
322.45
0.0987915
1
0
0.0241097
18
2
i = 6110
82
3133
3171
3151.35
0.085741
6.68866
32.06
0.356136
537.055
509.765
535.111
0.108689
1
0
0.338548
35
0
i = 6111
1523
3140
3163
3152.6
0.0790359
4.1715
27.4935
0.451562
285.35
271.355
284.743
0.127623
1
0
0.151962
20
1
i = 6112
2225
3144
3167
3154.58
0.0626598
3.71725
32.6932
0.47741
304.13
285.36
304.004
0.106244
1
0
0.0870108
20
2
i = 6113
1524
3143
3167
3156.5
0.0948323
4.46998
23.7526
0.436901
262.32
246.67
262.592
0.148966
1
0
0.0976244
21
1
i = 6114
2226
3149
3172
3159.32
0.0637001
3.63882
31.8184
0.482528
288.92
274.76
289.693
0.109166
1
0
0.0205683
20
2
i = 6115
81
3143
3180
3160.08
0.0939133
7.49102
31.1012
0.338201
569.745
550.905
575.723
0.115027
1
0
0.998613
34
0
i = 6116
1525
3148
3171
3160.58
0.088948
4.08939
24.179
0.455844
245.15
235.18
245.819
0.144739
1
0
0.410617
20
1
i = 6117
2227
3151
3178
3163.58
0.0618476
3.66718
32.8908
0.4804
305.08
283.845
302.267
0.105333
1
0
0.0780545
24
2
i = 6118
1526
3154
3173
3164.04
0.0877738
4.08187
24.6259
0.459499
246.42
240.045
246.004
0.147556
1
0
0.220833
16
1
i = 6119
1527
3153
3186
3167.87
0.0937829
4.66142
24.4556
0.426129
293.155
267.53
285.592
0.141713
1
0
0.351316
30
1
i = 6120
2228
3158
3177
3168.08
0.0613472
3.63693
33.0908
0.484024
297.56
286.14
298.097
0.106491
1
0
0.0802945
16
2
i = 6121
80
3149
3185
3168.23
0.0883456
7.00953
31.9239
0.348946
554
535.72
553.899
0.11089
1
0
0.183461
33
0
i = 6122
1528
3159
3183
3171.73
0.0835256
4.17181
25.9914
0.450938
272.21
255.64
270.284
0.134059
1
0
0.117437
21
1
i = 6123
2229
3162
3185
3172.15
0.0618463
3.66547
32.8955
0.480861
302.59
285.355
301.596
0.10569
1
0
0.223507
20
2
i = 6124
1529
3161
3184
3175.52
0.0916763
4.23419
24.1408
0.451954
249.84
241.385
248.628
0.15258
1
0
0.132135
20
1
i = 6125
79
3157
3193
3176.34
0.0877606
6.86328
31.7842
0.35242
537.485
516.6
540.718
0.111007
1
0
0.28884
33
0
i = 6126
2230
3166
3188
3176.76
0.0617062
3.59071
32.6252
0.485661
292.56
277.02
293.007
0.106369
1
0
0.041846
19
2
i = 6127
1530
3167
3189
3179.57
0.0877998
4.05709
24.4485
0.458704
246.055
235.8
245.081
0.144926
1
0
0.0816313
19
1
i = 6128
2231
3171
3194
3181
0.0624871
3.65034
32.4929
0.481906
298.625
278.445
296.642
0.107055
1
0
0.118856
20
2
i = 6129
1531
3171
3198
3183.43
0.0870244
4.38435
25.5657
0.43961
282.73
261.4
280.345
0.13589
1
0
0.435891
24
1
i = 6130
78
3165
3203
3184.91
0.0923959
7.33319
31.2018
0.340931
565.57
541.72
567.307
0.113044
1
0
0.21084
35
0
i = 6131
2232
3175
3195
3185.37
0.0620888
3.67257
32.8206
0.480979
299.3
285.095
299.783
0.106569
1
0
0.138451
17
2
i = 6132
1532
3175
3197
3187.27
0.0891258
3.99407
23.8669
0.461702
234.88
221.83
236.331
0.147393
1
0
0.364521
19
1
i = 6133
2233
3179
3203
3189.79
0.0630198
3.70418
32.4466
0.478171
300.495
282.51
300.842
0.106964
1
0
0.0735154
21
2
i = 6134
1533
3179
3202
3191.04
0.0868225
4.247
25.2444
0.447382
266.545
252.58
266.506
0.138733
1
0
0.0773545
20
1
i = 6135
77
3174
3216
3193.63
0.0890102
7.45457
32.612
0.337483
602.1
573.97
606.273
0.107075
1
0
0.463652
39
0
i = 6136
2234
3180
3208
3194.4
0.0594787
3.68745
34.295
0.479068
319.385
297.71
316.925
0.101012
1
0
0.0811922
25
2
i = 6137
1534
3183
3205
3195.06
0.0846206
3.96767
25.0409
0.462947
245.325
231.125
246.739
0.140014
1
0
0.174984
19
1
i = 6138
2235
3189
3209
3198.67
0.0575065
3.60947
35.1217
0.48498
314.905
300.69
316.02
0.0993944
1
0
0.1094
17
2
i = 6139
1535
3187
3217
3199.08
0.0874528
4.48929
25.7504
0.434638
294.735
267.05
289.032
0.135225
1
0
0.28192
27
1
i = 6140
76
3182
3221
3202.39
0.0898215
7.72139
32.959
0.332568
627.985
605.6
629.707
0.107554
1
0
0.331525
36
0
i = 6141
1536
3188
3215
3203.03
0.086486
4.2979
25.4717
0.444057
273.465
258.455
273.349
0.136468
1
0
0.141182
24
1
i = 6142
2236
3191
3214
3203.59
0.0624647
3.79532
33.1439
0.472623
313.495
294.355
313.838
0.104963
1
0
0.0969781
20
2
i = 6143
1537
3197
3216
3207.1
0.0773932
4.07074
27.8932
0.460115
277.415
270.81
277.833
0.13027
1
0
0.247455
16
1
i = 6144
2237
3196
3218
3207.91
0.0522253
3.62886
38.7603
0.483284
352.29
330.92
351.049
0.0897007
1
0
0.0365613
19
2
i = 6145
75
3191
3230
3210.58
0.0861385
7.19696
33.1173
0.343599
591.675
568.435
593.332
0.105631
1
0
0.350177
36
0
i = 6146
1538
3197
3221
3210.7
0.0797235
4.1873
27.3128
0.450766
283.745
271.67
283.854
0.128567
1
0
0.330374
21
1
i = 6147
2238
3202
3223
3212.54
0.0603294
3.69692
33.8713
0.478968
310.25
295.77
312.368
0.102804
1
0
0.178485
18
2
i = 6148
1539
3204
3229
3214.97
0.0854195
4.24041
25.6323
0.447481
272.94
252.59
271.347
0.136267
1
0
0.861603
22
1
i = 6149
2239
3206
3233
3217.05
0.0592954
3.63241
34.1459
0.48278
310.925
294.455
310.676
0.101547
1
0
0.0253378
24
2
i = 6150
1540
3208
3231
3218.9
0.0901676
4.37531
24.688
0.441167
269.25
250.305
268.471
0.142517
1
0
0.17623
20
1
i = 6151
74
3200
3240
3219.4
0.0916567
7.66575
32.1469
0.333311
610.48
586.265
612.125
0.109468
1
0
0.373135
37
0
i = 6152
2240
3212
3233
3221.53
0.0593247
3.65823
34.2777
0.481749
311.85
296.455
312.97
0.101866
1
0
0.0854913
18
2
i = 6153
1541
3212
3233
3222.87
0.087447
4.36305
25.4914
0.443363
272.785
259.655
273.771
0.140634
1
0
0.180787
18
1
i = 6154
2241
3215
3238
3226.2
0.0591334
3.71686
34.6368
0.477327
319.74
304.62
322.076
0.100169
1
0
0.158921
20
2
i = 6155
1542
3211
3238
3226.49
0.0841639
4.30083
26.1901
0.444089
283.845
264.93
280.865
0.133001
1
0
0.281162
24
1
i = 6156
73
3208
3256
3229.86
0.0985331
8.94921
32.3182
0.308507
714.145
683.865
718.965
0.108958
1
0
1.21334
45
0
i = 6157
1543
3219
3240
3230.78
0.0887035
4.1466
24.5133
0.454655
248.53
240.995
249.937
0.146166
1
0
0.321919
18
1
i = 6158
2242
3218
3242
3231.04
0.0601219
3.76131
34.2719
0.474529
321.685
303.35
322.218
0.10127
1
0
0.0570976
21
2
i = 6159
1544
3223
3252
3235
0.0916846
4.55861
24.7556
0.431447
284.415
266.62
281.985
0.140871
1
0
0.202106
26
1
i = 6160
2243
3223
3247
3235.9
0.0562655
3.85133
37.0579
0.46899
356.76
330.675
356.628
0.0936943
1
0
0.017073
21
2
i = 6161
1545
3225
3253
3239.41
0.0847902
4.55705
26.7479
0.431108
304.575
290.955
304.768
0.129747
1
0
0.164175
25
1
i = 6162
72
3213
3269
3240.47
0.0976585
9.67668
33.85
0.295999
808.625
784.28
817.946
0.102784
1
0
0.373427
53
0
i = 6163
2244
3229
3253
3241.07
0.0539769
3.76794
38.2033
0.474013
359.145
338.65
360.252
0.0907565
1
0
0.0212776
21
2
i = 6164
1546
3230
3258
3243.25
0.0861526
4.43092
25.9573
0.437166
287.605
267.765
287.846
0.13365
1
0
0.103546
25
1
i = 6165
2245
3234
3262
3246.35
0.053058
3.91016
39.5905
0.465275
388.165
359.425
387.829
0.0875436
1
0
0.0470527
25
2
i = 6166
1547
3234
3262
3247.9
0.0768201
4.5837
29.6092
0.429853
340.65
321.135
339.417
0.11721
1
0
0.539496
25
1
i = 6167
71
3222
3276
3251.12
0.0815753
8.8871
38.8329
0.308815
864.7
819.185
862.077
0.089524
1
0
1.05162
51
0
i = 6168
2246
3241
3265
3251.21
0.0462563
3.79955
44.7885
0.472449
427.315
398.495
425.468
0.0777496
1
0
0.268692
21
2
i = 6169
1548
3239
3263
3251.54
0.0707555
4.42921
31.6337
0.438071
349.27
324.63
348.342
0.110697
1
0
0.286314
21
1
i = 6170
1549
3245
3269
3255.76
0.084071
4.5661
27.0792
0.432318
307.365
293.52
307.048
0.130715
1
0
0.136324
21
1
i = 6171
2247
3246
3268
3256.41
0.057713
4.02484
36.9673
0.459494
369.245
356.345
370.659
0.094667
1
0
0.214373
19
2
i = 6172
1550
3246
3273
3260.23
0.0753958
4.52555
29.9817
0.432747
337.655
325.41
338.799
0.115939
1
0
0.087033
24
1
i = 6173
2248
3247
3271
3261.54
0.0508367
3.72345
40.367
0.477658
375.915
353.235
373.766
0.086645
1
0
0.0323866
21
2
i = 6174
70
3235
3283
3261.76
0.0937454
9.19581
34.4887
0.304847
781.96
757.325
784.226
0.103033
1
0
1.04778
45
0
i = 6175
1551
3252
3277
3264.07
0.0757813
4.26254
28.9501
0.445927
307.37
290.92
308.302
0.120107
1
0
0.140044
22
1
i = 6176
2249
3255
3277
3266.3
0.0528535
3.73665
38.8622
0.476238
362.175
342.05
362.592
0.0894388
1
0
0.0493469
19
2
i = 6177
1552
3250
3278
3268.11
0.0782535
4.56847
29.2017
0.433394
336.485
317.715
327.793
0.123173
1
0
0.762056
25
1
i = 6178
2250
3260
3283
3271.12
0.0518862
3.76783
39.7463
0.474133
374.465
351.815
374.553
0.0873331
1
0
0.022268
20
2
i = 6179
1553
3259
3283
3272.25
0.0753682
4.3548
29.4631
0.442043
318.96
299.34
318.415
0.119217
1
0
0.216582
21
1
i = 6180
69
3247
3297
3272.61
0.0848208
8.84433
37.2665
0.30972
822.2
781.79
822.039
0.0935197
1
0
0.339659
47
0
i = 6181
2251
3261
3289
3276.01
0.0502968
3.796
41.1484
0.472179
393.565
366.05
391.337
0.0841953
1
0
0.0402555
25
2
i = 6182
1554
3264
3287
3276.12
0.0701941
4.36764
31.6847
0.441543
343.82
324.52
343.235
0.111032
1
0
0.361753
20
1
i = 6183
1555
3268
3294
3279.92
0.0765667
4.22127
28.5124
0.448034
302.39
281.47
301.022
0.121863
1
0
0.150471
23
1
i = 6184
2252
3269
3291
3280.55
0.0529431
3.87229
39.5074
0.468094
382.835
354.76
381.214
0.088233
1
0
0.0996761
19
2
i = 6185
68
3260
3307
3282.84
0.0819497
8.46937
37.7532
0.316608
793.05
755.755
797.071
0.0924699
1
0
0.234615
44
0
i = 6186
1556
3274
3295
3283.87
0.0781541
4.19954
27.951
0.451221
288.505
276.675
290.627
0.127241
1
0
0.371338
18
1
i = 6187
2253
3275
3300
3285.46
0.0484469
3.69815
42.1763
0.478643
390.255
368.36
390.366
0.0823581
1
0
0.0755246
22
2
i = 6188
1557
3274
3300
3287.6
0.0752096
4.62655
30.4019
0.428312
352.135
333.49
350.418
0.114754
1
0
0.180803
23
1
i = 6189
2254
3279
3300
3290.01
0.0519526
3.78628
39.8206
0.473571
375.185
354.125
375.243
0.0877153
1
0
0.0498979
18
2
i = 6190
1558
3278
3301
3291.28
0.0780587
4.51478
29.1155
0.436235
326.6
314.745
322.408
0.123934
1
0
0.666392
20
1
i = 6191
67
3266
3314
3293.48
0.0798276
8.86496
39.7591
0.310381
872.28
838.12
872.251
0.0892285
1
0
0.377284
45
0
i = 6192
2255
3284
3306
3294.67
0.0496829
3.75319
41.4348
0.475214
387.78
364.42
388.519
0.0839088
1
0
0.0624482
19
2
i = 6193
1559
3281
3305
3295.16
0.0776404
4.4255
28.9268
0.439874
318.235
298.775
315.229
0.12357
1
0
0.736525
21
1
i = 6194
1560
3282
3312
3299.37
0.0740507
4.47648
30.359
0.435059
343.69
314.53
339.518
0.114433
1
0
0.172251
27
1
i = 6195
2256
3288
3309
3299.47
0.0487154
3.74801
42.2659
0.476172
393.575
372.525
393.697
0.0828177
1
0
0.0927881
18
2
i = 6196
1561
3290
3317
3303.2
0.0659791
4.31144
33.4331
0.443167
360
339.09
360.697
0.103747
1
0
0.12871
24
1
i = 6197
66
3282
3329
3303.67
0.0743416
8.74636
42.3354
0.311974
922.645
880.09
920.863
0.0830462
1
0
0.827322
44
0
i = 6198
2257
3292
3315
3304.13
0.0452262
3.70478
45.2159
0.478138
419.335
395.32
418.714
0.0767598
1
0
0.0891804
20
2
i = 6199
1562
3296
3321
3306.86
0.0685061
4.33414
32.3267
0.442883
349.995
327.38
349.405
0.10839
1
0
0.275157
22
1
i = 6200
2258
3298
3320
3308.75
0.0485996
3.8782
43.0668
0.467671
415.42
386.88
416.762
0.0808812
1
0
0.265771
19
2
i = 6201
1563
3300
3322
3311.02
0.0761001
4.23086
28.7613
0.448621
300.545
288.895
302.066
0.122297
1
0
0.199572
19
1
i = 6202
2259
3301
3325
3313.85
0.0513203
3.86898
40.7219
0.467922
395.515
364.31
393.674
0.0852672
1
0
0.0693568
21
2
i = 6203
65
3291
3336
3314.42
0.0833497
9.0581
38.4902
0.307258
854.55
835.86
861.636
0.092426
1
0
0.663853
42
0
i = 6204
1564
3303
3328
3315.26
0.0708837
4.20349
30.7323
0.448965
321.66
305.83
322.865
0.113039
1
0
0.0910797
22
1
i = 6205
2260
3303
3329
3318.65
0.0477952
3.79496
43.3155
0.472652
413.775
383.49
410.133
0.0803226
1
0
0.145055
23
2
i = 6206
1565
3306
3332
3319.24
0.0703555
4.37235
31.5789
0.440212
346.895
321.385
344.96
0.11001
1
0
0.422198
23
1
i = 6207
1566
3308
3335
3323.48
0.0725417
4.4101
30.777
0.438706
338.36
317.35
338.084
0.113382
1
0
0.317843
24
1
i = 6208
2261
3310
3334
3323.83
0.0465556
3.85286
44.8183
0.469277
432.135
399.625
430.242
0.0777888
1
0
0.0661595
21
2
i = 6209
64
3304
3348
3325.73
0.0796523
8.99909
40.158
0.308422
887.725
855.285
892.744
0.0888184
1
0
0.535578
41
0
i = 6210
1567
3314
3342
3327.52
0.0665378
4.36559
33.3589
0.440377
364.705
340.71
364.566
0.103941
1
0
0.102297
25
1
i = 6211
2262
3318
3340
3328.69
0.0468389
3.9073
44.8566
0.465991
435.43
406.085
437.219
0.0777079
1
0
0.220685
19
2
i = 6212
1568
3318
3346
3331.55
0.0693076
4.51557
32.5732
0.433064
369.505
350.075
367.994
0.106521
1
0
0.158914
25
1
i = 6213
2263
3320
3345
3333.92
0.0469333
3.89117
44.6571
0.466604
436.6
401.31
434.138
0.077769
1
0
0.277465
22
2
i = 6214
1569
3325
3348
3336.05
0.071095
4.52543
31.8668
0.434234
356.07
345.26
357.547
0.110998
1
0
0.39946
20
1
i = 6215
63
3310
3361
3336.25
0.0780057
9.28372
41.5305
0.302467
963.85
914.99
960.215
0.0841497
1
0
0.447274
48
0
i = 6216
2264
3323
3351
3338.94
0.0429313
3.74635
47.8927
0.475323
450.655
418.585
449.302
0.072357
1
0
0.0122351
25
2
i = 6217
1570
3326
3352
3339.94
0.0703492
4.55492
32.2509
0.431666
364.645
349.885
365.929
0.10818
1
0
0.118486
23
1
i = 6218
2265
3333
3359
3344.22
0.0464521
3.98277
45.6497
0.461242
455.625
419.75
454.937
0.0761069
1
0
0.0262884
23
2
i = 6219
1571
3331
3357
3344.53
0.0679628
4.58227
33.4782
0.430292
381.55
365.66
382.411
0.104106
1
0
0.0446275
23
1
i = 6220
62
3323
3367
3347.27
0.0801037
8.78115
39.4927
0.312398
849.745
826.4
854.85
0.0906608
1
0
1.19715
41
0
i = 6221
1572
3335
3361
3349.14
0.0651168
4.85032
35.9999
0.419034
432.92
410.825
432.983
0.0977836
1
0
0.109663
23
1
i = 6222
2266
3336
3363
3349.58
0.0437464
3.87185
47.7803
0.467535
464.22
429.97
463.47
0.0725118
1
0
0.035522
24
2
i = 6223
1573
3341
3369
3353.52
0.0625052
4.61809
36.5398
0.428514
422.955
400.375
421.734
0.0952722
1
0
0.107745
25
1
i = 6224
2267
3342
3365
3354.46
0.0419307
3.83433
49.6278
0.470214
475.525
443.54
474.755
0.0701006
1
0
0.0627651
20
2
i = 6225
61
3334
3377
3357.63
0.0654663
8.07119
46.2131
0.324999
927.005
890.28
924.633
0.0763818
1
0
0.460252
40
0
i = 6226
1574
3344
3372
3357.96
0.0610286
4.62753
37.4495
0.427839
434.46
408.515
433.284
0.0926979
1
0
0.211516
25
1
i = 6227
2268
3347
3372
3359.52
0.0395915
3.79051
52.2382
0.472557
495.985
463.205
495.816
0.0663448
1
0
0.0371612
22
2
i = 6228
1575
3348
3375
3362.3
0.058306
4.66649
39.3774
0.426331
459.67
435.93
458.233
0.0884495
1
0
0.230013
24
1
i = 6229
2269
3350
3377
3364.36
0.0384647
3.8636
54.2837
0.468048
523.7
489.165
525.258
0.0638334
1
0
0.0532544
24
2
i = 6230
1576
3350
3379
3366.5
0.0571845
4.65542
40.1032
0.426828
465.59
443.275
465.632
0.0868441
1
0
0.324605
26
1
i = 6231
60
3345
3392
3367.05
0.0647798
8.46397
47.7553
0.316799
1009.36
952.475
1007.34
0.0732135
1
0
1.18105
44
0
i = 6232
2270
3356
3381
3369.56
0.0390637
3.86382
53.4589
0.468155
518.145
479.475
516.515
0.064898
1
0
0.0868544
22
2
i = 6233
1577
3355
3388
3371.04
0.0562459
4.68251
40.8677
0.425141
482.445
453.925
479.478
0.0847763
1
0
0.320949
30
1
i = 6234
2271
3363
3387
3374.59
0.036548
3.87285
57.2056
0.467621
553.35
515.015
554.289
0.0606544
1
0
0.0839301
21
2
i = 6235
1578
3361
3387
3375.44
0.0561604
4.73658
41.2471
0.423973
484.245
461.425
484.592
0.0852875
1
0
0.1569
23
1
i = 6236
59
3353
3403
3377.76
0.0622319
9.16777
51.7326
0.304396
1177.79
1128.08
1181.23
0.0675779
1
0
1.11052
47
0
i = 6237
2272
3368
3391
3379.98
0.0351798
3.89571
59.617
0.46643
578.66
535.61
579.817
0.0583122
1
0
0.0573626
20
2
i = 6238
1579
3364
3393
3380.19
0.0523967
4.66893
43.8247
0.426111
515.5
484.245
510.692
0.0793764
1
0
0.260193
26
1
i = 6239
1580
3369
3398
3384.53
0.0480211
4.50357
46.9488
0.433616
528.285
504.635
528.865
0.0738853
1
0
0.226788
26
1
i = 6240
2273
3371
3396
3385.03
0.0327898
3.93714
64.3022
0.463952
632.32
587.55
632.087
0.0540561
1
0
0.171146
22
2
i = 6241
1581
3376
3398
3388.63
0.0487423
4.34855
45.7565
0.44449
487.665
467.01
487.956
0.0788483
1
0
0.494236
19
1
i = 6242
58
3365
3411
3389.69
0.0559961
10.0379
60.6666
0.293513
1476.19
1460.26
1488.2
0.0604911
1
0
4.53566
43
0
i = 6243
2274
3379
3404
3390.34
0.0305102
3.84801
68.3063
0.469123
656.14
614.14
657.983
0.0507953
1
0
0.127187
22
2
i = 6244
1582
3377
3405
3392.73
0.0438925
4.30607
50.2323
0.443555
541.78
506.775
540.481
0.0691372
1
0
0.153689
25
1
i = 6245
2275
3383
3407
3395.21
0.0278662
3.73775
73.7023
0.475914
689.625
648.17
689.46
0.0470391
1
0
0.228141
21
2
i = 6246
1583
3382
3411
3396.61
0.0399531
4.31549
55.2335
0.442869
602.075
557.975
596.969
0.0627386
1
0
0.258897
26
1
i = 6247
57
3371
3415
3398.6
0.0351037
7.0864
80.8322
0.347095
1441.21
1365.92
1417.99
0.0438551
1
0
40.8743
41
0
i = 6248
2276
3389
3416
3400.15
0.0242316
3.93041
86.931
0.464277
855.02
793.22
855.147
0.0399543
1
0
0.111691
24
2
i = 6249
1584
3389
3413
3400.51
0.0369825
4.19513
58.8623
0.44965
615.6
582.535
616.411
0.0591723
1
0
0.249839
21
1
i = 6250
56
3384
3416
3401.8
0.0509538
4.90184
46.1651
0.415687
568.985
532.47
565.727
0.0751925
1
0
5.7892
29
0
i = 6251
1585
3391
3418
3403.33
0.03297
3.77894
62.633
0.473261
599.41
555.02
593.04
0.055324
1
0
0.56599
24
1
i = 6252
2277
3393
3416
3404.05
0.0234577
3.44713
84.0786
0.495534
726.07
667.785
725.904
0.0412203
1
0
0.499943
20
2
i = 6253
1586
3395
3412
3404.61
0.0655324
3.28197
29.4967
0.510661
237.58
226.235
238.158
0.120965
1
0
0.323214
14
1
i = 6254
2278
3399
3416
3405.41
0.264851
2.73646
6.65339
0.558258
46.025
42.335
45.3784
0.531155
1
0
0.0525673
14
2
i = 6255
24
3622
3639
3631.3
0.137694
3.23267
13.9063
0.513623
111.41
105.82
111.128
0.254035
1
0
0.0797464
14
0
i = 6256
1458
3625
3638
3631.31
0.269159
2.63317
6.42457
0.569795
41.3
40.325
41.8255
0.553181
1
0
0.0494401
10
1
i = 6257
1459
3622
3640
3631.32
0.124425
3.27048
15.4527
0.50956
125.315
118.77
125.752
0.226057
1
0
0.0568227
15
1
i = 6258
2221
3620
3642
3631.46
0.0793759
3.13164
23.6826
0.519863
187.87
174.7
185.774
0.146298
1
0
0.0752499
19
2
i = 6259
1460
3623
3637
3631.6
0.279208
3.18724
7.06548
0.527343
53.365
52.855
52.8683
0.564814
1
0
0.0427237
11
1
i = 6260
23
3624
3638
3631.62
0.220038
3.21414
8.78562
0.52106
68.365
66.425
68.0472
0.42868
1
0
0.0227105
11
0
i = 6261
1434
3705
3723
3713.41
0.286147
3.53143
6.99622
0.491681
60.995
59.1
61.2752
0.506296
1
0
0.0338552
15
1
i = 6262
2201
3703
3721
3713.82
0.215042
3.33931
9.08739
0.507075
75.66
70.285
74.3425
0.396436
1
0
0.105256
15
2
i = 6263
1433
3705
3722
3713.87
0.173086
3.1731
10.9466
0.517673
88.25
80.65
86.2479
0.320221
1
0
0.171259
14
1
i = 6264
32
3706
3726
3714.09
0.177307
3.11917
10.59
0.521671
84.08
78.095
82.5546
0.329586
1
0
0.137698
17
0
i = 6265
2200
3706
3720
3714.18
0.156856
3.04584
12.0303
0.534979
89.225
87.135
88.0164
0.313196
1
0
0.0298806
11
2
