Contents of a std::vector<recob::Hit>

i = 0
27705
2745
2762
2754.49
0.246819
3.53291
8.15328
0.493779
70.065
68.89
70.3648
0.445519
1
0
0.0562214
14
2
i = 1
25957
2746
2759
2754.57
0.211716
2.87643
9.10041
0.558447
60.54
60.075
59.9978
0.461355
1
0
0.247001
10
0
i = 2
27706
2745
2761
2754.66
0.184552
3.20261
10.4399
0.52012
81.53
78.785
80.9324
0.354523
1
0
0.061956
13
2
i = 3
26400
2748
2762
2754.81
0.186115
3.13685
10.2026
0.525522
77.605
74.14
78.1562
0.361062
1
0
0.372941
11
1
i = 4
27702
2895
2910
2902.91
0.216276
2.81206
8.24838
0.550012
57.8
52.875
57.5285
0.425418
1
0
0.00817028
12
2
i = 5
26413
2896
2909
2902.94
0.295399
3.01058
6.32933
0.538464
46.115
44.97
45.9358
0.595005
1
0
0.0996906
10
1
i = 6
28004
2924
2938
2931.75
0.163631
2.87488
11.0776
0.546758
77.975
72.805
77.8957
0.32574
1
0
0.0206757
11
2
i = 7
26337
2923
2941
2932.9
0.307584
3.38725
6.37164
0.501674
54.295
48.925
53.3864
0.553917
1
0
0.0396013
15
0
i = 8
27730
3195
3215
3204.83
0.0712443
3.54797
28.1004
0.488982
247.805
236.395
248.692
0.123997
1
0
0.0910545
17
2
i = 9
26464
3196
3211
3205.02
0.226917
3.31819
8.75827
0.5145
69.205
68.135
69.1555
0.441365
1
0
0.175352
12
1
i = 10
26463
3194
3219
3206.29
0.0526661
4.40587
42.3585
0.438768
469.375
431.805
465.672
0.0822289
1
0
4.05811
22
1
i = 11
27749
3200
3214
3206.4
0.269372
2.93153
6.7955
0.541649
48.64
45.81
49.1123
0.531883
1
0
0.0266286
11
2
i = 12
25979
3196
3225
3207.74
0.118596
5.56393
21.302
0.393263
300.055
275.62
292.604
0.170219
1
0
4.57997
26
0
i = 13
27729
3194
3226
3208.32
0.0256326
4.77946
90.6088
0.420905
1084.99
1018.17
1084.32
0.0382795
1
0
6.37781
29
2
i = 14
26462
3195
3227
3209.68
0.0462832
5.84194
55.5562
0.381556
804.145
759.355
808.162
0.0631353
1
0
8.33667
29
1
i = 15
25920
3207
3222
3216.35
0.298709
2.80517
6.02514
0.555069
41.945
39.195
40.9769
0.60979
1
0
0.0445107
12
0
i = 16
27768
3208
3224
3216.48
0.222694
3.05726
8.35695
0.527857
63.49
60.81
63.2653
0.421401
1
0
0.0342786
13
2
i = 17
25919
3205
3223
3217.03
0.349965
3.43111
5.81222
0.506609
50.52
44.99
47.2494
0.673051
1
0
0.301108
15
0
i = 18
26461
3200
3236
3217.03
0.0588717
7.13542
48.3488
0.346011
850.975
823.825
854.592
0.0733867
1
0
0.298433
33
1
i = 19
26466
3210
3225
3217.32
0.210733
3.20838
9.08219
0.517818
71.825
68.225
71.6164
0.397929
1
0
0.10818
12
1
i = 20
26467
3206
3227
3217.57
0.224902
3.63109
9.0083
0.483549
83.335
76.81
81.4002
0.387634
1
0
0.155434
18
1
i = 21
27728
3201
3235
3217.77
0.0337287
5.57494
74.3737
0.389778
1041.78
984.62
1036.94
0.0466678
1
0
0.542068
31
2
i = 22
25918
3209
3226
3218.18
0.297471
3.5618
6.78266
0.491383
60.44
57.475
59.1739
0.532821
1
0
0.126535
14
0
i = 23
27769
3210
3227
3218.6
0.235629
3.03676
7.86074
0.528577
59.005
57.09
59.4901
0.443411
1
0
0.0182359
14
2
i = 24
25980
3194
3247
3220.5
2.65
17.6667
28.4704
2.84704
1260.91
1260.91
1092.19
17.8301
1
0
58.5984
1
0
i = 25
26460
3205
3245
3225.67
0.0663016
7.26225
43.2152
0.34197
780.14
744.235
781.569
0.0808551
1
0
0.185554
37
1
i = 26
27727
3210
3247
3228.02
0.0380679
5.49781
65.4297
0.392373
902.995
838.925
901.007
0.0529637
1
0
0.487321
34
2
i = 27
25981
3197
3262
3229.5
3.25
21.6667
33.546
3.3546
1822.08
1822.08
1578.34
25.7654
1
0
-1
1
0
i = 28
26459
3214
3251
3233.63
0.0658408
6.76633
42.0195
0.354435
702.945
674.66
707.156
0.0833461
1
0
0.455661
34
1
i = 29
27726
3221
3255
3237.35
0.0393113
4.9736
60.2635
0.412527
753.395
696.43
750.836
0.0575005
1
0
0.295579
31
2
i = 30
26458
3222
3257
3241.4
0.0732132
6.5785
37.3174
0.360089
607.535
588.31
607.969
0.094738
1
0
0.686442
32
1
i = 31
25982
3204
3272
3242.44
0.10264
14.3359
39.6002
0.245553
1392.56
1350.57
1388.03
0.0927057
1
0
2.12179
65
0
i = 32
27725
3232
3262
3245.95
0.0414337
4.89266
56.7229
0.416138
697.75
644.675
694.075
0.0612405
1
0
0.413377
27
2
i = 33
26457
3232
3269
3248.68
0.0761413
6.51345
35.6459
0.361161
573.69
555.97
578.898
0.0981343
1
0
0.343635
34
1
i = 34
26369
3242
3262
3253.85
0.140268
3.50443
14.2212
0.493456
124.785
117.87
123.124
0.248912
1
0
0.0998885
17
0
i = 35
28066
3243
3266
3254
0.0708548
3.39507
27.6245
0.499309
237.505
216.14
234.931
0.125447
1
0
0.466392
20
2
i = 36
26612
3247
3269
3254.22
0.681304
2.48453
7.64264
2.01292
152.57
43.355
47.5549
3.23324
2
0
0.119221
16
1
i = 37
27724
3239
3268
3254.31
0.044318
4.86287
52.8736
0.417476
645.16
601.735
642.017
0.0657486
1
0
0.215153
26
2
i = 38
26614
3246
3267
3254.45
0.164277
3.92321
12.8942
0.467826
125.855
116.635
125.261
0.279422
1
0
0.0429215
18
1
i = 39
26370
3247
3267
3255.48
0.121437
4.28197
18.3553
0.450241
191.82
183.365
192.539
0.202585
1
0
0.796803
17
0
i = 40
26613
3245
3270
3255.63
0.10434
4.72996
22.2436
0.425368
262.57
246.29
260.864
0.160431
1
0
0.999619
22
1
i = 41
26456
3237
3272
3256.07
0.0771986
6.2958
34.5724
0.367463
542.46
514.195
541.234
0.101339
1
0
0.255293
32
1
i = 42
28065
3244
3270
3257.93
0.108504
4.31098
20.3337
0.443391
217.6
205.365
218.855
0.170962
1
0
0.158581
23
2
i = 43
25983
3227
3295
3257.94
1.73995
11.6774
28.1652
28.3726
1164.16
403.835
820.79
197.138
2
1
0.447577
62
0
i = 44
26371
3248
3268
3258.95
0.173701
4.6767
13.4711
0.432908
151.805
149.005
151.519
0.283303
1
0
0.129357
17
0
i = 45
26612
3247
3269
3260.85
0.774194
3.62271
11.5577
0.788095
152.57
101.72
103.153
1.53509
2
1
0.119221
16
1
i = 46
26546
3252
3271
3261.7
0.23552
3.49119
8.43534
0.49327
74.24
66.9
73.2714
0.414443
1
0
0.0727128
16
1
i = 47
27769
3253
3271
3261.75
0.242962
3.37035
8.03666
0.502276
67.1
62.545
67.3848
0.436063
1
0
0.0124064
15
2
i = 48
27770
3254
3272
3261.83
0.163406
3.11892
11.4958
0.522036
89.265
83.935
89.4616
0.304652
1
0
0.0616004
15
2
i = 49
28064
3253
3272
3261.83
0.21803
3.30834
8.86755
0.506426
73.93
67.095
73.2429
0.393131
1
0
0.146858
16
2
i = 50
25996
3252
3271
3261.85
0.306831
3.55294
6.53418
0.489221
58.56
53.675
57.6684
0.536466
1
0
0.256136
16
0
i = 51
26547
3253
3273
3261.91
0.207261
3.30701
9.32524
0.5064
79.67
70.055
77.0852
0.373379
1
0
0.210997
17
1
i = 52
25997
3255
3270
3262.02
0.210519
3.0958
8.92129
0.526351
68.095
65.985
68.1931
0.401964
1
0
0.0949114
12
0
i = 53
27723
3248
3279
3262.66
0.0466602
4.9436
50.625
0.413895
627.36
583.31
626.25
0.0685415
1
0
0.0993061
28
2
i = 54
26455
3245
3286
3263.54
0.0816382
6.65835
33.5873
0.356781
563.31
529.65
559.123
0.103514
1
0
0.166403
38
1
i = 55
25984
3247
3312
3266.86
1.44746
8.43918
11.8632
6.54266
1143.93
359.525
248.974
30.8839
2
0
0.316774
59
0
i = 56
28052
3255
3282
3269.48
0.122943
5.65923
20.6841
0.389802
284.825
279.285
287.331
0.174644
1
0
1.88413
24
2
i = 57
26399
3251
3286
3269.72
0.212712
6.18127
12.4263
0.370602
191.54
182.52
191.335
0.280957
1
0
0.723836
32
0
i = 58
26619
3255
3281
3270.15
0.180975
5.75076
14.3633
0.38983
199.265
195.225
198.973
0.26447
1
0
1.8058
23
1
i = 59
26620
3256
3280
3270.17
0.211375
4.93871
11.3177
0.418855
137.265
130.11
135.807
0.32703
1
0
0.797192
21
1
i = 60
25600
3258
3282
3270.56
0.173941
5.06276
13.8204
0.412043
171.92
167.89
171.86
0.260992
1
0
0.631243
21
0
i = 61
25983
3227
3295
3270.67
30.6451
15.1583
9.61277
20.9996
1164.16
602.605
343.447
560.189
2
0
0.447577
62
0
i = 62
26454
3255
3291
3271.09
0.0876079
6.68339
31.4206
0.357088
522.635
500.185
522.005
0.112239
1
0
0.357597
33
1
i = 63
27722
3250
3287
3271.53
0.0496335
5.18316
48.7304
0.404186
634.095
597.78
631.902
0.0711811
1
0
0.310221
34
2
i = 64
26398
3266
3286
3271.78
0.453616
4.65338
6.03368
0.444446
63.57
59.655
64.0534
0.800774
1
0
0.0950059
17
0
i = 65
28051
3256
3282
3271.98
0.162956
4.20267
13.3962
0.450274
148.2
132.48
139.482
0.263193
1
0
1.21118
23
2
i = 66
26453
3261
3295
3278.86
0.0953854
6.8086
29.1583
0.354358
487.405
470.32
490.558
0.121939
1
0
0.246715
31
1
i = 67
27721
3262
3297
3280.75
0.051074
5.24461
47.6333
0.401767
627.525
588.955
625.302
0.0727812
1
0
0.0764848
32
2
i = 68
25984
3247
3312
3282.44
2.57129
12.7146
28.5379
3.18229
1143.93
768.815
897.265
12.785
2
1
0.316774
59
0
i = 69
25985
3258
3332
3283
4.92906
11.671
13.2983
4.77795
1173.66
435.24
383.421
31.6341
2
0
0.590651
68
0
i = 70
26452
3270
3304
3286.41
0.0916795
6.47225
29.5276
0.362677
472.225
450.12
474.94
0.119068
1
0
0.158561
31
1
i = 71
27720
3272
3306
3289.84
0.052038
5.18602
46.489
0.40403
606.985
569.41
603.456
0.0745723
1
0
0.219942
31
2
i = 72
26451
3274
3312
3294.03
0.0948324
6.66331
28.9335
0.356844
480.555
459.72
480.667
0.120489
1
0
0.145668
35
1
i = 73
27719
3283
3315
3298.78
0.0545561
5.16058
44.237
0.405086
571.145
540.88
571.13
0.0784245
1
0
0.169785
29
2
i = 74
26450
3283
3317
3301.37
0.0880048
6.69031
31.3306
0.357425
516.01
499.415
517.974
0.113425
1
0
0.292144
31
1
i = 75
25985
3258
3332
3302.26
2.21084
11.4066
27.764
5.13485
1173.66
712.555
789.694
14.2632
2
1
0.590651
68
0
i = 76
26460
3296
3310
3302.76
0.252661
2.68744
6.90406
0.562869
46.265
43.39
46.0842
0.509373
1
0
0.0383657
11
1
i = 77
25999
3296
3312
3302.86
0.273023
3.10453
6.89126
0.525402
53.81
49.83
53.026
0.519742
1
0
0.0736711
13
0
i = 78
27717
3296
3329
3302.94
0.177074
3.09557
13.8145
0.546594
660.82
104.275
106.346
0.342076
2
0
0.0438414
27
2
i = 79
26461
3296
3310
3303.03
0.249548
2.6682
6.96308
0.564684
46.585
43.59
46.1222
0.504065
1
0
0.0927701
11
1
i = 80
25998
3293
3312
3303.2
0.252883
3.79135
8.20967
0.47497
76.865
72.935
76.7419
0.433642
1
0
0.0274241
16
0
i = 81
27718
3293
3324
3307.36
0.0509635
5.05138
46.8587
0.409556
591.955
564.66
591.961
0.0741394
1
0
0.0820704
28
2
i = 82
26449
3288
3326
3308.86
0.0895586
6.39073
30.003
0.364329
475.525
451.515
478.228
0.116127
1
0
0.174134
35
1
i = 83
25986
3279
3343
3313.86
0.121774
13.8212
32.7382
0.250074
1108.31
1078.48
1106.58
0.111988
1
0
1.25735
61
0
i = 84
27717
3296
3329
3315.84
0.0752311
5.19308
42.9044
0.42003
660.82
538
554.376
0.123443
2
1
0.0438414
27
2
i = 85
26448
3299
3337
3316.41
0.093912
6.67079
29.2413
0.356774
482.505
466.315
486.558
0.119448
1
0
0.192389
35
1
i = 86
26447
3307
3343
3323.96
0.0916752
6.41844
29.3807
0.363703
469.585
442.27
470.261
0.118847
1
0
0.127093
33
1
i = 87
27716
3308
3340
3324.54
0.0561652
4.8629
41.7088
0.417222
512.365
474.14
507.771
0.0831049
1
0
0.320707
29
2
i = 88
25987
3300
3356
3329.4
0.118854
12.2165
31.498
0.265904
947.985
917.025
941.893
0.11608
1
0
2.73153
53
0
i = 89
26446
3315
3347
3331.26
0.0887874
6.10872
29.6189
0.373297
448.115
431.005
449.333
0.118669
1
0
0.202963
29
1
i = 90
27715
3313
3346
3332.55
0.0506204
4.56541
44.8439
0.430688
514.91
488.245
512.034
0.0773701
1
0
0.423925
30
2
i = 91
26445
3322
3354
3337.48
0.0912157
6.15363
28.9441
0.37206
439.055
424.26
442.332
0.121657
1
0
0.757632
29
1
i = 92
27714
3319
3359
3339.67
0.0555268
4.71179
41.5258
0.423804
494.68
461.555
490.431
0.0834207
1
0
0.0934486
37
2
i = 93
25988
3316
3370
3342.69
0.111518
10.6222
31.1197
0.283388
816.84
789.5
819.464
0.113567
1
0
0.302247
51
0
i = 94
26444
3324
3362
3344.34
0.0944202
6.42114
28.5212
0.36338
460.615
430.57
457.082
0.122013
1
0
0.510491
35
1
i = 95
27713
3334
3363
3347.19
0.0586943
4.72163
39.3392
0.423667
465.57
438.995
464.466
0.0883642
1
0
0.102881
26
2
i = 96
26443
3336
3368
3351.57
0.0966552
6.15985
27.3283
0.371867
413.035
401.38
418.03
0.128838
1
0
0.575172
29
1
i = 97
27712
3340
3368
3354.85
0.0576725
4.62308
39.6136
0.428117
457.215
433.605
457.454
0.0877076
1
0
0.0389692
25
2
i = 98
25989
3327
3380
3356.25
0.122463
11.0429
29.0449
0.279246
783.915
769.33
786.991
0.124943
1
0
0.542967
50
0
i = 99
26442
3338
3374
3358.13
0.101394
5.97087
25.6172
0.376951
383.14
358.175
381.396
0.136067
1
0
0.145829
33
1
i = 100
27711
3348
3381
3362.24
0.0661044
4.84909
35.391
0.417908
429.485
403.14
429.637
0.0980449
1
0
0.0662317
30
2
i = 101
27730
3354
3374
3364.12
0.0951066
3.30322
20.303
0.506382
168.37
156.34
167.637
0.17097
1
0
0.0362329
17
2
i = 102
26457
3357
3381
3364.7
0.920892
3.09533
11.0071
3.49666
226.22
83.21
85.0704
5.87696
2
0
0.198888
18
1
i = 103
26456
3350
3380
3365.14
0.137979
4.8038
16.8753
0.419843
210.795
188.075
202.809
0.205544
1
0
2.43924
27
1
i = 104
25973
3356
3374
3365.18
0.272689
3.5855
7.39615
0.48797
65.985
62.915
65.5857
0.478852
1
0
0.136282
15
0
i = 105
26441
3350
3382
3365.57
0.112151
6.12407
23.4807
0.372881
356.265
341.525
357.234
0.149802
1
0
0.234077
29
1
i = 106
25972
3354
3381
3367.15
0.130235
5.61185
19.4107
0.390919
268.785
258.38
268.666
0.184651
1
0
2.95279
24
0
i = 107
25990
3340
3395
3369.12
0.128614
10.9447
27.4169
0.279464
737.595
714.57
741.951
0.129623
1
0
0.759024
52
0
i = 108
27731
3356
3382
3369.16
0.109126
5.30711
22.5065
0.401559
290.91
283.095
294.937
0.158343
1
0
1.03814
23
2
i = 109
25971
3356
3379
3369.4
0.208443
5.64875
12.615
0.397369
166.515
165.875
167.848
0.321218
1
0
1.06416
20
0
i = 110
27710
3356
3389
3369.8
0.0649433
4.68209
35.3976
0.425287
417.775
390.82
414.963
0.0980169
1
0
0.0661179
30
2
i = 111
26457
3357
3381
3371.6
1.16279
4.00558
14.1677
1.79994
226.22
139.34
140.392
4.1246
2
1
0.198888
18
1
i = 112
26458
3361
3382
3371.68
0.224131
4.52776
10.1504
0.436161
112.095
110.64
112.718
0.357274
1
0
0.281866
18
1
i = 113
26440
3357
3388
3372.35
0.109691
6.14023
24.0584
0.372819
363.48
351.91
365.981
0.147077
1
0
0.229171
28
1
i = 114
27732
3361
3382
3372.41
0.237222
4.10914
9.10793
0.456003
92.63
89.395
92.3947
0.389866
1
0
0.180718
18
2
i = 115
28059
3368
3383
3375.36
0.288918
3.11172
6.51278
0.524794
50.06
48.225
49.9764
0.54923
1
0
0.0476552
12
2
i = 116
25909
3368
3384
3376.2
0.227539
3.29894
8.51325
0.509554
68.845
65.945
69.188
0.41962
1
0
0.0709609
13
0
i = 117
27788
3369
3384
3376.71
0.164878
3.23669
11.6663
0.515876
92.09
88.285
92.4715
0.310864
1
0
0.0702276
12
2
i = 118
26489
3368
3387
3377.03
0.252187
3.45373
7.83563
0.495929
68.16
61.78
67.4429
0.446144
1
0
0.0490351
16
1
i = 119
27709
3364
3391
3377.49
0.0630359
4.58408
36.0901
0.429955
415.72
392.92
413.309
0.0962914
1
0
0.169218
24
2
i = 120
26439
3364
3397
3379.22
0.101384
5.87305
25.4177
0.380295
370.065
352.07
372.207
0.13753
1
0
0.274392
30
1
i = 121
25991
3360
3413
3382.55
0.125839
10.5504
27.6262
0.285509
715.685
697.255
718.42
0.130991
1
0
0.23466
50
0
i = 122
27708
3369
3398
3384.78
0.0632794
4.54428
35.7912
0.431725
406.48
387.02
406.594
0.0969794
1
0
0.118522
26
2
i = 123
26438
3367
3408
3385.74
0.105317
6.52294
25.7661
0.360377
424.505
399.85
420.449
0.134772
1
0
0.305671
38
1
i = 124
27707
3379
3405
3392.41
0.0668929
4.70655
34.4798
0.424745
404.33
383.85
404.111
0.101286
1
0
0.189664
23
2
i = 125
26437
3378
3409
3393.14
0.116315
6.43878
23.2789
0.364938
369.01
353.175
369.705
0.153931
1
0
0.203167
28
1
i = 126
25992
3366
3418
3394.79
0.134549
10.2841
25.4385
0.288588
647.29
621.865
645.425
0.140537
1
0
0.535473
49
0
i = 127
27706
3386
3415
3399.83
0.0635878
4.60549
35.8544
0.428799
413.91
390.965
413.242
0.096755
1
0
0.0739878
26
2
i = 128
26436
3382
3418
3400.36
0.103749
6.13795
25.3745
0.371597
387.95
371.315
388.981
0.137009
1
0
0.121498
33
1
i = 129
26435
3388
3420
3406.84
0.11272
6.09094
23.4137
0.375448
352.205
338.915
350.517
0.153853
1
0
0.233312
29
1
i = 130
27705
3389
3422
3406.95
0.0642475
4.69355
35.8208
0.424665
423.07
395.63
421.013
0.0967466
1
0
0.0577841
30
2
i = 131
25993
3384
3434
3407.37
0.125194
10.1992
27.2229
0.289877
681.48
665.08
685.677
0.131483
1
0
0.429513
47
0
i = 132
26434
3399
3437
3414.47
0.114293
6.67615
24.0964
0.357598
401.535
382.245
399.688
0.147102
1
0
0.311744
35
1
i = 133
27704
3399
3427
3414.54
0.0649707
4.67229
35.3635
0.426108
411.465
391.7
411.908
0.0985434
1
0
0.1796
25
2
i = 134
25994
3393
3440
3418.84
0.125827
10.6096
27.9044
0.286542
720.505
707.155
718.211
0.13441
1
0
0.568222
44
0
i = 135
26433
3401
3441
3421.72
0.111538
6.42562
24.1445
0.363036
392.03
364.445
388.035
0.143705
1
0
0.31759
37
1
i = 136
27703
3409
3435
3422.15
0.0640533
4.66648
35.8491
0.426461
418.46
395.905
416.944
0.0972971
1
0
0.105132
23
2
i = 137
26432
3410
3442
3428.52
0.11036
6.23724
24.2005
0.371067
369.74
360.22
370.901
0.148937
1
0
0.448183
29
1
i = 138
27702
3414
3444
3429.44
0.0679932
4.68948
33.8342
0.424898
397.3
375.24
397.052
0.102482
1
0
0.0627298
27
2
i = 139
25995
3404
3456
3430.87
0.134803
9.62079
24.471
0.297239
587.145
558.975
585.753
0.143102
1
0
0.269135
49
0
i = 140
26431
3419
3451
3435.17
0.116027
6.46956
23.3632
0.363536
376.2
354.255
373.65
0.152178
1
0
0.568169
29
1
i = 141
27701
3421
3451
3436.88
0.0691805
4.6361
33.0642
0.427348
384.665
361.365
383.538
0.104882
1
0
0.235458
27
2
i = 142
28020
3435
3450
3442.55
0.185484
2.94372
9.84675
0.538153
71.93
65.95
71.7985
0.358307
1
0
0.00633512
12
2
i = 143
26430
3429
3456
3443.16
0.123174
6.22877
21.8133
0.374143
328.515
322.795
329.377
0.172072
1
0
0.37709
24
1
i = 144
25996
3421
3464
3443.4
0.130183
9.47063
25.3313
0.302173
585.055
569.115
586.531
0.144772
1
0
0.634526
40
0
i = 145
27700
3429
3456
3444.74
0.0662211
4.67408
34.7567
0.426862
404.31
384.08
402.825
0.101307
1
0
0.026523
24
2
i = 146
28021
3435
3454
3445.54
0.149022
3.1715
12.7021
0.51717
101.535
94.385
100.363
0.274287
1
0
0.0337066
16
2
i = 147
25646
3440
3453
3445.94
0.224614
2.7169
7.84438
0.562559
52.57
47.895
52.5593
0.460405
1
0
0.224974
10
0
i = 148
26615
3439
3455
3446.07
0.280312
3.24454
6.86845
0.514513
56.69
51.485
55.0715
0.524569
1
0
0.426726
13
1
i = 149
26429
3432
3468
3450.34
0.103228
6.53632
26.3308
0.36043
426.895
410.965
428.711
0.132644
1
0
0.300659
33
1
i = 150
27699
3438
3468
3451.77
0.0639485
4.66744
35.8921
0.42596
422.64
394.85
419.307
0.0966729
1
0
0.171311
27
2
i = 151
25997
3431
3475
3452.89
3.52205
8.47887
23.452
63.615
587.195
228.425
493.697
675.477
2
1
0.388351
38
0
i = 152
26428
3438
3474
3457.07
0.105236
6.35117
25.4576
0.365562
404.885
382.235
402.923
0.137044
1
0
0.223805
33
1
i = 153
25997
3431
3475
3458.66
75.0133
10.2091
3.92722
58.1114
587.195
311.54
94.1443
1533.21
2
0
0.388351
38
0
i = 154
27698
3445
3473
3459
0.0637477
4.54473
35.5282
0.43167
405.205
385.46
403.864
0.0976587
1
0
0.194978
25
2
i = 155
25998
3442
3493
3460.87
5.25931
7.90139
14.6131
45.499
613.33
266.11
287.367
573.648
2
0
0.35453
45
0
i = 156
26427
3448
3480
3463.89
0.129891
6.61247
21.1176
0.359981
342.345
334.085
344.558
0.169343
1
0
0.393032
29
1
i = 157
27697
3453
3480
3466.22
0.0764159
4.69099
30.1207
0.425149
352.33
335.165
352.768
0.115537
1
0
0.061977
24
2
i = 158
25998
3442
3493
3470.78
25.9483
10.1072
13.158
31.0237
613.33
339.83
327.472
840.352
2
1
0.35453
45
0
i = 159
26426
3455
3488
3471.92
0.12639
6.32462
21.1743
0.366936
329.89
317.75
332.413
0.166154
1
0
0.249028
30
1
i = 160
27696
3459
3487
3473.45
0.074131
4.57588
30.6576
0.430234
349.495
334.71
350.708
0.113219
1
0
0.0420081
25
2
i = 161
25999
3453
3498
3475.6
0.131025
9.03402
24.4419
0.307545
544.805
530.89
546.341
0.145223
1
0
0.395118
42
0
i = 162
26425
3464
3497
3479.02
0.11933
6.33556
22.4716
0.36702
352.12
336.41
353.309
0.157518
1
0
0.417705
30
1
i = 163
27695
3468
3493
3480.71
0.0665259
4.45832
33.7363
0.436261
374.46
349.35
374.932
0.10334
1
0
0.178195
22
2
i = 164
26424
3468
3500
3486.06
0.118242
6.3798
22.8331
0.366838
357.1
344.56
358.103
0.157655
1
0
0.331959
29
1
i = 165
26000
3465
3513
3486.5
0.145844
8.3219
21.0326
0.319459
435.925
413.775
436.557
0.166161
1
0
0.355508
45
0
i = 166
27694
3467
3503
3487.54
0.0766454
4.66967
29.9496
0.425732
351.085
331.445
350.329
0.11569
1
0
0.0419228
33
2
i = 167
26423
3474
3508
3493.03
0.132522
6.40936
20.3589
0.364971
323.925
306.97
322.81
0.174079
1
0
0.448961
31
1
i = 168
27693
3482
3507
3494.87
0.0811799
4.71064
28.4409
0.424956
332.49
315.085
332.833
0.123375
1
0
0.206061
22
2
i = 169
26001
3473
3519
3497.38
0.15572
9.73776
21.4259
0.29727
510.61
497.995
512.365
0.168909
1
0
0.199703
43
0
i = 170
26422
3482
3514
3500.67
0.14222
6.47988
19.2099
0.364999
303.535
292.225
304.138
0.190523
1
0
0.568784
29
1
i = 171
27692
3488
3516
3502.27
0.0840003
4.76659
27.6176
0.421665
328.69
310.56
328.767
0.125864
1
0
0.0147656
25
2
i = 172
26421
3494
3522
3508.58
0.114909
5.98387
22.76
0.379301
332.635
318.94
334.166
0.15915
1
0
0.503654
25
1
i = 173
26002
3485
3529
3508.76
0.123531
8.64902
25.3775
0.314347
543.025
521.335
542.638
0.140009
1
0
0.367581
41
0
i = 174
27691
3497
3523
3509.58
0.069575
4.53748
32.5384
0.432325
366.585
352.92
368.567
0.107007
1
0
0.0956521
23
2
i = 175
26420
3496
3530
3514.76
0.112756
6.04013
23.1848
0.375153
350.36
334.12
348.221
0.151107
1
0
0.379247
31
1
i = 176
27690
3502
3530
3516.28
0.0694739
4.53763
32.5745
0.432011
370.61
352.22
369.653
0.106518
1
0
0.111434
25
2
i = 177
23033
3506
3526
3517.7
0.146031
3.66913
13.9925
0.482768
128.475
120.555
126.51
0.254479
1
0
0.0585582
17
2
i = 178
21658
3505
3528
3518.05
0.222395
4.30084
9.93991
0.445623
107.06
99.84
105.589
0.356925
1
0
0.192925
20
1
i = 179
26003
3492
3536
3518.19
0.128119
9.44279
25.9964
0.304014
595.185
579.86
593.379
0.145681
1
0
0.425141
41
0
i = 180
21269
3510
3527
3518.31
0.193122
3.3079
10.0242
0.507568
82.595
76.875
82.2682
0.351629
1
0
0.0477464
14
0
i = 181
26419
3499
3546
3522.19
0.125761
6.52602
21.5779
0.360116
358.985
334.955
352.866
0.160553
1
0
0.382535
44
1
i = 182
27689
3511
3536
3523.78
0.0724792
4.45824
30.9654
0.436273
345.79
318.82
344.091
0.112599
1
0
0.192921
22
2
i = 183
26418
3514
3543
3529.06
0.122805
5.98426
21.2544
0.378469
312.05
298.995
313.439
0.168432
1
0
0.422585
26
1
i = 184
26004
3508
3550
3529.65
0.143682
9.08482
22.4421
0.308059
496.755
488.08
499.931
0.162037
1
0
0.456523
39
0
i = 185
27688
3518
3546
3530.8
0.0793062
4.57515
28.6594
0.430391
326.605
312.69
327.873
0.121285
1
0
0.259295
25
2
i = 186
27177
3529
3543
3536.37
0.318964
3.43191
6.3027
0.507362
51.72
50.055
51.6616
0.618151
1
0
0.0210394
11
1
i = 187
26417
3521
3552
3536.77
0.12929
6.46787
20.9934
0.364194
334.435
318.4
334.501
0.170881
1
0
0.285946
28
1
i = 188
27176
3527
3559
3536.96
0.159317
4.0373
21.2432
0.46876
334.575
191.9
213.969
0.255293
2
0
0.709829
26
1
i = 189
25885
3527
3538
3537.03
0.821946
3.62195
10.211
0.674204
56.07
53.835
50.9619
1.42823
1
0
0.0943745
8
0
i = 190
25884
3530
3556
3537.41
0.655125
3.77959
15.9249
4.14635
306.59
129.975
148.171
5.9416
2
0
0.585664
20
0
i = 191
27735
3525
3562
3537.86
0.0736923
4.61649
30.982
0.428456
394.03
330.85
357.849
0.112191
1
0
6.67546
34
2
i = 192
27687
3525
3557
3538.02
0.0772585
4.47186
29.0803
0.435195
327.66
302.43
325.565
0.119345
1
0
0.126984
29
2
i = 193
25883
3530
3548
3538.23
0.186419
4.41755
12.2803
0.447682
130.58
124.215
130.33
0.319954
1
0
0.959372
15
0
i = 194
26005
3513
3562
3540.75
0.148281
9.8379
22.6263
0.295575
549.83
528.05
547.114
0.159614
1
0
0.270176
46
0
i = 195
27175
3528
3557
3543.15
0.160312
7.3261
18.4213
0.348626
318.265
318.22
321.253
0.216455
1
0
1.53734
26
1
i = 196
26416
3530
3557
3543.33
0.132485
5.85415
19.534
0.383746
278.705
269.63
280.582
0.186089
1
0
0.47225
24
1
i = 197
27174
3533
3550
3543.47
0.334856
4.20185
6.9418
0.46302
67.8
67.295
67.292
0.609516
1
0
0.0726847
14
1
i = 198
27686
3530
3557
3545.19
0.0758091
4.58607
30.0377
0.430321
344.595
327.685
342.87
0.11633
1
0
0.037264
24
2
i = 199
25884
3530
3556
3546
1.90101
5.45071
12.1935
1.66213
306.59
174.725
159.655
6.74299
2
1
0.585664
20
0
i = 200
27734
3526
3562
3546.92
0.100894
6.26012
26.4017
0.368859
409.7
392.57
410.075
0.133396
1
0
2.4889
33
2
i = 201
25885
3542
3559
3549.06
0.146829
4.77838
17.2451
0.44016
187.39
186.28
189.957
0.265579
1
0
1.76024
14
0
i = 202
27176
3527
3559
3550.16
0.321074
4.62626
11.034
0.444818
334.575
142.58
123.409
0.561251
2
1
0.709829
26
1
i = 203
26415
3533
3565
3550.48
0.127461
6.63814
21.6143
0.359914
353.55
341.3
352.239
0.167189
1
0
0.296447
29
1
i = 204
25886
3544
3557
3551.14
0.314486
3.25424
6.28017
0.523082
48.99
48.265
48.2377
0.636677
1
0
0.160146
10
0
i = 205
26006
3530
3575
3551.88
0.140723
9.49123
23.3825
0.300875
545.32
525.375
546.439
0.15407
1
0
0.599136
42
0
i = 206
27685
3539
3566
3552.17
0.0806064
4.66031
28.4602
0.426517
331.315
314.735
331.224
0.122237
1
0
0.0530082
24
2
i = 207
26414
3539
3572
3557.85
0.128367
6.80196
21.7892
0.356165
361.46
350.68
362.409
0.16765
1
0
0.271452
30
1
i = 208
27684
3542
3572
3559.63
0.0763908
4.63797
29.9657
0.427661
348.375
328.655
346.558
0.116269
1
0
0.0686183
27
2
i = 209
26007
3539
3585
3561.89
0.143199
9.17017
22.5265
0.30516
514.19
491.34
511.497
0.157318
1
0
0.289072
43
0
i = 210
26413
3550
3580
3564.85
0.122632
5.99226
21.2644
0.377526
315.985
297.62
315.454
0.166708
1
0
0.313082
27
1
i = 211
27683
3551
3580
3566.31
0.0761824
4.55466
29.7611
0.431175
338.135
323.715
339.062
0.116553
1
0
0.0578144
26
2
i = 212
26412
3552
3587
3571.27
0.134965
6.6283
20.3202
0.358757
332.69
319.65
333.514
0.174034
1
0
0.31751
32
1
i = 213
26008
3551
3591
3572.76
0.157003
9.78188
21.7005
0.300776
505.8
503.98
507.49
0.1809
1
0
0.684159
37
0
i = 214
27682
3560
3590
3573.82
0.0863737
4.66301
26.5605
0.426154
311.82
292.635
310.009
0.130624
1
0
0.116796
27
2
i = 215
26411
3559
3593
3579.27
0.138667
6.85915
20.3215
0.355249
343.3
328.3
339.6
0.181675
1
0
0.339281
31
1
i = 216
27681
3567
3599
3581.47
0.0824809
4.63783
27.7366
0.427231
325.62
304.435
322.213
0.124975
1
0
0.158535
29
2
i = 217
26009
3563
3596
3583.09
0.132749
7.14823
21.9778
0.350366
380.87
368.295
376.828
0.175552
1
0
2.77485
30
0
i = 218
26410
3571
3597
3585.48
0.126298
5.47919
19.8658
0.396859
265.425
256.34
265.989
0.183817
1
0
1.18039
23
1
i = 219
26010
3571
3598
3586.92
0.162859
5.44998
15.3997
0.398212
207.72
197.285
204.643
0.238482
1
0
1.70368
24
0
i = 220
27680
3571
3601
3588.15
0.0679043
4.20565
32.0833
0.448668
339.75
318.825
337.67
0.108069
1
0
0.120509
27
2
i = 221
26409
3572
3598
3588.47
0.181325
4.38834
12.3489
0.442131
136.645
125.93
133.169
0.291003
1
0
0.138326
23
1
i = 222
26487
3609
3625
3617.98
0.182839
2.91965
9.94873
0.540141
71.835
65.245
71.8687
0.354034
1
0
0.049981
13
1
i = 223
28081
3608
3626
3618.08
0.129161
3.15566
14.6292
0.519
115.3
109.165
114.624
0.239423
1
0
0.0141674
15
2
i = 224
28080
3608
3627
3618.16
0.241941
3.63432
8.38875
0.484263
75.915
72.34
75.4808
0.42039
1
0
0.0240747
16
2
i = 225
26218
3607
3627
3618.51
0.317805
3.8094
6.55573
0.474122
62.23
58.1
61.4441
0.545202
1
0
0.0333164
17
0
i = 226
26219
3609
3628
3618.78
0.177765
3.54644
11.2671
0.489618
99.535
93.65
99.2961
0.310945
1
0
0.339361
16
0
i = 227
26486
3610
3630
3618.92
0.289521
3.84458
7.2187
0.47138
69.6
62.275
68.8777
0.491697
1
0
0.37539
17
1
i = 228
22939
3617
3636
3627.11
0.262103
3.24137
7.29988
0.511454
60.21
55.025
59.004
0.476726
1
0
0.0432176
16
2
i = 229
27157
3623
3636
3630.53
0.235118
3.05345
8.12081
0.537612
59.345
58.595
58.7335
0.481691
1
0
0.0503558
10
1
i = 230
27699
3621
3640
3630.89
0.277418
3.60441
7.28138
0.485931
65.575
62.415
65.1176
0.482518
1
0
0.0575667
16
2
i = 231
27698
3620
3641
3631.68
0.111632
3.19663
17.0159
0.514725
136.805
127.285
135.954
0.203944
1
0
0.0141483
18
2
i = 232
25925
3621
3640
3632.13
0.184665
3.90689
11.5074
0.47062
111.58
103.795
109.229
0.320272
1
0
0.170326
16
0
i = 233
27156
3624
3648
3632.57
0.168901
4.02772
12.7167
0.461933
130.015
119.975
126.833
0.284144
1
0
0.720823
21
1
i = 234
25926
3623
3648
3634.05
0.118276
4.60148
19.3111
0.430337
221.675
211.065
221.032
0.182588
1
0
1.15026
22
0
i = 235
21689
3622
3645
3634.57
0.291077
4.21095
7.50145
0.449521
79.85
73.865
78.391
0.468177
1
0
0.184262
20
1
i = 236
20488
3627
3645
3635.01
0.310528
3.7636
6.68915
0.478471
62.47
59.02
62.0085
0.543394
1
0
0.0642771
15
0
i = 237
23039
3622
3649
3635.68
0.0691475
4.24182
31.6416
0.446755
334.86
315.185
335.888
0.109582
1
0
0.171388
24
2
i = 238
27697
3623
3648
3636.04
0.11275
4.4899
19.9794
0.434842
221.685
209.03
223.39
0.174739
1
0
0.473756
22
2
i = 239
27155
3624
3652
3636.55
0.144337
4.79871
16.1355
0.420591
190.92
182.95
193.286
0.216321
1
0
0.456423
25
1
i = 240
21688
3623
3651
3636.89
0.128391
4.79438
18.1218
0.420459
216.845
203.325
217.01
0.191854
1
0
0.175707
25
1
i = 241
25927
3624
3649
3637.09
0.141662
4.75363
16.3781
0.423218
190.925
184.395
193.169
0.214745
1
0
0.71585
22
0
i = 242
27154
3628
3650
3637.83
0.148101
4.03678
14.4398
0.45928
144.825
138.69
145.087
0.243688
1
0
0.0476007
19
1
i = 243
20489
3625
3655
3638.03
0.142105
5.86914
18.2059
0.382144
265.8
249.47
264.368
0.1968
1
0
2.18158
27
0
i = 244
27696
3623
3646
3638.5
0.105246
3.51762
19.068
0.494231
166.47
160.26
164.264
0.189351
1
0
0.119124
20
2
i = 245
25928
3624
3647
3638.65
0.366586
4.15335
5.97697
0.456229
62.855
58.33
60.408
0.615413
1
0
0.0673947
20
0
i = 246
21687
3628
3658
3642.24
0.131492
6.2101
20.2302
0.371662
307.45
299.82
309.969
0.177338
1
0
0.333449
27
1
i = 247
23038
3629
3658
3642.74
0.0868845
4.94389
27.1958
0.414106
338.87
311.69
335.895
0.127927
1
0
0.220922
26
2
i = 248
20490
3628
3664
3645.37
0.159888
8.97864
20.3892
0.314338
434.97
429.745
438.278
0.19343
1
0
1.16457
33
0
i = 249
21686
3624
3669
3650.12
0.139157
7.41488
20.8107
0.338489
389.235
362.95
384.196
0.168085
1
0
0.172993
42
1
i = 250
23037
3635
3666
3650.62
0.0827399
4.77121
28.0445
0.421216
336.135
314.905
334.984
0.123602
1
0
0.0910904
28
2
i = 251
27783
3645
3660
3654.1
0.277921
3.26989
7.09615
0.518089
56.08
54.085
55.2415
0.54365
1
0
0.0692113
12
2
i = 252
20491
3635
3685
3656.82
0.161373
10.0597
21.0195
0.292267
518.785
504.17
521.445
0.171693
1
0
0.757443
47
0
i = 253
21685
3642
3673
3657.97
0.155062
6.6822
17.8293
0.359095
290.885
282.87
292.193
0.203638
1
0
0.160708
28
1
i = 254
23036
3643
3672
3658.08
0.0891497
4.83653
26.2112
0.418556
317.95
297.375
316.705
0.132542
1
0
0.390401
26
2
i = 255
21684
3649
3679
3665.14
0.127634
5.95009
20.376
0.379093
296.585
286.87
299.386
0.174612
1
0
0.387876
27
1
i = 256
23035
3652
3678
3665.91
0.078187
4.61592
29.2153
0.428894
337.635
320.33
335.73
0.119545
1
0
0.42498
23
2
i = 257
20492
3643
3698
3668.05
0.147237
9.6216
22.4
0.297077
542.125
514.745
537.514
0.155952
1
0
0.42446
52
0
i = 258
21683
3654
3688
3672.07
0.123197
6.41585
21.8811
0.364304
351.49
328.705
348.402
0.160778
1
0
0.457779
31
1
i = 259
23034
3660
3686
3673.17
0.0761093
4.66424
30.1632
0.426562
350.135
334.015
350.643
0.115635
1
0
0.0543534
23
2
i = 260
20493
3653
3700
3678.38
0.151319
9.58979
21.8512
0.299063
511.445
500.84
516.194
0.164185
1
0
0.520229
44
0
i = 261
21682
3663
3696
3679.85
0.134475
7.16902
21.3027
0.346851
373.305
362.365
374.324
0.170862
1
0
0.151578
30
1
i = 262
23033
3662
3699
3680.72
0.0870035
4.88016
26.9717
0.416431
333.63
306.03
329.882
0.128438
1
0
0.143367
34
2
i = 263
21681
3667
3703
3687.4
0.124539
6.94193
22.5797
0.351183
389.055
368.235
386.613
0.158193
1
0
0.55531
33
1
i = 264
23032
3672
3701
3687.64
0.0731657
4.5451
30.957
0.431664
354.315
334.57
351.814
0.112096
1
0
0.0514011
26
2
i = 265
20494
3661
3712
3688.81
0.154493
9.26353
20.9597
0.303019
488.41
461.445
482.673
0.167397
1
0
0.532495
48
0
i = 266
21680
3678
3711
3693.44
0.138389
6.48706
19.6098
0.362832
316.035
296.3
315.3
0.180797
1
0
0.471781
30
1
i = 267
23031
3681
3710
3694.86
0.0888656
4.72827
25.9971
0.423255
309.26
289.14
307.461
0.133533
1
0
0.120926
26
2
i = 268
27733
3685
3725
3696.59
0.0717544
3.33335
27.0345
0.504023
356.695
207.77
225.855
0.128346
2
0
0.1033
34
2
i = 269
26429
3685
3710
3696.64
0.123853
3.36273
15.7279
0.501673
138
120.835
132.545
0.220272
1
0
0.272219
22
1
i = 270
26430
3688
3705
3696.77
0.086909
3.18958
21.8574
0.516347
173.65
162.85
173.137
0.160389
1
0
0.181105
14
1
i = 271
27734
3687
3706
3696.82
0.0884016
3.2069
21.5244
0.514042
172.545
160.835
172.351
0.161439
1
0
0.0335224
16
2
i = 272
25942
3688
3702
3696.87
0.207816
3.05472
9.30967
0.538566
67.695
67.12
66.6598
0.429033
1
0
0.0141267
11
0
i = 273
25941
3684
3706
3696.92
0.0733639
3.45146
26.9194
0.495831
237.755
210.375
231.413
0.129534
1
0
0.558156
19
0
i = 274
25940
3687
3706
3696.94
0.102002
3.46475
19.4039
0.495155
169.33
152.005
167.2
0.180189
1
0
0.375853
16
0
i = 275
26431
3690
3704
3697.33
0.158578
3.1099
11.9209
0.527575
90.6
88.255
90.2479
0.308397
1
0
0.0925459
11
1
i = 276
27732
3689
3706
3697.47
0.196435
3.1424
9.59544
0.519956
75.06
70.87
75.0365
0.364438
1
0
0.0739491
14
2
i = 277
26428
3683
3707
3697.56
0.382971
4.69892
6.08652
0.429018
72.18
67.18
69.6124
0.605007
1
0
0.228456
21
1
i = 278
20495
3674
3727
3701.12
0.163197
9.64448
20.2323
0.296745
487.255
466.375
486.028
0.172698
1
0
0.620158
50
0
i = 279
21679
3682
3721
3702.11
0.156226
6.79808
17.7371
0.353204
308.385
282.71
300.856
0.196304
1
0
0.832472
36
1
i = 280
23030
3684
3716
3702.73
0.0831583
4.65514
27.5672
0.426599
324.6
302.665
320.703
0.125978
1
0
0.156268
29
2
i = 281
21678
3692
3723
3708.45
0.133611
7.10531
21.4782
0.350195
370.13
364.42
370.139
0.174514
1
0
0.816047
28
1
i = 282
23029
3697
3724
3709.27
0.0894736
4.8304
26.126
0.419466
313.505
296.78
314.554
0.134021
1
0
0.0785195
24
2
i = 283
20496
3688
3733
3711.83
0.140722
8.83611
22.5044
0.310849
488.33
472.05
492.18
0.157442
1
0
1.41874
42
0
i = 284
26408
3707
3723
3714.71
0.217448
3.44264
9.12343
0.500182
77.415
71.27
77.1615
0.397446
1
0
0.166899
13
1
i = 285
27733
3685
3725
3714.78
0.125393
3.30645
15.4085
0.506139
356.695
117.93
127.503
0.225331
2
1
0.1033
34
2
i = 286
26409
3708
3722
3715.03
0.237412
3.04492
7.86003
0.532071
58.35
57.38
58.6172
0.462266
1
0
0.0429304
11
1
i = 287
25920
3706
3722
3715.37
0.185394
3.15774
10.2669
0.522173
79.19
76.69
79.1086
0.353657
1
0
0.0694961
13
0
i = 288
21677
3699
3731
3716.25
0.110361
5.8834
23.3831
0.380248
343.84
324.595
341.768
0.15008
1
0
0.944031
29
1
i = 289
23028
3701
3729
3716.71
0.0619353
4.27823
35.4825
0.444972
383.24
355.155
379.388
0.0978515
1
0
0.211412
25
2
i = 290
20497
3700
3745
3721.07
0.143046
8.67313
21.9229
0.313557
469.485
453.655
471.916
0.161082
1
0
1.3556
42
0
i = 291
21676
3709
3735
3722.54
0.142329
6.13574
18.7807
0.377788
275.97
274.415
278.31
0.202301
1
0
0.64972
23
1
i = 292
23027
3709
3736
3723.63
0.0912832
4.95198
25.9368
0.414479
319.03
299.875
318.959
0.135324
1
0
0.106566
24
2
i = 293
23026
3718
3748
3730.92
0.0854901
4.67851
26.8865
0.425642
316.555
295.91
314.607
0.129334
1
0
0.216744
27
2
i = 294
21675
3717
3750
3730.94
0.138723
6.19127
19.1406
0.371767
297.445
278.905
293.742
0.186373
1
0
0.525607
30
1
i = 295
20498
3715
3753
3732.58
0.153367
8.81497
20.8915
0.314889
445.9
439.22
446.865
0.181091
1
0
0.422013
35
0
i = 296
21674
3722
3753
3737.16
0.142197
5.93591
18.2322
0.378738
266.265
256.16
268.847
0.192906
1
0
0.225221
28
1
i = 297
23025
3725
3755
3738.04
0.0831648
4.6164
27.4511
0.428414
319.665
301.03
317.074
0.126553
1
0
0.157477
27
2
i = 298
20499
3720
3767
3742.77
0.18142
9.63675
18.2508
0.298126
434.44
418.485
434.369
0.195735
1
0
0.746785
44
0
i = 299
27692
3735
3752
3743.2
0.178324
3.4081
11.0305
0.500706
92.83
87.025
93.0575
0.32176
1
0
0.067019
14
2
i = 300
27173
3735
3754
3743.98
0.209412
3.58306
9.61775
0.487376
87.305
79.465
85.7057
0.365318
1
0
0.365777
16
1
i = 301
25953
3737
3756
3744.2
0.298342
3.95648
7.26208
0.470489
71.705
64.63
70.0337
0.528105
1
0
0.414615
16
0
i = 302
21673
3719
3762
3744.22
0.146476
7.11065
19.3667
0.34578
346.06
326.54
342.544
0.180963
1
0
0.433602
40
1
i = 303
27174
3733
3752
3744.27
0.251784
3.40446
7.81573
0.501082
66.77
61.44
65.5745
0.455094
1
0
0.0625234
16
1
i = 304
25952
3738
3753
3744.53
0.258608
3.14923
7.3593
0.523625
56.92
54.24
57.0477
0.497116
1
0
0.0442729
12
0
i = 305
23024
3732
3760
3745.39
0.0848908
4.5531
26.7053
0.431311
306.12
289.34
304.154
0.12998
1
0
0.109097
25
2
i = 306
27693
3735
3755
3745.64
0.284327
3.45876
6.95206
0.495212
60.595
54.985
59.9302
0.501044
1
0
0.0368421
17
2
i = 307
21672
3736
3769
3752.87
0.171156
7.15863
16.7237
0.347069
291.335
285.595
293.485
0.217529
1
0
0.365076
30
1
i = 308
23023
3739
3768
3753.18
0.0991286
5.06647
24.1318
0.409125
306.09
291.215
305.189
0.144268
1
0
0.109894
26
2
i = 309
20500
3731
3778
3756.08
0.151353
9.1821
21.3296
0.304921
483.615
465.77
484.81
0.16608
1
0
1.28942
44
0
i = 310
21671
3740
3773
3759.85
0.107972
5.94895
24.125
0.379479
359.47
335.845
353.66
0.148372
1
0
0.596251
30
1
i = 311
23022
3745
3778
3760.19
0.0649488
4.62391
35.1698
0.427837
411.61
385.585
407.459
0.0985229
1
0
0.164096
30
2
i = 312
25887
3752
3768
3761.55
0.267125
4.12201
8.60213
0.468563
83.015
82.235
81.6727
0.496198
1
0
0.117819
13
0
i = 313
27786
3751
3773
3761.99
0.0908995
3.68724
22.4446
0.47934
207.58
194.15
206.821
0.154737
1
0
0.113643
19
2
i = 314
26463
3751
3771
3762.22
0.149714
3.90972
14.0952
0.467989
136.74
127.735
135.63
0.253481
1
0
0.116051
17
1
i = 315
25886
3752
3769
3762.26
0.131453
3.52219
15.434
0.497081
132.54
129.495
130.97
0.243218
1
0
0.166314
14
0
i = 316
25885
3757
3768
3762.36
0.295525
2.85641
6.25896
0.560255
42.305
41.11
42.3567
0.64883
1
0
0.0329109
8
0
i = 317
27787
3754
3770
3762.87
0.213293
2.98647
8.62744
0.534244
63.715
57.97
63.7015
0.408968
1
0
0.0101525
13
2
i = 318
26464
3752
3771
3763.15
0.171638
3.64224
11.8903
0.485554
107.245
102.865
106.15
0.303035
1
0
0.12333
16
1
i = 319
20501
3740
3784
3764.69
0.122485
8.94775
26.1264
0.310005
576.975
552.27
574.187
0.138397
1
0
1.3601
41
0
i = 320
21670
3752
3780
3765.92
0.123529
6.31356
21.8237
0.370667
333.51
324.155
336.133
0.16943
1
0
1.57932
25
1
i = 321
23021
3752
3780
3766.87
0.0762048
4.69744
30.2227
0.424783
356.495
333.53
354.422
0.115052
1
0
0.391829
25
2
i = 322
21669
3756
3788
3773.97
0.118871
6.00249
21.9638
0.377115
328.215
316.435
326.148
0.161311
1
0
0.469255
29
1
i = 323
23020
3759
3788
3774.72
0.0697573
4.54165
32.4576
0.431839
367.915
351.98
368.551
0.106926
1
0
0.0857964
26
2
i = 324
20502
3754
3799
3775.84
0.137439
8.39985
22.4296
0.318169
469.7
446.865
468.781
0.156275
1
0
1.07504
42
0
i = 325
28077
3772
3784
3778.68
0.281039
2.97825
6.72649
0.546487
47.6
45.51
47.2129
0.593213
1
0
0.0260135
9
2
i = 326
21668
3762
3796
3779.94
0.123022
6.51198
22.0809
0.361732
356.385
342.45
356.579
0.15961
1
0
0.154971
31
1
i = 327
23019
3768
3795
3781.42
0.0788471
4.68333
29.1672
0.425476
342.62
322.565
341.028
0.119284
1
0
0.302471
24
2
i = 328
27810
3773
3794
3784.32
0.137674
3.05615
13.489
0.526279
106.5
97.81
103.197
0.256935
1
0
0.183139
18
2
i = 329
26516
3778
3789
3784.46
0.232852
2.83242
8.11466
0.564677
53.66
53.165
52.8556
0.519965
1
0
0.0642303
8
1
i = 330
25899
3778
3794
3784.82
0.220014
3.25428
8.78491
0.51458
71.515
64.735
70.537
0.414168
1
0
0.326332
13
0
i = 331
27182
3779
3790
3785
0.330793
3.20983
6.18655
0.539901
45.42
45.42
44.767
0.750612
1
0
0.0470427
8
1
i = 332
25898
3778
3793
3785.29
0.273651
3.52687
7.39543
0.497923
62.915
61.89
63.192
0.511266
1
0
0.23136
12
0
i = 333
27701
3778
3794
3785.3
0.226761
3.20356
8.41998
0.516942
66.585
63.49
66.7802
0.423885
1
0
0.0245041
13
2
i = 334
27700
3777
3793
3785.41
0.257437
3.12499
7.31203
0.522439
56.63
53.945
56.5047
0.48321
1
0
0.011453
13
2
i = 335
25947
3774
3794
3785.61
0.265354
3.67381
7.70225
0.482291
72.16
65.945
69.7906
0.46138
1
0
0.202837
17
0
i = 336
20503
3766
3812
3786.66
0.16844
9.38276
19.4356
0.302544
447.44
430.275
449.766
0.185327
1
0
0.4106
43
0
i = 337
21667
3769
3803
3787.48
0.139194
6.25622
19.1214
0.368818
294.695
284.085
297.064
0.18373
1
0
0.289355
31
1
i = 338
23018
3776
3804
3789.04
0.0914475
4.8099
25.4898
0.419929
306.1
288.71
306.184
0.136643
1
0
0.0365866
25
2
i = 339
21666
3772
3812
3795.25
0.1423
6.88997
19.6345
0.351512
337.69
318.465
335.906
0.179143
1
0
0.20446
37
1
i = 340
23017
3783
3810
3796.27
0.0945227
4.74445
24.4909
0.422808
291.135
274.015
289.971
0.142195
1
0
0.101746
24
2
i = 341
20504
3775
3819
3798.94
0.165574
9.25912
19.6661
0.304976
447.42
434.5
446.667
0.184517
1
0
0.367631
41
0
i = 342
21665
3787
3817
3802.52
0.157689
6.21718
16.874
0.371382
257.29
249.71
258.459
0.212368
1
0
0.219596
27
1
i = 343
23016
3790
3828
3803.47
0.116682
4.60973
24.8884
0.439675
400.95
263.18
287.237
0.196505
2
0
0.120698
32
2
i = 344
20505
3784
3830
3808.45
0.161276
8.7457
19.5188
0.312106
422.835
408.145
423.545
0.180472
1
0
0.209126
43
0
i = 345
21664
3791
3823
3808.62
0.14272
6.02674
18.3201
0.376164
275.13
262.51
273.471
0.192835
1
0
0.304281
29
1
i = 346
21663
3801
3830
3810.19
3.36149
4.03852
5.02554
7.50766
222.645
69.35
50.4639
44.034
2
0
0.168602
23
1
i = 347
23015
3795
3830
3812.42
0.0953382
5.85535
26.9672
0.380383
390.755
372.4
394.679
0.128793
1
0
0.709015
32
2
i = 348
21813
3806
3825
3816.38
0.272536
3.68059
7.5015
0.481695
69.29
65.235
68.1706
0.472717
1
0
0.159527
16
1
i = 349
23016
3790
3828
3817.14
0.21801
3.69144
12.055
0.481982
400.95
127.115
111.275
0.377445
2
1
0.120698
32
2
i = 350
20654
3810
3827
3817.23
0.161858
3.18133
11.7523
0.51839
92.51
87.66
92.8684
0.302715
1
0
0.136044
14
0
i = 351
21814
3806
3826
3817.6
0.147517
3.29362
13.0825
0.507823
109.55
98.71
107.132
0.267216
1
0
0.3246
17
1
i = 352
20655
3807
3831
3817.66
0.203551
3.69625
10.0351
0.478709
96.73
85.77
92.839
0.345935
1
0
0.222897
21
0
i = 353
21663
3801
3830
3817.82
2.98699
5.38475
12.8962
4.0155
222.645
146.535
171.355
19.29
2
1
0.168602
23
1
i = 354
23014
3806
3830
3818.06
0.10898
4.74722
21.2903
0.423961
250.9
238.54
250.329
0.166107
1
0
0.0367784
21
2
i = 355
20506
3798
3843
3820.81
0.190931
10.0957
17.8494
0.29302
436.43
429.965
439.843
0.206762
1
0
0.311229
42
0
i = 356
21662
3806
3837
3823.9
0.175659
6.8009
16.0493
0.358006
264.675
259.33
263.964
0.2347
1
0
0.724313
28
1
i = 357
25816
3818
3830
3825.19
0.269105
3.05579
7.33235
0.543614
52.325
51.915
51.4472
0.577896
1
0
0.0505154
9
0
i = 358
23013
3807
3839
3825.53
0.0948278
4.66846
24.2083
0.425956
284.58
267.26
282.52
0.143402
1
0
0.094797
29
2
i = 359
27884
3815
3835
3825.66
0.202702
3.13443
9.27897
0.519765
73.51
68.545
72.7229
0.373847
1
0
0.0272162
17
2
i = 360
21661
3816
3849
3830.99
0.131972
6.29439
20.2499
0.36815
319.015
299.485
316.441
0.174629
1
0
0.270166
30
1
i = 361
20507
3811
3848
3831.38
0.153678
7.85699
19.5471
0.331426
376.505
364.355
375.749
0.186816
1
0
0.180343
34
0
i = 362
23012
3819
3844
3832.05
0.0804845
4.5201
28.0854
0.433446
315.345
303.915
316.015
0.124392
1
0
0.0371267
22
2
i = 363
21660
3822
3853
3837.43
0.156588
6.82673
17.8672
0.355771
297.75
289.275
298.612
0.20474
1
0
0.138146
28
1
i = 364
23011
3820
3852
3839.2
0.0968591
4.78769
24.0113
0.420908
287.075
271.06
286.706
0.145079
1
0
0.0136284
29
2
i = 365
20508
3815
3860
3841.32
0.199265
10.1528
17.4034
0.293972
422.165
416.97
424.87
0.221078
1
0
0.550032
42
0
i = 366
21659
3823
3860
3845.19
0.158333
6.81488
17.6253
0.354823
302.045
282.185
295.594
0.203992
1
0
0.660812
34
1
i = 367
23010
3834
3859
3846.93
0.0905573
4.61067
25.2155
0.429319
289.695
275.725
289.171
0.138794
1
0
0.0747283
22
2
i = 368
20510
3841
3884
3849.82
0.761023
1.937
1.96409
0.756296
473.29
33.955
9.53631
2.52669
2
0
0.672407
37
0
i = 369
21658
3836
3869
3851.26
0.153566
7.11339
18.6043
0.34836
324.455
315.095
324.783
0.196287
1
0
0.210726
30
1
i = 370
20509
3832
3879
3853.37
0.161234
9.10458
19.9445
0.306283
450.355
433.33
450.16
0.177856
1
0
0.496085
44
0
i = 371
23009
3840
3869
3853.75
0.0967653
4.70974
23.8281
0.424088
280.465
265.39
280.722
0.145692
1
0
0.078714
26
2
i = 372
21657
3841
3873
3859.41
0.155831
6.41257
17.4017
0.366371
275.275
261.775
273.535
0.208459
1
0
0.2425
29
1
i = 373
23008
3846
3873
3861.07
0.0912865
4.48145
24.6498
0.43509
276.255
256.045
275.366
0.14138
1
0
0.166292
24
2
i = 374
20510
3841
3884
3864.51
0.240162
10.0638
19.0677
0.30262
473.29
426.965
462.719
0.287374
2
1
0.672407
37
0
i = 375
21656
3850
3885
3866.5
0.17149
6.68651
16.0505
0.356959
266.345
255.335
266.598
0.219512
1
0
0.197237
32
1
i = 376
23007
3854
3883
3868.52
0.0971362
4.7035
23.7199
0.424321
280.745
263.355
279.057
0.146274
1
0
0.0722378
26
2
i = 377
21655
3858
3888
3873.26
0.141823
6.1634
18.6688
0.372763
284.615
273.415
283.924
0.191283
1
0
0.180813
27
1
i = 378
23006
3860
3889
3875.23
0.0944964
4.74505
24.492
0.422526
289.965
274.535
290.441
0.141773
1
0
0.0252866
26
2
i = 379
20511
3855
3894
3875.31
0.165444
9.27964
19.8939
0.307486
446.675
439.875
445.452
0.192031
1
0
0.379228
36
0
i = 380
20512
3865
3910
3878.85
2.04094
5.96138
8.40949
5.26618
397.535
127.075
124.659
20.7349
2
0
0.23909
39
0
i = 381
21654
3864
3899
3879.35
0.166802
6.496
16.2774
0.36237
264.73
246.49
262.692
0.217217
1
0
0.153092
32
1
i = 382
23005
3868
3895
3881.98
0.104225
4.76551
22.2624
0.421933
267.19
249.16
264.496
0.156544
1
0
0.403956
24
2
i = 383
21653
3868
3904
3886.95
0.178369
6.7771
15.5295
0.354381
263.785
246.875
261.361
0.22626
1
0
0.220772
33
1
i = 384
23004
3874
3904
3889.44
0.103603
4.5922
21.9729
0.429348
254.435
239.21
252.592
0.157757
1
0
0.110725
27
2
i = 385
20512
3865
3910
3890.52
3.08324
8.20783
13.4517
2.66024
397.535
263.805
273.688
13.6701
2
1
0.23909
39
0
i = 386
21652
3880
3910
3895.1
0.152587
6.0752
17.216
0.375172
256.49
250.435
258.526
0.206579
1
0
0.466426
27
1
i = 387
23003
3883
3908
3896.94
0.0827437
4.50419
27.2958
0.434685
303.855
294.52
305.073
0.128742
1
0
0.521259
22
2
i = 388
20513
3877
3918
3897.64
0.148176
8.79634
21.395
0.312835
467.055
447.555
462.288
0.169248
1
0
1.67464
38
0
i = 389
21651
3884
3917
3900.37
0.123393
5.89652
20.9178
0.379357
309.9
288.115
307.575
0.166694
1
0
0.663304
30
1
i = 390
23002
3889
3917
3903.6
0.085614
4.53443
26.425
0.432186
302.325
285.02
299.566
0.131341
1
0
0.192631
25
2
i = 391
23009
3893
3911
3903.77
0.193085
3.4414
10.2908
0.500098
86.88
81.32
86.5149
0.35255
1
0
0.0269797
15
2
i = 392
21738
3897
3914
3904.5
0.227503
3.53693
8.85217
0.493564
78.59
72.79
77.1509
0.410669
1
0
0.588462
14
1
i = 393
21739
3896
3913
3904.76
0.190741
3.6896
10.7726
0.483418
96.685
93.52
97.2832
0.337596
1
0
0.115934
14
1
i = 394
20589
3897
3919
3905.16
0.171125
3.80876
12.1991
0.474853
119.28
107.42
115.128
0.295558
1
0
0.515146
19
0
i = 395
20588
3898
3915
3905.3
0.344821
3.95112
6.26996
0.471686
60.67
55.98
60.0082
0.615821
1
0
0.244867
14
0
i = 396
23010
3893
3916
3905.43
0.145874
3.8771
14.3454
0.467661
137.92
130.18
138.717
0.242633
1
0
0.0950341
20
2
i = 397
21650
3892
3927
3907.04
0.151669
6.26193
17.5671
0.368856
280.32
258.465
273.694
0.200619
1
0
1.14276
32
1
i = 398
20514
3889
3923
3907.14
0.194004
7.77003
15.469
0.334837
291.14
286.125
291.605
0.242175
1
0
0.422887
31
0
i = 399
23001
3893
3924
3909.96
0.107948
4.91901
21.8303
0.415004
267.64
249.25
268.336
0.159093
1
0
0.100656
28
2
i = 400
21649
3898
3930
3913.71
0.163849
7.0612
17.3711
0.349894
298.325
291.99
300.271
0.210863
1
0
0.376532
29
1
i = 401
23000
3901
3932
3917.68
0.0991691
4.6659
23.1393
0.425965
273.945
255.195
270.193
0.149841
1
0
0.456842
28
2
i = 402
20515
3899
3942
3919.77
0.5615
9.55044
17.661
0.437628
485.98
316.2
412.497
0.579399
2
0
0.619541
37
0
i = 403
21648
3903
3935
3921.18
0.154938
6.35716
17.3989
0.367546
272.355
262.47
271.809
0.207095
1
0
0.329198
29
1
i = 404
20505
3914
3943
3923.49
0.863263
3.70648
10.6195
1.46667
221.315
92.02
98.3237
2.63617
2
0
0.017916
23
0
i = 405
22989
3913
3948
3923.75
0.310513
3.93188
12.5432
0.485303
388.83
112.865
123.367
0.485467
2
0
0.127085
29
2
i = 406
20506
3915
3947
3923.88
0.567479
4.10214
6.70047
0.468257
204.675
59.985
68.1453
0.931601
2
0
0.0867598
26
0
i = 407
21621
3911
3946
3924.55
0.844747
4.54557
11.3741
0.878124
286.66
120.155
129.471
1.7001
2
0
0.0906925
29
1
i = 408
22999
3911
3939
3924.64
0.0869361
4.72446
26.5659
0.423512
314.685
296.065
313.661
0.130803
1
0
0.0538592
25
2
i = 409
21622
3916
3949
3925.81
0.875049
4.63189
6.70666
0.471606
161.36
71.785
76.8641
1.28884
2
0
0.0722351
27
1
i = 410
22990
3912
3944
3926.74
0.187794
5.25117
12.9663
0.40173
172.2
158.885
170.241
0.268066
1
0
0.266766
29
2
i = 411
20504
3916
3939
3927.71
0.352579
5.62857
7.29196
0.395972
98.06
97.78
98.5208
0.532432
1
0
0.373996
20
0
i = 412
21647
3916
3945
3928.15
0.116787
5.74686
21.9832
0.387
313.73
297.905
311.618
0.165014
1
0
0.61454
26
1
i = 413
20515
3899
3942
3930.26
0.250091
3.3919
8.88111
1.12081
485.98
153.615
75.4759
1.68314
2
1
0.619541
37
0
i = 414
20516
3906
3953
3930.41
0.133291
8.20504
22.8403
0.321519
472.45
445.06
467.538
0.152495
1
0
0.700014
44
0
i = 415
22958
3921
3941
3930.89
0.138971
3.37223
14.04
0.501253
118.14
108.855
118.31
0.247425
1
0
0.00600402
17
2
i = 416
22998
3917
3944
3931.07
0.0767075
4.44241
29.1937
0.436683
326.425
300.435
324.102
0.118941
1
0
0.690809
24
2
i = 417
20514
3925
3937
3931.16
0.239831
2.50634
7.04292
0.584923
43.39
42.39
43.3754
0.50867
1
0
0.0211512
9
0
i = 418
21578
3922
3937
3931.34
0.210877
2.9825
8.8609
0.540315
64.45
60.4
63.483
0.424458
1
0
0.122763
12
1
i = 419
21620
3924
3945
3931.79
0.360914
5.89046
8.20934
0.397346
108.045
105.065
109.721
0.586523
1
0
0.592528
18
1
i = 420
20505
3914
3943
3932.25
0.885268
4.13442
11.9279
1.07574
221.315
124.32
122.817
2.09862
2
1
0.017916
23
0
i = 421
21646
3916
3951
3933.24
0.139314
6.19834
18.9943
0.369958
293.97
278.4
293.714
0.183458
1
0
0.360974
32
1
i = 422
21621
3911
3946
3934.66
0.583927
4.20288
15.0021
1.08997
286.66
159.17
157.279
1.40704
2
1
0.0906925
29
1
i = 423
22989
3913
3948
3935.32
0.154364
4.11853
25.9539
0.468198
388.83
267.415
267.532
0.236368
2
1
0.127085
29
2
i = 424
20506
3915
3947
3935.51
0.25982
3.85106
14.3006
0.486403
204.675
139.97
137.756
0.411326
2
1
0.0867598
26
0
i = 425
22988
3924
3945
3936.57
0.37008
4.54624
6.25885
0.438639
70.78
67.61
68.3077
0.609459
1
0
0.327794
18
2
i = 426
21622
3916
3949
3936.64
0.544282
3.70701
9.07924
0.702168
161.36
85.26
84.3088
1.02699
2
1
0.0722351
27
1
i = 427
20507
3926
3945
3937.05
0.200024
3.46464
9.92088
0.496548
84.465
79.7
84.7885
0.357846
1
0
0.112654
16
0
i = 428
22997
3926
3951
3938.07
0.0992572
4.75737
23.3817
0.423003
274.315
263.54
276.459
0.150325
1
0
0.281889
22
2
i = 429
21645
3927
3955
3941.15
0.159742
6.03638
16.4447
0.377755
241.78
237.385
243.606
0.220556
1
0
0.373261
25
1
i = 430
20517
3918
3966
3941.85
0.373545
10.6938
18.248
0.296732
515.23
418.025
476.993
0.398562
2
0
0.361623
42
0
i = 431
22996
3930
3960
3944.99
0.0858609
4.36259
25.841
0.44046
284.43
261.03
282.408
0.134082
1
0
0.0604652
27
2
i = 432
21644
3931
3965
3948.33
0.162438
6.51472
16.7205
0.361528
268.745
260.755
270.433
0.210363
1
0
0.938292
31
1
i = 433
22995
3939
3969
3953.19
0.0817137
5.10558
29.3857
0.407493
374.54
357.66
374.826
0.118389
1
0
0.0751634
27
2
i = 434
21643
3941
3973
3956.81
0.0888504
5.80985
28.8409
0.38229
424.51
392.15
417.537
0.121081
1
0
1.11526
29
1
i = 435
20517
3918
3966
3960
0.684318
4.15889
3.99326
0.707944
515.23
96.155
37.7794
2.32
2
1
0.361623
42
0
i = 436
22994
3946
3984
3960.36
0.0411644
5.37303
59.8529
0.397326
811.115
752.195
803.841
0.0582059
1
0
4.48544
35
2
i = 437
20518
3932
3984
3960.73
0.103297
10.8743
34.1813
0.281479
919.465
883.2
911.503
0.106332
1
0
3.04176
49
0
i = 438
21642
3945
3986
3962.97
0.0796389
7.72752
37.2042
0.33243
713.305
674.955
713.341
0.0953284
1
0
7.77709
38
1
i = 439
21641
3948
3997
3963.05
0.318153
4.76114
16.5758
2.39379
840.75
258.845
197.717
3.08065
2
0
0.181957
43
1
i = 440
20519
3939
4015
3967.38
0.412895
10.1362
45.9128
0.922518
1716.93
1014.02
1163.99
0.771495
3
0
2.49903
67
0
i = 441
22993
3951
3990
3969.49
0.0502104
6.75756
55.0254
0.354278
923.855
879.735
928.353
0.0632937
1
0
2.0418
36
2
i = 442
20501
3960
3979
3970.12
0.188653
3.6755
10.8216
0.481699
97.72
94.74
98.4045
0.326431
1
0
0.111229
16
0
i = 443
21575
3963
3977
3970.34
0.19908
2.938
9.19378
0.540627
66.525
61.33
66.2705
0.391241
1
0
0.195055
11
1
i = 444
21576
3960
3979
3970.4
0.16163
3.33634
12.0164
0.504539
101.65
92.415
99.695
0.290834
1
0
0.394336
16
1
i = 445
22965
3960
3980
3970.43
0.104396
3.26366
18.3854
0.509439
149.57
140.295
149.954
0.188798
1
0
0.0477121
17
2
i = 446
20500
3961
3981
3970.51
0.225494
4.15993
9.65606
0.454179
99.535
94.08
99.08
0.371843
1
0
0.231507
17
0
i = 447
21639
3960
4020
3971.59
0.250873
5.06503
10.6689
0.411957
923.255
152.005
134.313
0.379043
2
0
0.28948
54
1
i = 448
21404
3961
3984
3975.11
0.173809
3.61154
11.634
0.485312
106.04
99.705
104.28
0.301655
1
0
0.145557
20
1
i = 449
21641
3948
3997
3975.25
0.661059
8.60292
30.0996
0.770174
840.75
563.8
644.306
1.11521
2
1
0.181957
43
1
i = 450
21638
3966
3982
3975.72
0.253052
4.07856
9.08014
0.471039
86.035
85.705
85.0649
0.472041
1
0
0.243075
13
1
i = 451
20780
3966
3984
3975.88
0.224875
3.59431
8.99687
0.48816
80.1
76.58
79.5474
0.397322
1
0
0.0668486
15
0
i = 452
21405
3967
3984
3976.02
0.183662
3.71075
11.2359
0.482518
101.37
99.035
101.725
0.325606
1
0
0.0692179
14
1
i = 453
22694
3967
3985
3976.13
0.11533
3.29877
16.7436
0.507405
136.85
129.33
137.462
0.208693
1
0
0.0763161
15
2
i = 454
20781
3965
3984
3976.34
0.21137
3.49834
9.45361
0.495034
82.945
75.05
81.2099
0.37938
1
0
0.086266
16
0
i = 455
22991
3966
4018
3977.53
0.179729
4.22998
17.0808
0.469984
995.655
197.595
180.714
0.285329
2
0
0.119412
46
2
i = 456
21637
3969
3990
3979.91
0.183839
4.57158
12.4483
0.434474
138.675
135.305
139.227
0.29288
1
0
0.21494
18
1
i = 457
22992
3960
4005
3980.4
0.0641975
8.09449
47.1434
0.3241
941.61
915.245
950.48
0.0743492
1
0
6.69932
42
2
i = 458
22990
3971
4026
3983.57
0.150649
4.50529
15.6837
0.435659
1061.66
176.565
176.794
0.240676
2
0
0.167415
49
2
i = 459
21640
3955
4009
3983.6
0.123369
11.5959
29.5401
0.27267
834.295
825.75
839.834
0.123151
1
0
6.28613
51
1
i = 460
21636
3971
3998
3983.86
0.193732
4.84533
12.0796
0.418602
149.045
135.485
145.939
0.289062
1
0
0.417757
24
1
i = 461
21635
3971
4000
3989.07
0.222712
5.31851
11.1121
0.402704
148.62
138.085
144.44
0.328687
1
0
0.485333
26
1
i = 462
22989
3978
4037
3990.48
0.12696
4.48399
17.7995
0.435419
1148.03
186.255
199.688
0.197924
2
0
0.278868
53
2
i = 463
20519
3939
4015
3990.68
0.778955
10
21.452
0.732489
1716.93
620.98
533.102
1.8877
3
1
2.49903
67
0
i = 464
21634
3982
4006
3993.25
0.122826
4.26332
17.8719
0.446237
190.795
179.085
190.062
0.195328
1
0
0.185611
21
1
i = 465
22991
3966
4018
3993.8
0.0769475
6.46655
50.3005
0.373738
995.655
760.345
815.229
0.108377
2
1
0.119412
46
2
i = 466
22988
3984
4048
3995.31
0.0706125
3.77287
29.2235
0.473736
1480.19
259.02
276.139
0.118688
2
0
0.86
58
2
i = 467
21633
3986
4012
3996.51
0.130801
4.41463
17.1061
0.439362
193.905
173.53
188.051
0.20619
1
0
1.08877
23
1
i = 468
21639
3960
4020
3996.88
0.102011
9.16054
34.7245
0.313972
923.255
756.14
791.953
0.126519
2
1
0.28948
54
1
i = 469
21632
3989
4013
4000.55
0.208178
5.13032
11.6309
0.409609
145.045
143
146.708
0.311279
1
0
0.278374
21
1
i = 470
22987
3989
4014
4002.03
0.13972
4.72444
16.5517
0.424421
193.535
185.58
194.14
0.212222
1
0
0.124348
22
2
i = 471
20520
3948
4058
4003
5.5
36.6667
23.3741
2.33741
2148.53
2148.53
1861.21
30.3816
1
0
-1
1
0
i = 472
22990
3971
4026
4005.27
0.0502648
6.36918
55.2879
0.370533
1061.66
850.485
882.029
0.0701739
2
1
0.167415
49
2
i = 473
21631
3993
4017
4005.55
0.229816
4.8795
10.25
0.418838
124.13
116.675
123.364
0.347981
1
0
0.0951193
21
1
i = 474
21638
3985
4033
4008.13
0.0891036
8.87538
35.5588
0.309472
777.74
750.38
785.653
0.0984844
1
0
0.639517
45
1
i = 475
22986
3995
4019
4009.02
0.13466
4.4045
16.6249
0.440611
182.325
170.69
180.614
0.214144
1
0
0.232607
21
2
i = 476
21630
3991
4028
4010.09
0.237744
5.83392
10.7929
0.380964
166.335
145.965
157.547
0.321329
1
0
0.404239
34
1
i = 477
20576
4003
4018
4011.27
0.269314
3.48717
7.50092
0.501158
62.975
60.235
62.7906
0.507835
1
0
0.119394
12
0
i = 478
21710
4003
4021
4011.62
0.294343
3.19492
6.45487
0.515355
51.865
47.6
51.4505
0.54015
1
0
0.205665
15
1
i = 479
21711
4004
4020
4011.66
0.220075
3.2533
8.73799
0.512855
70.185
65.425
70.2821
0.407768
1
0
0.205598
13
1
i = 480
23001
4000
4022
4011.67
0.156397
3.37427
12.4773
0.500905
107.82
97.015
105.335
0.277893
1
0
0.160172
19
2
i = 481
20519
3939
4015
4012.5
1.0105
3.96836
4.65386
0.601521
1716.93
69.155
32.1058
2.6479
3
2
2.49903
67
0
i = 482
21629
4005
4026
4015.04
0.21751
4.78137
10.804
0.426448
125.21
121.985
125.886
0.344668
1
0
0.0979425
18
1
i = 483
22985
4003
4028
4015.15
0.133282
4.47766
16.8768
0.435369
187.69
175.895
188.441
0.206699
1
0
0.0903306
22
2
i = 484
22989
3978
4037
4016.73
0.0463898
6.46011
58.3677
0.363102
1148.03
883.325
944.121
0.0604031
2
1
0.278868
53
2
i = 485
21628
4008
4029
4018.33
0.203419
4.15478
10.6708
0.453189
110.77
104.665
109.846
0.331445
1
0
0.0913208
18
1
i = 486
21637
3993
4051
4019.66
0.0840877
10.0578
40.0939
0.290486
1007.59
963.57
1006.24
0.0870078
1
0
1.12348
55
1
i = 487
22984
4008
4032
4021.47
0.131838
4.37936
16.9001
0.441074
183.13
173.1
183.379
0.208535
1
0
0.0167895
21
2
i = 488
20521
3969
4074
4021.5
6.05
35
25.6857
2.56857
2253.7
2253.7
1952.31
31.8688
1
0
-1
1
0
i = 489
21627
4013
4033
4022.66
0.225534
4.56988
10.1864
0.436272
112.605
110.98
113.368
0.365813
1
0
0.134885
17
1
i = 490
20522
3986
4047
4023.7
0.110425
14.0972
37.8505
0.251215
1255.87
1241.72
1262.34
0.107031
1
0
5.70179
58
0
i = 491
21626
4015
4038
4027.1
0.202627
4.47601
11.1182
0.436517
121.985
116.395
123.203
0.317753
1
0
0.143942
20
1
i = 492
22983
4015
4039
4027.48
0.13206
4.26479
16.6226
0.446072
175.745
167.24
176.645
0.209792
1
0
0.0710532
21
2
i = 493
22988
3984
4048
4029.44
0.0413013
7.08783
68.5299
0.346047
1480.19
1162.04
1211
0.0509168
2
1
0.86
58
2
i = 494
21636
4000
4053
4030.55
0.0665257
9.21315
48.5638
0.303968
1104.92
1066.04
1111.5
0.0724129
1
0
10.1739
50
1
i = 495
21625
4014
4043
4031.14
0.220574
5.26174
11.0963
0.403205
144.145
138.435
144.05
0.321224
1
0
0.063808
26
1
i = 496
20523
4002
4048
4033.35
0.0746621
9.42159
46.6192
0.308148
1065.83
995.62
1027.37
0.089412
1
0
30.7229
43
0
i = 497
22982
4020
4044
4033.73
0.134034
4.40065
16.6772
0.440372
183.07
170.09
181.46
0.212295
1
0
0.0981141
21
2
i = 498
21624
4020
4046
4036.02
0.207042
5.01489
11.6425
0.415491
143.795
138.655
142.006
0.317325
1
0
0.181121
23
1
i = 499
21635
4011
4048
4036.58
0.0600984
5.96419
43.9384
0.381824
663.245
610.715
634.93
0.0852926
1
0
10.9197
34
1
i = 500
20524
4021
4051
4037
0.124797
5.7427
20.4443
0.385262
292.93
277.82
290.965
0.172544
1
0
3.59427
27
0
i = 501
22987
4021
4051
4037.87
0.034592
4.79203
67.2513
0.420607
812.71
761.765
804.36
0.0517287
1
0
10.8349
27
2
i = 502
21634
4027
4047
4039.01
0.167911
4.33301
13.4782
0.449452
140.42
137.445
140.014
0.283656
1
0
0.358289
17
1
i = 503
22981
4028
4051
4039.66
0.115914
4.05027
18.4524
0.457612
186.66
178.265
186.411
0.188735
1
0
0.0764723
20
2
i = 504
21623
4027
4050
4040.15
0.17869
4.46769
12.6349
0.43806
140.5
130.495
138.8
0.283819
1
0
0.141676
20
1
i = 505
21622
4034
4057
4043.96
0.229275
4.33031
9.67645
0.444193
104.035
97.245
104.027
0.367043
1
0
0.143263
20
1
i = 506
22980
4034
4058
4045.67
0.128478
4.31375
17.1848
0.443588
183.335
173.97
184.827
0.203049
1
0
0.0853152
21
2
i = 507
21562
4033
4052
4045.76
0.291343
3.51552
7.03926
0.499792
59.82
58.29
58.8892
0.550269
1
0
0.206766
16
1
i = 508
22946
4038
4054
4046.16
0.186598
3.21841
10.2431
0.515243
81.18
77.785
81.4415
0.34644
1
0
0.0365594
13
2
i = 509
20518
4040
4053
4046.89
0.282355
3.2152
6.90461
0.524827
52.68
51.605
52.844
0.56842
1
0
0.18659
10
0
i = 510
21621
4037
4060
4048.48
0.208053
4.50839
10.8649
0.434888
121.63
117.055
121.427
0.324876
1
0
0.121091
20
1
i = 511
25892
4038
4057
4050.8
0.195431
3.22464
9.92513
0.519118
80.57
74.68
77.1742
0.37667
1
0
0.228554
16
0
i = 512
26431
4043
4059
4050.96
0.204879
3.3569
9.54409
0.505579
78.595
73.475
78.8782
0.376027
1
0
0.13754
13
1
i = 513
26430
4044
4057
4051.17
0.232582
3.1046
8.22711
0.532608
61.28
60.715
60.8964
0.470523
1
0
0.460509
10
1
i = 514
27763
4042
4059
4051.21
0.146656
3.21975
13.0256
0.514452
103.99
98.55
103.791
0.270636
1
0
0.0503708
14
2
i = 515
22979
4037
4064
4052.15
0.14167
4.61738
16.1289
0.428888
188.875
175.495
185.328
0.216721
1
0
0.209695
24
2
i = 516
21620
4043
4062
4053.12
0.201384
4.86813
12.0072
0.428661
138.825
136.54
138.198
0.336918
1
0
0.160525
16
1
i = 517
21619
4044
4067
4056.78
0.194395
4.55298
11.7165
0.433775
133.4
126.37
131.314
0.305321
1
0
0.28134
20
1
i = 518
26453
4043
4069
4056.87
0.249882
3.39802
7.83624
0.499056
70.02
60.86
66.7254
0.442082
1
0
0.158643
23
1
i = 519
26452
4049
4065
4056.98
0.253572
3.21252
7.52978
0.51564
59.475
56.945
59.8208
0.470907
1
0
0.159123
13
1
i = 520
27703
4046
4066
4057.16
0.149842
3.44712
13.1757
0.496377
114.57
104.035
112.943
0.265287
1
0
0.0467125
17
2
i = 521
26014
4047
4065
4057.19
0.229013
3.25102
8.38187
0.51188
67.855
63.805
67.4548
0.420265
1
0
0.0301778
15
0
i = 522
22978
4041
4069
4058.06
0.134735
4.51346
16.7841
0.434311
187.08
181.735
187.931
0.209585
1
0
0.110984
25
2
i = 523
20511
4053
4065
4060.76
0.288119
3.13614
7.40202
0.54128
52.37
52.005
51.2344
0.626552
1
0
0.134273
9
0
i = 524
21578
4051
4073
4061.41
0.101362
3.42831
19.4057
0.49696
166.135
153.26
166.548
0.178708
1
0
0.0466125
19
1
i = 525
21618
4051
4074
4061.41
0.20555
4.72884
11.3066
0.426217
131.59
126.68
131.929
0.318732
1
0
0.379502
20
1
i = 526
22959
4051
4073
4061.47
0.0943
3.64432
21.5094
0.482165
195.465
185.98
196.004
0.161485
1
0
0.0875234
19
2
i = 527
20512
4050
4071
4061.49
0.11092
3.73928
18.5411
0.476715
173.4
162.17
172.314
0.188766
1
0
0.0824206
18
0
i = 528
22960
4052
4070
4061.51
0.11174
3.66327
18.2696
0.483476
163.76
158.995
164.835
0.195423
1
0
0.160734
15
2
i = 529
21579
4051
4070
4061.55
0.155335
3.73418
13.2729
0.478777
122.585
116.59
122.019
0.268888
1
0
0.136779
16
1
i = 530
21577
4055
4069
4061.64
0.285447
3.32115
6.89428
0.513779
54.98
52.45
55.4124
0.552765
1
0
0.196467
11
1
i = 531
20513
4051
4069
4061.68
0.192603
3.53944
10.475
0.493559
91.01
87.56
90.3933
0.348143
1
0
0.0781637
15
0
i = 532
22977
4048
4081
4064.12
0.101751
3.99111
20.8562
0.460481
216.02
190.74
208.643
0.166095
1
0
0.226454
30
2
i = 533
21617
4051
4077
4064.82
0.164234
4.72593
14.0768
0.42404
166.885
156.99
165.449
0.248603
1
0
0.224165
23
1
i = 534
20522
4058
4085
4066.26
0.610485
4.33739
8.55292
0.500586
170.64
80.04
90.9959
1.02587
3
0
4.7481
18
0
i = 535
21616
4054
4080
4069.48
0.212065
4.70157
10.9131
0.426658
128.115
120.785
126.459
0.327089
1
0
0.0657206
23
1
i = 536
22976
4058
4083
4069.94
0.125035
4.19893
17.4139
0.449246
183.125
171.69
182.762
0.199577
1
0
0.0243446
22
2
i = 537
20522
4058
4085
4072.12
0.504843
0.500011
3.49883
6.23146
170.64
6.445
4.4311
22.8588
3
1
4.7481
18
0
i = 538
21615
4061
4084
4073.66
0.231004
4.62398
9.93897
0.430592
112.7
108.93
113.052
0.36062
1
0
0.0634851
20
1
i = 539
22975
4064
4087
4076.6
0.131222
4.44991
17.1328
0.438115
188.3
177.695
188.333
0.207071
1
0
0.0853278
20
2
i = 540
20522
4058
4085
4077.37
0.782481
3.80048
6.64045
0.581694
170.64
79.335
61.367
1.42559
3
2
4.7481
18
0
i = 541
21614
4058
4087
4078.22
0.17964
4.54057
12.8074
0.437325
150.725
136.89
140.842
0.291352
1
0
0.702811
26
1
i = 542
21613
4068
4093
4081.44
0.153168
4.42852
14.6079
0.437885
160.42
150.375
161.027
0.23912
1
0
0.264883
22
1
i = 543
22974
4071
4096
4081.59
0.100859
4.2434
21.7273
0.447614
227.92
218.215
229.971
0.161309
1
0
0.141169
22
2
i = 544
21612
4073
4095
4085.59
0.180529
4.93712
13.3247
0.420703
160.41
152.73
158.431
0.284649
1
0
0.141729
19
1
i = 545
22973
4076
4100
4087.75
0.125395
4.47349
17.9387
0.435923
199.29
185.285
199.689
0.195254
1
0
0.176324
21
2
i = 546
21611
4079
4098
4089.94
0.219801
4.42338
10.4308
0.446138
111.035
107.035
110.091
0.372239
1
0
0.0480842
16
1
i = 547
21610
4082
4105
4094.29
0.174712
4.26185
12.571
0.446773
134.3
125.19
133.02
0.279166
1
0
0.0994989
20
1
i = 548
22972
4080
4108
4094.5
0.120581
4.17696
18.0049
0.450162
191.305
177.7
188.312
0.192481
1
0
0.290079
25
2
i = 549
20523
4067
4125
4096
4.2
19.3333
12.5124
1.25124
606.435
606.435
525.298
8.57538
1
0
-1
1
0
i = 550
21609
4089
4107
4097.99
0.185931
4.3253
12.0846
0.450668
124.925
121.13
126.009
0.316989
1
0
0.395939
15
1
i = 551
22971
4090
4116
4099.84
0.122885
4.29274
17.9764
0.446076
193.195
179.45
191.883
0.197482
1
0
0.275754
23
2
i = 552
21608
4088
4116
4102.46
0.189881
4.69119
12.12
0.424994
144.805
133.15
142.038
0.286654
1
0
0.170008
25
1
i = 553
22970
4094
4116
4105.93
0.134681
4.17339
16.1506
0.451936
166.86
159.86
166.896
0.218452
1
0
0.134809
19
2
i = 554
21607
4096
4121
4106.35
0.199669
4.45073
11.2598
0.437906
126.74
115.4
124.612
0.314537
1
0
0.268067
22
1
i = 555
21606
4099
4121
4110.36
0.233924
4.69892
9.90433
0.427942
114.265
110.135
114.202
0.365258
1
0
0.148138
19
1
i = 556
22969
4097
4125
4112.7
0.137687
4.39497
16.1789
0.439108
179.34
164.485
177.58
0.214808
1
0
0.154324
25
2
i = 557
21605
4102
4127
4115.28
0.174667
4.54274
12.9768
0.432497
145.505
140.84
146.605
0.269653
1
0
0.143172
22
1
i = 558
20524
4090
4141
4115.5
3.95
17
9.79264
0.979264
417.335
417.335
361.488
5.90138
1
0
-1
1
0
i = 559
22968
4106
4130
4117.96
0.0983719
4.07594
21.8068
0.455968
221.685
211.46
222.049
0.159358
1
0
0.289904
21
2
i = 560
21604
4106
4128
4118.42
0.158232
4.37941
14.1345
0.442717
152.955
144.53
151.988
0.25452
1
0
0.272837
19
1
i = 561
21603
4111
4133
4122.78
0.195546
4.44265
11.498
0.439006
126.95
117.68
125.872
0.310503
1
0
0.0759546
19
1
i = 562
22832
4115
4132
4124.21
0.273181
3.31111
7.09736
0.50783
57.79
55.105
58.0115
0.499425
1
0
0.0241431
14
2
i = 563
22967
4111
4136
4124.23
0.126014
4.33172
17.5541
0.442507
189.65
178.015
189.593
0.198429
1
0
0.155075
22
2
i = 564
21602
4113
4141
4128.17
0.159359
5.17943
15.197
0.40537
196.48
186.555
195.371
0.231237
1
0
0.14048
25
1
i = 565
22966
4116
4142
4130.15
0.125902
4.38316
17.6735
0.439875
194.295
180.625
193.184
0.197033
1
0
0.0337632
23
2
i = 566
20633
4117
4139
4131.66
0.131199
3.29431
14.7654
0.509705
127.48
111.85
119.67
0.241749
1
0
0.685019
19
0
i = 567
22901
4121
4139
4131.68
0.193211
3.29338
10.0263
0.509866
83.275
76.585
81.1895
0.356336
1
0
0.0995085
15
2
i = 568
21601
4115
4145
4131.69
0.0827877
4.09005
25.9499
0.454907
273.71
250.93
265.816
0.133533
1
0
0.491233
27
1
i = 569
22900
4122
4141
4132.01
0.0960364
3.20526
19.8093
0.514225
158.815
149.415
158.453
0.175504
1
0
0.0333978
16
2
i = 570
20634
4124
4139
4132.02
0.168645
3.03362
11.015
0.531213
82.065
79.69
82.2281
0.323913
1
0
0.149705
12
0
i = 571
21600
4122
4146
4133.82
0.108097
4.4268
20.6967
0.438096
229.8
210.085
228.109
0.168998
1
0
0.764646
21
1
i = 572
22965
4125
4150
4136.15
0.127437
4.19547
17.085
0.449692
179.545
169.545
179.062
0.204019
1
0
0.0501473
22
2
i = 573
21599
4128
4150
4138.46
0.232386
4.64166
9.90556
0.430343
113.085
109.625
113.224
0.364217
1
0
0.143862
19
1
i = 574
22964
4130
4157
4142.44
0.144822
4.60846
15.755
0.429014
181.47
172.72
181.348
0.221091
1
0
0.0236936
24
2
i = 575
21598
4135
4153
4144.3
0.209178
4.28818
10.6898
0.452271
110.385
108.545
110.467
0.356937
1
0
0.241569
15
1
i = 576
21597
4138
4157
4147.32
0.179492
4.02381
11.9353
0.462111
118.665
113.695
118.179
0.30186
1
0
0.383644
16
1
i = 577
20525
4141
4154
4148.37
0.180087
3.01648
10.4698
0.539483
75.98
75.705
75.3584
0.36701
1
0
0.17739
10
0
i = 578
22963
4137
4161
4148.44
0.125706
4.28356
17.5027
0.445151
187.535
176.175
186.994
0.199373
1
0
0.0385027
21
2
i = 579
22960
4137
4186
4148.75
0.0829526
3.55914
28.0567
0.495169
892.17
241.12
250.237
0.145753
3
0
0.270232
40
2
i = 580
21593
4143
4155
4148.86
0.122656
2.89195
14.9809
0.551271
103.86
98.93
104.409
0.255959
1
0
0.36498
9
1
i = 581
20526
4142
4156
4148.97
0.109616
3.06707
17.0941
0.530431
128.625
122.825
128.338
0.213178
1
0
0.0887203
11
0
i = 582
21592
4143
4156
4149.24
0.165095
2.9407
11.1491
0.543292
79.5
75.55
79.9763
0.332233
1
0
0.257322
10
1
i = 583
21594
4142
4169
4149.57
0.459794
3.31861
6.34446
0.516452
159.885
51.34
52.3915
0.830919
2
0
0.111361
21
1
i = 584
20527
4139
4156
4150.07
0.190083
3.70737
11.3736
0.490514
100.87
96.525
98.0961
0.360986
1
0
0.23911
14
0
i = 585
21596
4140
4160
4151.5
0.22071
4.48666
10.3973
0.441441
111.98
108.365
112.177
0.365506
1
0
0.306439
17
1
i = 586
22959
4137
4184
4152.85
0.206362
7.08277
14.1312
0.353867
937.98
243.05
248.262
0.281195
2
0
5.45422
41
2
i = 587
22962
4144
4166
4154.66
0.139237
4.45782
16.1638
0.438032
177
167.42
178.184
0.220188
1
0
0.162636
19
2
i = 588
21595
4146
4168
4156.26
0.224574
4.5234
10.1099
0.435439
112.97
109.605
112.916
0.354746
1
0
0.134093
19
1
i = 589
21594
4142
4169
4160.86
0.285968
3.99221
11.0509
0.477758
159.885
104.5
107.541
0.532424
2
1
0.111361
21
1
i = 590
22961
4141
4188
4161.04
0.145952
5.08372
17.0368
0.41544
414.37
206.855
217.094
0.229469
2
0
1.48902
41
2
i = 591
21593
4157
4169
4164.04
0.239231
3.24458
8.59737
0.531126
64.295
63.515
63.372
0.512979
1
0
0.0369106
9
1
i = 592
22960
4137
4186
4167.41
0.265308
6.7935
32.5855
0.443959
892.17
456.99
552.756
0.364751
3
1
0.270232
40
2
i = 593
26222
4161
4182
4172.83
0.174421
3.43549
11.2951
0.496895
98.855
87.615
96.7002
0.308437
1
0
0.16639
18
0
i = 594
28133
4161
4183
4172.89
0.095795
3.21802
19.8929
0.512881
162.16
149.505
160.236
0.174237
1
0
0.206982
19
2
i = 595
21592
4158
4183
4172.92
0.0889611
5.05557
27.2021
0.413877
336.41
330.79
334.372
0.135881
1
0
6.80458
22
1
i = 596
26221
4163
4181
4172.94
0.15786
3.30773
12.2622
0.507353
102.37
92.77
100.486
0.286882
1
0
0.115354
15
0
i = 597
26577
4162
4181
4173.01
0.131189
3.31626
14.7769
0.506748
121.535
114.54
121.368
0.23822
1
0
0.219911
16
1
i = 598
28134
4164
4183
4173.34
0.266931
3.18601
7.10477
0.515673
57
53.27
56.5747
0.488847
1
0
0.0206521
16
2
i = 599
26578
4164
4184
4173.62
0.288025
3.47541
6.87863
0.493959
59.65
54.475
59.6895
0.506045
1
0
0.122661
17
1
i = 600
22959
4137
4184
4174.11
0.0264872
3.53978
78.6724
0.489481
937.98
669.04
695.338
0.0467573
2
1
5.45422
41
2
i = 601
21591
4161
4187
4174.33
0.0341866
3.5501
58.5455
0.488251
532.12
494.8
520.807
0.0591729
1
0
2.14752
23
1
i = 602
20525
4156
4183
4175.2
0.0335399
3.79313
62.302
0.476811
637.685
548.34
576.457
0.0585908
1
0
23.443
24
0
i = 603
21590
4165
4186
4175.48
0.0309419
3.37266
63.0537
0.501062
533.79
491.23
532.005
0.0550097
1
0
0.223448
18
1
i = 604
22958
4164
4186
4175.84
0.0298341
3.2658
64.3477
0.509128
525.735
487.58
525.932
0.0538708
1
0
0.0284696
19
2
i = 605
20526
4167
4183
4175.96
0.0234426
3.29191
82.8228
0.511301
668.595
631.535
666.332
0.0437471
1
0
0.679946
13
0
i = 606
22960
4137
4186
4176.01
0.133998
2.53566
14.2471
1.45244
892.17
179.585
90.5461
1.21813
3
2
0.270232
40
2
i = 607
21593
4171
4182
4177.08
0.144602
2.56404
11.9802
0.584568
73.495
73.245
73.4331
0.318235
1
0
0.247292
8
1
i = 608
21589
4166
4187
4177.13
0.0336439
3.37698
58.0309
0.500809
491.61
453.985
489.774
0.0598104
1
0
0.134799
18
1
i = 609
22961
4141
4188
4177.22
0.0856877
3.12357
23.0636
0.521529
414.37
176.3
180.493
0.162208
2
1
1.48902
41
2
i = 610
22957
4165
4191
4177.6
0.0304233
3.24302
62.8776
0.510839
511.935
476.695
511.105
0.0550931
1
0
0.0478564
23
2
i = 611
20524
4165
4187
4178.08
0.0566607
3.93884
37.3628
0.465904
369.045
340.6
362.872
0.0952609
1
0
0.97572
19
0
i = 612
21594
4171
4186
4178.34
0.101469
3.1149
18.5551
0.524566
142.11
136.885
142.525
0.192858
1
0
0.166197
12
1
i = 613
20527
4168
4189
4178.37
0.0235089
3.81322
88.3053
0.471859
835.32
789.015
838.999
0.0395375
1
0
0.705813
18
0
i = 614
22962
4170
4190
4178.39
0.0878481
3.19983
21.6465
0.51498
173.53
162.985
173.12
0.161121
1
0
0.0508874
17
2
i = 615
21588
4165
4187
4178.65
0.0335291
3.32027
57.8037
0.505921
480.24
445.08
476.819
0.0605664
1
0
0.0872293
19
1
i = 616
22956
4170
4189
4179.1
0.0306169
3.28716
62.9318
0.507886
515.53
484.12
516.602
0.0553013
1
0
0.0570062
16
2
i = 617
21595
4171
4193
4179.18
0.109324
3.09821
17.1145
0.523299
134.525
125.705
132.585
0.203671
1
0
0.125817
19
1
i = 618
22963
4170
4192
4179.68
0.0920012
3.13304
20.4382
0.519807
161.855
150.565
160.408
0.169614
1
0
0.0380678
19
2
i = 619
21596
4169
4188
4180.04
0.1118
3.25769
17.1802
0.511089
140.715
130.645
138.756
0.204478
1
0
0.10642
16
1
i = 620
21587
4172
4189
4180.11
0.0321501
3.16395
58.846
0.518391
462.355
440.525
463.423
0.0595507
1
0
0.117209
14
1
i = 621
22955
4171
4192
4180.6
0.0300134
3.30904
64.3934
0.505929
530.655
495.765
533.277
0.0539035
1
0
0.153806
18
2
i = 622
22964
4170
4193
4180.9
0.0967594
3.29791
19.937
0.506596
167.275
151.385
164.735
0.173794
1
0
0.085094
20
2
i = 623
20523
4170
4191
4181.17
0.0544045
3.64294
37.2886
0.482557
337.325
322.98
338.537
0.0934392
1
0
0.10115
18
0
i = 624
20528
4169
4192
4181.18
0.0228353
4.01659
93.287
0.459592
930.65
896.79
933.797
0.0373608
1
0
0.655076
20
0
i = 625
21597
4173
4188
4181.36
0.110082
3.22369
17.5057
0.518011
137.645
132.635
137.107
0.209992
1
0
0.13286
12
1
i = 626
21586
4173
4193
4181.45
0.0322384
3.28252
59.7557
0.508606
489.61
457.355
489.968
0.0584573
1
0
0.189776
17
1
i = 627
22954
4173
4192
4182.14
0.0301039
3.38947
65.008
0.500376
547.81
511.21
549.584
0.0536489
1
0
0.136783
16
2
i = 628
22965
4171
4193
4182.15
0.0876129
3.18404
21.6348
0.515569
172.965
162.42
172.556
0.160146
1
0
0.0160315
19
2
i = 629
21598
4174
4190
4182.36
0.0986616
3.23121
19.4204
0.514457
154.185
147.525
154.746
0.183194
1
0
0.136042
13
1
i = 630
21585
4173
4194
4182.87
0.0317997
3.31578
60.8347
0.50536
505.88
464.615
504.869
0.0570268
1
0
0.219802
18
1
i = 631
21599
4172
4190
4183.13
0.0968022
3.14606
19.576
0.522018
152.65
145.845
151.119
0.183223
1
0
0.194688
15
1
i = 632
22966
4173
4191
4183.26
0.0743681
3.15744
25.4258
0.519123
199
190.29
199.019
0.138138
1
0
0.111836
15
2
i = 633
20522
4172
4198
4183.69
0.0525
3.79931
39.4411
0.472042
380.245
347.845
375.323
0.0879006
1
0
0.462893
23
0
i = 634
22953
4170
4195
4183.73
0.0294142
3.38474
66.4414
0.50005
565.515
517.935
563.303
0.0521478
1
0
0.152009
22
2
i = 635
20529
4170
4194
4183.94
0.0217667
4.12526
99.3094
0.454221
1014.24
971.82
1016.32
0.0353928
1
0
1.77288
21
0
i = 636
21584
4174
4196
4184.16
0.0305683
3.33742
63.4885
0.503666
530.935
493.255
530.595
0.0546156
1
0
0.155838
19
1
i = 637
21600
4175
4192
4184.22
0.0980468
3.1463
19.2502
0.52008
150.24
143.815
150.142
0.182496
1
0
0.19613
14
1
i = 638
22967
4177
4192
4184.62
0.0848601
3.063
21.984
0.528503
165.71
159.885
166.106
0.161979
1
0
0.0593208
12
2
i = 639
22952
4171
4195
4185.15
0.0282857
3.44196
69.6878
0.496095
601.4
553.415
599.315
0.0498239
1
0
0.543956
21
2
i = 640
21601
4177
4193
4185.44
0.106959
3.1309
17.6179
0.522015
137.11
130.53
136.348
0.200692
1
0
0.0776929
13
1
i = 641
21583
4174
4196
4185.48
0.029113
3.32903
66.576
0.504261
556.24
514.515
554.767
0.0520631
1
0
0.208324
19
1
i = 642
22968
4173
4194
4185.7
0.0877198
3.05002
21.1581
0.527223
160.83
153.495
160.932
0.16444
1
0
0.0502839
18
2
i = 643
20521
4175
4197
4186.16
0.0481253
3.69598
42.4445
0.478788
392.015
370.465
391.936
0.0818372
1
0
0.0810562
19
0
i = 644
21602
4178
4195
4186.44
0.102495
3.00717
17.9814
0.531087
134.795
128.865
134.871
0.193688
1
0
0.173681
14
1
i = 645
22951
4174
4198
4186.52
0.0268124
3.41548
73.2189
0.497794
626.16
577.215
626.416
0.0473203
1
0
0.437122
21
2
i = 646
22969
4174
4195
4186.57
0.0838696
3.02338
22.0295
0.529418
168.61
158.78
166.248
0.157751
1
0
0.11249
18
2
i = 647
20530
4174
4196
4186.6
0.0191994
3.98095
110.693
0.462817
1096.22
1018.06
1090.26
0.0319143
1
0
8.57361
19
0
i = 648
21582
4174
4197
4186.68
0.0275081
3.28984
70.0443
0.507253
577.45
535.87
576.806
0.0494842
1
0
0.175535
20
1
i = 649
21603
4178
4194
4187.05
0.106431
3.16145
17.8452
0.520852
139.32
133.415
138.388
0.201122
1
0
0.123182
13
1
i = 650
20533
4176
4195
4187.1
0.0943785
3.36735
20.7126
0.503269
175.195
161.27
172.392
0.170651
1
0
0.322914
16
0
i = 651
22970
4175
4196
4187.66
0.0795908
3.18471
23.8361
0.516208
191.61
177.49
188.995
0.146332
1
0
0.0656183
18
2
i = 652
22950
4175
4198
4187.8
0.0240247
3.39527
81.4797
0.499376
694.03
635.84
691.982
0.0425639
1
0
0.509482
20
2
i = 653
21581
4176
4203
4187.9
0.0243852
3.28467
78.9492
0.507593
658.715
599.285
649.972
0.0438789
1
0
0.527688
24
1
i = 654
20534
4180
4197
4187.93
0.120673
3.44577
16.4083
0.498493
140.575
128.02
139.834
0.217593
1
0
0.220685
14
0
i = 655
21604
4179
4197
4187.95
0.10116
3.06574
18.391
0.525752
140.49
132.8
140.831
0.188957
1
0
0.0334831
15
1
i = 656
20531
4176
4197
4188.17
0.0201957
3.71538
101.641
0.478956
941.18
892.14
934.677
0.0347116
1
0
8.88825
18
0
i = 657
20532
4176
4197
4188.32
0.0415991
3.76768
49.7402
0.476092
464.46
442.075
462.669
0.0713203
1
0
1.576
18
0
i = 658
20520
4177
4199
4188.56
0.0405585
3.61269
49.7916
0.484245
449.255
425.43
449.411
0.0697421
1
0
0.269597
19
0
i = 659
22971
4179
4196
4188.65
0.0816185
3.19443
23.3436
0.517123
184.175
174.84
183.865
0.152062
1
0
0.0321656
14
2
i = 660
21605
4179
4195
4188.65
0.0951261
2.97829
19.4096
0.53713
141.755
130.885
141.341
0.186004
1
0
0.050504
13
1
i = 661
22947
4179
4197
4188.66
0.142986
3.13669
13.1664
0.520116
103.005
97.06
102.837
0.264821
1
0
0.0138191
15
2
i = 662
21580
4176
4200
4188.86
0.0234261
3.25146
81.7654
0.510187
671.465
617.185
666.053
0.042371
1
0
0.512969
21
1
i = 663
22949
4175
4198
4188.97
0.0218645
3.39277
89.544
0.500018
763.475
695.65
757.089
0.0389083
1
0
0.845644
20
2
i = 664
22948
4176
4198
4189.11
0.0448955
3.50513
44.3491
0.492316
388.565
371.925
386.462
0.078871
1
0
0.0172881
19
2
i = 665
20535
4181
4199
4189.2
0.132187
3.63905
15.4035
0.4853
137.54
133.78
138.623
0.232434
1
0
0.109585
15
0
i = 666
22946
4178
4197
4189.38
0.162226
3.32034
11.9745
0.507181
98.675
92.595
98.0796
0.29636
1
0
0.0156493
16
2
i = 667
21606
4182
4200
4189.45
0.09515
3.04889
19.5284
0.528286
148.775
141.505
148.518
0.179865
1
0
0.212738
15
1
i = 668
21579
4181
4197
4189.52
0.0318417
3.11064
58.9868
0.523668
453.88
434.92
453.55
0.0599184
1
0
0.0989662
13
1
i = 669
22972
4179
4199
4189.74
0.0744466
3.2435
25.7035
0.511075
209.06
193.78
208.225
0.135118
1
0
0.0520293
17
2
i = 670
21607
4179
4204
4189.95
0.100077
3.31978
19.34
0.504923
164.625
148.33
160.89
0.179157
1
0
0.215702
22
1
i = 671
21578
4182
4197
4190.08
0.0749557
3.11955
25.1742
0.524747
192.955
186.71
192.479
0.143072
1
0
0.0383652
12
1
i = 672
22973
4181
4201
4190.45
0.0777761
3.25747
24.6551
0.509941
201.62
187.45
200.901
0.140814
1
0
0.0413066
17
2
i = 673
22945
4182
4202
4190.57
0.145872
3.30879
13.2582
0.506537
109.545
101.795
109.584
0.263348
1
0
0.103565
17
2
i = 674
21608
4181
4198
4190.78
0.0937441
2.93197
19.4343
0.538619
141.51
128.59
141.285
0.180559
1
0
0.054851
14
1
i = 675
20519
4177
4200
4190.8
0.0348539
3.66008
58.3839
0.481872
530.08
503.555
531.036
0.0599702
1
0
0.258728
20
0
i = 676
20536
4182
4199
4190.99
0.120812
3.48172
16.478
0.496072
140.395
130.995
141.178
0.217024
1
0
0.155592
14
0
i = 677
22974
4182
4200
4191.38
0.071265
3.05395
26.0569
0.526802
198.275
189.74
198.598
0.133413
1
0
0.0166502
15
2
i = 678
21609
4183
4200
4191.42
0.0948436
3.14099
19.8691
0.520072
155.175
146.88
155.329
0.175998
1
0
0.452239
14
1
i = 679
21577
4184
4198
4191.49
0.167201
3.14666
11.3977
0.525292
86.95
84.895
86.9406
0.325513
1
0
0.0500071
11
1
i = 680
22944
4184
4200
4191.83
0.141847
3.22325
13.4857
0.514897
106.575
101.405
107.522
0.263251
1
0
0.118108
13
2
i = 681
21610
4184
4203
4192.15
0.0894568
3.13111
21.0295
0.520665
164.245
156.31
164.518
0.165954
1
0
0.123395
16
1
i = 682
22975
4182
4204
4192.29
0.0680664
3.12214
27.5758
0.520661
216.895
204.085
215.72
0.125651
1
0
0.0499566
19
2
i = 683
21576
4182
4201
4192.6
0.111192
3.44729
17.772
0.496947
153.48
140.14
151.827
0.197889
1
0
0.0758501
16
1
i = 684
21611
4186
4202
4192.76
0.0939434
3.03252
19.7855
0.531357
147.245
142.045
148.893
0.180572
1
0
0.15961
13
1
i = 685
22943
4184
4199
4192.77
0.121846
3.17948
15.7744
0.522622
121.655
118.02
121.093
0.236129
1
0
0.0948455
12
2
i = 686
22942
4184
4203
4193.15
0.078721
3.5595
25.4926
0.488796
223.89
217.205
225.756
0.137542
1
0
0.202104
16
2
i = 687
22976
4184
4202
4193.16
0.0683584
3.07326
27.25
0.525131
208.405
199.59
209.08
0.127554
1
0
0.0892696
15
2
i = 688
20518
4182
4202
4193.16
0.0324044
3.69623
63.1765
0.480194
578.915
552.045
577.96
0.0558371
1
0
0.2181
17
0
i = 689
21575
4182
4203
4193.19
0.0777302
3.51329
25.624
0.491169
223.065
215.49
224.678
0.135685
1
0
0.197044
18
1
i = 690
20537
4181
4203
4193.36
0.0802764
3.80663
25.8489
0.472468
243.875
231.535
244.584
0.135391
1
0
0.221366
19
0
i = 691
21612
4186
4203
4193.59
0.0893477
3.11207
21.0137
0.523035
162.235
154.895
162.851
0.167366
1
0
0.115362
14
1
i = 692
22977
4183
4203
4194.07
0.0597236
3.03083
30.9685
0.528587
232.925
224.87
234.646
0.112029
1
0
0.101644
17
2
i = 693
21574
4183
4204
4194.18
0.0888088
3.73652
23.1407
0.47668
213.965
204.225
215.209
0.150892
1
0
0.283576
18
1
i = 694
21613
4184
4203
4194.19
0.0791647
3.25255
24.2124
0.510638
197.04
184.55
196.287
0.143821
1
0
0.217895
16
1
i = 695
22941
4184
4205
4194.63
0.0624157
3.85553
33.4488
0.46937
319.795
301.965
320.989
0.104499
1
0
0.936464
18
2
i = 696
20538
4184
4207
4194.78
0.0537881
3.98729
39.458
0.461244
392.64
363.26
392.835
0.0882968
1
0
0.568363
20
0
i = 697
21614
4186
4202
4194.9
0.0888173
3.26293
21.7413
0.513143
174.93
164.775
173.728
0.165859
1
0
0.0922543
13
1
i = 698
22978
4184
4205
4195.2
0.0673489
3.11543
27.8404
0.521257
216.425
206.085
217.1
0.124497
1
0
0.0251838
18
2
i = 699
20517
4182
4207
4195.54
0.030454
3.68628
66.9733
0.479212
621.42
582.915
617.918
0.0517593
1
0
0.856659
22
0
i = 700
21615
4187
4206
4195.86
0.0857321
3.14885
21.9933
0.518768
172.305
162.075
173.164
0.158014
1
0
0.137093
16
1
i = 701
22979
4185
4207
4196.01
0.0660022
3.12523
28.452
0.520389
223.325
210.835
222.78
0.121767
1
0
0.00912443
19
2
i = 702
20539
4184
4205
4196.06
0.057169
3.93463
37.0078
0.466166
363.445
336.5
358.995
0.0961751
1
0
2.64294
18
0
i = 703
21616
4188
4205
4196.37
0.0838698
2.94012
21.7251
0.536956
158.21
146.375
159.477
0.16009
1
0
0.115511
14
1
i = 704
21573
4186
4209
4196.45
0.0684027
3.57456
29.3653
0.486755
267.155
249.045
262.743
0.118177
1
0
0.373372
20
1
i = 705
22980
4187
4205
4196.82
0.0645494
3.21628
29.548
0.514013
236.73
222.265
236.098
0.118444
1
0
0.108269
15
2
i = 706
21617
4187
4206
4196.88
0.0836069
3.08519
22.3199
0.523943
172.82
162.255
172.116
0.155484
1
0
0.0408296
16
1
i = 707
22940
4186
4207
4196.94
0.0548721
3.29369
35.1362
0.507011
292.385
266.035
289.496
0.098697
1
0
0.197175
18
2
i = 708
21618
4187
4204
4197.51
0.0904273
3.00789
20.5034
0.534141
154.69
147.205
151.066
0.175442
1
0
0.495038
14
1
i = 709
21572
4187
4208
4197.65
0.0475511
3.36722
40.9965
0.501467
344.02
319.14
345.296
0.0846062
1
0
0.223078
18
1
i = 710
22981
4186
4209
4197.68
0.0710655
3.20656
26.7665
0.513743
220.065
200.395
215.05
0.12943
1
0
0.239703
20
2
i = 711
22939
4188
4208
4197.83
0.0620909
3.20902
30.65
0.51368
245.59
229.44
246.086
0.113168
1
0
0.020139
17
2
i = 712
20516
4185
4207
4197.96
0.0319554
3.74194
64.4383
0.477021
598.24
561.83
597.638
0.054609
1
0
0.24496
19
0
i = 713
20540
4184
4207
4198.04
0.0582866
3.49202
34.0909
0.493138
303.515
271.615
296.15
0.102494
1
0
0.854952
20
0
i = 714
21619
4191
4205
4198.39
0.0878475
2.81722
20.3662
0.550939
140.58
133.865
141.363
0.174657
1
0
0.30403
11
1
i = 715
22982
4187
4210
4198.61
0.0646532
3.12684
29.053
0.520247
232.905
213.45
227.647
0.119239
1
0
0.228601
20
2
i = 716
21571
4188
4207
4198.97
0.0541948
3.35744
35.999
0.503747
298.615
277.715
299.165
0.0979049
1
0
0.151504
16
1
i = 717
21620
4191
4206
4199.08
0.0825995
2.99151
22.3253
0.53469
165.185
151.805
164.482
0.159429
1
0
0.182979
12
1
i = 718
22938
4190
4209
4199.38
0.0604302
3.23107
31.6059
0.512125
254.43
239.72
255.117
0.109952
1
0
0.0452401
16
2
i = 719
20541
4187
4210
4199.6
0.0573178
3.4381
34.3665
0.496244
298.335
271.755
295.582
0.100904
1
0
0.290041
20
0
i = 720
22983
4190
4208
4199.68
0.0646221
3.2358
29.601
0.512401
239
222.565
238.065
0.118157
1
0
0.221547
15
2
i = 721
21621
4186
4207
4199.95
0.0823218
3.24906
23.4013
0.513807
190.075
176.565
186.5
0.153503
1
0
0.186644
18
1
i = 722
21570
4190
4211
4200.45
0.075966
3.52377
26.2549
0.490336
232.88
220.385
231.204
0.132286
1
0
0.0903459
18
1
i = 723
22937
4189
4210
4200.48
0.0674787
3.17856
28.0686
0.516124
223.115
209.98
223.129
0.123565
1
0
0.013801
18
2
i = 724
20542
4190
4211
4200.82
0.0716227
3.52351
27.8467
0.490377
245.645
232.85
245.073
0.124753
1
0
0.160623
18
0
i = 725
21622
4186
4212
4200.89
0.0854467
3.35389
22.7674
0.502347
194.855
175.3
191.261
0.152184
1
0
0.119385
23
1
i = 726
22936
4193
4210
4201.07
0.110909
3.1587
17.0442
0.518828
133.45
127.62
134.02
0.205617
1
0
0.0161588
14
2
i = 727
22984
4189
4209
4201.09
0.0653853
3.24175
29.3045
0.512348
236.89
222.955
235.524
0.119886
1
0
0.0925361
17
2
i = 728
20515
4190
4213
4201.16
0.036046
4.17084
60.2352
0.451203
623.795
595.94
626.124
0.0579809
1
0
1.20219
20
0
i = 729
21569
4191
4210
4201.5
0.111095
3.23539
17.2117
0.512157
138.84
130.535
138.631
0.202661
1
0
0.0489553
16
1
i = 730
21623
4194
4210
4202.12
0.0865639
3.17346
21.9148
0.518553
171.425
164.775
172.065
0.161394
1
0
0.0685111
13
1
i = 731
22935
4192
4213
4202.41
0.159164
3.34057
12.1992
0.503444
102.835
94.35
101.973
0.284276
1
0
0.014993
18
2
i = 732
22985
4193
4213
4202.44
0.0652488
3.17891
29.0302
0.516132
229.465
217.64
230.956
0.119511
1
0
0.0799573
17
2
i = 733
20543
4191
4210
4202.53
0.102452
3.66518
20.0637
0.485345
183.495
172.53
179.033
0.182543
1
0
0.375337
16
0
i = 734
21568
4193
4210
4202.81
0.133965
3.01139
13.7924
0.531918
102.69
98.7
102.741
0.255569
1
0
0.0432523
14
1
i = 735
21624
4194
4212
4203.22
0.0871584
3.13957
21.6045
0.519694
169.73
160.485
169.173
0.161096
1
0
0.17899
15
1
i = 736
22934
4194
4213
4203.7
0.118275
3.16161
15.9726
0.517631
126.51
118.675
126.179
0.217389
1
0
0.0102157
16
2
i = 737
22986
4195
4213
4203.94
0.0650325
3.19194
29.1983
0.515511
230.99
218.165
232.442
0.119309
1
0
0.109804
15
2
i = 738
21567
4191
4211
4204.2
0.111559
3.3099
17.4961
0.510433
143.76
135.065
141.087
0.208622
1
0
0.0782294
17
1
i = 739
20544
4197
4211
4204.26
0.0959651
3.22055
20.1062
0.519961
157.035
152.785
156.85
0.185839
1
0
0.112928
11
0
i = 740
21625
4191
4214
4204.57
0.0867033
3.47645
22.8544
0.493856
203.13
180.645
198.16
0.152275
1
0
0.415489
20
1
i = 741
22933
4195
4212
4204.67
0.101433
3.09776
18.4802
0.524619
142.095
135.475
141.502
0.191066
1
0
0.00939
14
2
i = 742
20514
4189
4216
4205.02
0.0390951
4.44958
57.4101
0.437222
632.315
596.55
634.417
0.0611259
1
0
0.736653
24
0
i = 743
21566
4197
4212
4205.09
0.123337
3.24582
15.649
0.515801
123.61
119.865
123.804
0.233556
1
0
0.155999
12
1
i = 744
22987
4196
4219
4205.57
0.0585545
3.23417
32.6289
0.511689
269.69
246.52
264.276
0.106317
1
0
0.361084
20
2
i = 745
20545
4197
4218
4205.81
0.101764
3.50951
19.5811
0.492121
173.03
162.39
171.513
0.178848
1
0
0.322446
18
0
i = 746
22932
4198
4214
4205.87
0.143736
3.25097
13.3694
0.512888
107.115
100.82
107.411
0.26606
1
0
0.0370516
13
2
i = 747
21626
4196
4215
4205.94
0.0745955
3.36932
26.1564
0.501853
219.195
201.77
219.509
0.133315
1
0
0.0948866
16
1
i = 748
21565
4199
4215
4206.23
0.148578
3.10116
12.6311
0.524798
96.445
93.245
97.2203
0.280822
1
0
0.0620303
13
1
i = 749
21627
4198
4215
4206.83
0.0732479
3.17414
25.8703
0.517568
202.79
192.86
203.937
0.135467
1
0
0.137482
14
1
i = 750
22931
4199
4217
4207.12
0.14315
3.23296
13.3608
0.51281
107.9
101.545
107.678
0.262277
1
0
0.0519514
15
2
i = 751
20546
4198
4216
4207.52
0.117971
3.62028
17.1943
0.486059
153.225
147.54
153.502
0.207008
1
0
0.0630378
15
0
i = 752
21564
4200
4215
4207.75
0.161234
3.43553
12.3536
0.503207
102.845
97.45
102.953
0.301712
1
0
0.058066
12
1
i = 753
21628
4199
4219
4208.17
0.0749137
3.29226
25.7372
0.507374
210.88
198.295
211.883
0.13507
1
0
0.0625556
17
1
i = 754
22930
4198
4218
4208.45
0.153313
3.19439
12.385
0.514874
99.08
93.33
98.9199
0.280115
1
0
0.0667099
17
2
i = 755
20513
4195
4236
4209.2
0.0427471
4.44035
65.889
0.443671
889.98
669.205
733.031
0.0712114
2
0
0.202192
35
0
i = 756
20547
4200
4217
4209.23
0.124176
3.33471
15.6745
0.506211
129.29
121.91
128.917
0.226578
1
0
0.118479
14
0
i = 757
21563
4198
4218
4209.29
0.15675
3.34117
12.3973
0.504024
104.43
95.355
103.102
0.281479
1
0
0.18888
17
1
i = 758
21629
4199
4219
4209.32
0.0692106
3.38608
28.2508
0.500271
239.755
220.935
238.844
0.123018
1
0
0.101446
17
1
i = 759
22929
4199
4216
4209.57
0.173609
3.42186
11.5462
0.504771
96.525
90.935
94.9115
0.327204
1
0
0.0485342
14
2
i = 760
22990
4198
4261
4209.84
0.0630088
3.09853
34.5575
0.524271
1036.8
243.24
268.395
0.119856
3
0
0.40722
54
2
i = 761
21630
4198
4221
4210.32
0.0698125
3.4753
28.3674
0.493562
251.22
224.55
246.684
0.122219
1
0
0.379926
20
1
i = 762
21562
4199
4218
4210.33
0.159172
3.5232
12.602
0.493402
110.62
105.65
108.963
0.28499
1
0
0.423974
16
1
i = 763
22928
4198
4219
4210.68
0.161974
3.12137
11.5936
0.521291
92.72
85.31
90.169
0.300473
1
0
0.100221
18
2
i = 764
20548
4200
4219
4210.89
0.119619
3.37996
16.363
0.502025
137.5
127.395
136.929
0.215296
1
0
0.0958889
16
0
i = 765
22991
4201
4220
4211.27
0.0513266
3.16275
36.8204
0.517707
290.405
275.605
290.499
0.0944575
1
0
0.200474
16
2
i = 766
21631
4203
4221
4211.69
0.0674834
3.31179
28.6754
0.506506
235.55
220.31
236.51
0.12198
1
0
0.135969
15
1
i = 767
21561
4201
4221
4211.86
0.139958
3.34697
13.8917
0.503311
115.83
107.42
115.951
0.250496
1
0
0.149999
17
1
i = 768
22927
4203
4222
4212.08
0.133792
3.19057
14.1858
0.515358
113.905
106.455
113.134
0.24496
1
0
0.0439319
16
2
i = 769
20549
4203
4224
4212.55
0.105357
3.38955
18.5677
0.499984
157.285
145.935
157.433
0.187122
1
0
0.146717
18
0
i = 770
22988
4198
4232
4212.61
0.0603014
6.42241
44.8291
0.364902
698.675
679.735
713.831
0.0794294
1
0
7.90722
31
2
i = 771
21632
4203
4224
4212.62
0.0630441
3.21767
30.2274
0.512985
245.77
227.64
243.522
0.114747
1
0
0.164867
18
1
i = 772
20512
4200
4229
4212.65
0.0203924
3.95302
103.571
0.462735
1056.77
935.325
1025.79
0.0334605
1
0
10.1195
26
0
i = 773
22992
4203
4248
4212.93
0.0461216
3.18636
41.1466
0.515654
523.55
306.115
328.473
0.0845063
2
0
0.298566
39
2
i = 774
21560
4200
4222
4212.99
0.110856
3.14307
16.9917
0.51914
133.485
125.22
133.428
0.204328
1
0
0.0975573
19
1
i = 775
20509
4207
4221
4213.08
0.252177
3.01174
7.39821
0.536408
55.22
52.875
54.6911
0.499701
1
0
0.218853
11
0
i = 776
22926
4201
4220
4213.1
0.134158
3.31053
14.533
0.509989
119.585
111.995
117.444
0.249985
1
0
0.0445001
16
2
i = 777
22996
4200
4226
4213.1
0.0272414
3.4537
72.4672
0.495015
636.2
573.205
627.237
0.0478035
1
0
2.2009
23
2
i = 778
21637
4206
4220
4213.1
0.0409742
2.95177
44.7593
0.539298
325.95
301.045
324.712
0.0802892
1
0
0.472695
11
1
i = 779
20510
4205
4223
4213.23
0.0317112
3.16621
59.6587
0.517848
470.265
446.495
471.374
0.0585386
1
0
0.295178
15
0
i = 780
20511
4203
4225
4213.25
0.0150992
3.32313
128.255
0.50473
1071.3
990.925
1067.36
0.0270311
1
0
1.80052
19
0
i = 781
21636
4205
4220
4213.35
0.0443627
3.0409
42.0063
0.531383
315.425
304.7
312.88
0.0856956
1
0
0.261271
12
1
i = 782
21633
4202
4227
4213.56
0.0538736
3.17094
35.1112
0.516615
288.835
260.43
279.052
0.0986634
1
0
0.851957
22
1
i = 783
22993
4204
4238
4213.63
0.0413387
3.15973
45.8394
0.518876
516.6
341.5
362.828
0.0768183
2
0
0.0373858
28
2
i = 784
22997
4206
4221
4213.65
0.304762
2.91007
5.95714
0.541061
43.3
38.99
42.9566
0.59117
1
0
0.0524076
12
2
i = 785
21635
4203
4221
4213.66
0.0495817
3.03452
37.3953
0.529658
282.675
269.7
281.076
0.0940457
1
0
0.085317
15
1
i = 786
22994
4205
4235
4213.75
0.0477586
3.15446
49.1718
0.521761
546.73
352.02
388.178
0.0911513
2
0
0.14996
24
2
i = 787
21638
4204
4231
4213.8
0.0667455
4.32281
33.2273
0.444708
389.445
324.53
356.963
0.107092
1
0
15.2145
24
1
i = 788
21634
4204
4227
4213.87
0.0509254
3.12611
36.8817
0.520359
294.65
269.38
288.873
0.0939715
1
0
0.461081
20
1
i = 789
21559
4206
4224
4214.08
0.0992079
3.35325
19.6513
0.504082
163.395
153.585
163.934
0.17936
1
0
0.238192
15
1
i = 790
21639
4205
4226
4214.11
0.286893
4.465
7.91244
0.440255
87.47
81.075
86.7127
0.465539
1
0
0.790503
18
1
i = 791
20550
4202
4224
4214.16
0.0900792
3.51141
22.1043
0.49125
197.425
184.44
193.787
0.157213
1
0
0.517638
19
0
i = 792
22995
4201
4230
4214.2
0.0330453
4.18633
65.7737
0.449668
720.155
641.51
689.759
0.0526957
1
0
29.2044
26
2
i = 793
22925
4204
4221
4214.39
0.099967
3.217
19.2491
0.517794
151.705
145.62
150.772
0.189692
1
0
0.0234908
14
2
i = 794
21558
4207
4224
4215.12
0.124928
3.47903
15.9237
0.496133
136.915
127.24
136.882
0.224235
1
0
0.21525
14
1
i = 795
22924
4204
4223
4215.32
0.110959
3.027
16.675
0.529759
125.625
120.61
125.429
0.209736
1
0
0.0204142
16
2
i = 796
20551
4204
4223
4215.43
0.0954518
3.23316
20.0684
0.513621
161.105
152.34
160.336
0.176161
1
0
0.059922
16
0
i = 797
21618
4208
4223
4215.56
0.24607
3.77242
8.58713
0.485302
76.905
75.405
77.254
0.460751
1
0
0.200809
12
1
i = 798
21557
4208
4223
4216.83
0.142168
3.21223
13.6233
0.52065
106.685
102.105
105.301
0.275748
1
0
0.0588723
12
1
i = 799
22923
4208
4228
4216.84
0.13367
2.9842
13.7297
0.532688
104.04
91.545
102.599
0.252661
1
0
0.113073
17
2
i = 800
21619
4207
4231
4217.1
0.0578713
4.65381
39.8525
0.429487
456.345
439.805
458.747
0.0903269
1
0
3.18141
21
1
i = 801
20552
4207
4224
4217.16
0.0960362
3.14865
19.7456
0.521943
154.65
147.11
152.437
0.181916
1
0
0.364304
14
0
i = 802
22989
4198
4234
4217.19
0.0420375
7.03358
67.21
0.34838
1152.68
1134.85
1169.93
0.0526951
1
0
41.6971
33
2
i = 803
20506
4201
4235
4217.29
0.121754
5.17583
19.8497
0.40442
261.94
241.8
257.267
0.174636
1
0
1.02685
31
0
i = 804
22922
4209
4227
4217.92
0.103612
3.18238
18.2985
0.516262
145.63
135.37
145.257
0.190336
1
0
0.0296952
15
2
i = 805
20505
4205
4235
4218.18
0.0467809
5.00623
50.8451
0.411724
629.015
608.79
635.712
0.0686012
1
0
3.31218
27
0
i = 806
21556
4212
4226
4218.22
0.106871
2.85653
16.9033
0.548384
117.94
112.22
119.311
0.213207
1
0
0.197264
11
1
i = 807
20553
4208
4230
4218.68
0.0725059
3.28937
26.5719
0.507271
222.325
202.26
218.916
0.13042
1
0
0.211296
19
0
i = 808
22921
4209
4229
4218.78
0.122383
3.18918
15.502
0.515265
124.69
115.2
123.712
0.22373
1
0
0.0316715
17
2
i = 809
21555
4210
4226
4218.96
0.0950401
2.99043
19.382
0.53409
143.495
129.34
143.142
0.182419
1
0
0.0235014
13
1
i = 810
21620
4208
4235
4219.07
0.0508499
4.99347
46.9253
0.41417
572.235
550.275
580.811
0.0762454
1
0
2.02883
24
1
i = 811
20504
4205
4233
4219.25
0.0668723
4.94476
35.3422
0.414187
428.025
412.33
435.847
0.0985745
1
0
1.80979
25
0
i = 812
22920
4210
4230
4219.31
0.0752369
3.4305
26.164
0.497216
223.395
207.195
224.199
0.133092
1
0
0.104412
17
2
i = 813
21554
4211
4226
4219.4
0.0873493
3.12875
21.6911
0.524902
165.945
160.7
165.467
0.16783
1
0
0.0897853
12
1
i = 814
20554
4211
4229
4219.79
0.0725182
3.35168
26.8479
0.503588
222.385
207.145
223.927
0.130419
1
0
0.525934
15
0
i = 815
22919
4212
4229
4220.66
0.119906
3.58123
16.8493
0.489651
148.07
143.49
148.355
0.213389
1
0
0.0387904
14
2
i = 816
21553
4211
4229
4221.08
0.120963
3.455
16.3847
0.497398
139.025
131.105
139.538
0.217005
1
0
0.15701
15
1
i = 817
21621
4209
4232
4221.24
0.122502
4.33287
18.0825
0.443274
194.75
183.965
194.342
0.194479
1
0
0.16047
20
1
i = 818
20555
4213
4230
4221.59
0.10394
3.55427
19.3555
0.491262
167.615
164.655
169.354
0.185261
1
0
0.521901
14
0
i = 819
21552
4214
4232
4222.72
0.132188
3.41758
14.8787
0.498998
127.215
116.945
126.395
0.236034
1
0
0.455068
15
1
i = 820
22918
4212
4231
4222.73
0.146729
3.36466
13.3025
0.502869
112.01
103.3
110.997
0.263989
1
0
0.0380771
16
2
i = 821
22990
4198
4261
4222.95
0.267109
4.40187
9.54621
0.451106
1036.8
120.255
105.331
0.470139
3
1
0.40722
54
2
i = 822
22917
4215
4231
4223.73
0.12807
3.26783
15.0741
0.512407
120.51
115.665
120.883
0.238233
1
0
0.168937
13
2
i = 823
21551
4214
4232
4223.75
0.116331
3.55893
17.2887
0.490135
154.005
146.255
151.711
0.205713
1
0
0.630952
15
1
i = 824
20513
4195
4236
4223.81
0.193025
4.28551
14.3627
0.450236
889.98
186.855
153.804
0.323728
2
1
0.202192
35
0
i = 825
20556
4212
4232
4223.83
0.0948996
3.30866
20.3933
0.507007
169.45
156.28
167.427
0.172029
1
0
0.200531
17
0
i = 826
22916
4216
4232
4224.84
0.0995589
3.19985
19.1799
0.517515
150.785
143.925
150.756
0.186663
1
0
0.062242
13
2
i = 827
21550
4215
4234
4225.1
0.100095
3.43181
19.6796
0.49752
170.195
155.015
167.937
0.17766
1
0
0.423203
16
1
i = 828
20557
4217
4231
4225.1
0.0892343
3.09587
21.3327
0.530967
160.005
157.18
158.498
0.177211
1
0
0.0507342
11
0
i = 829
22994
4205
4235
4225.48
0.149631
3.80366
17.0108
0.484712
546.73
186.545
160.78
0.281551
2
1
0.14996
24
2
i = 830
22915
4217
4236
4225.86
0.124424
3.38281
15.7159
0.500996
131.515
122.485
132.614
0.22221
1
0
0.0551416
16
2
i = 831
20558
4213
4234
4226.44
0.10415
3.38348
18.848
0.502891
160.165
147.615
156.964
0.189272
1
0
0.284431
18
0
i = 832
21549
4218
4233
4226.53
0.117458
3.07581
15.9932
0.529259
121.505
116.33
119.953
0.227351
1
0
0.36632
12
1
i = 833
20514
4218
4238
4226.86
0.147872
3.44062
13.3379
0.49681
114.425
104.425
114.557
0.261961
1
0
0.0615811
17
0
i = 834
22914
4215
4238
4227.13
0.145155
3.16331
13.0157
0.517247
104.42
97.05
103.151
0.266175
1
0
0.0392917
20
2
i = 835
21548
4218
4236
4227.92
0.157028
3.59728
12.8921
0.488043
113.795
109.27
114.029
0.277551
1
0
0.254006
15
1
i = 836
22913
4220
4237
4228.21
0.149596
3.18177
12.6823
0.516957
100.02
95.245
100.396
0.276359
1
0
0.161986
14
2
i = 837
21547
4213
4238
4228.42
0.118269
3.7785
17.4795
0.474177
165.795
155.605
164.236
0.200124
1
0
0.299494
22
1
i = 838
20559
4212
4239
4228.64
0.10563
3.57728
19.0237
0.486588
174.76
159.72
170.097
0.182455
1
0
0.310928
24
0
i = 839
21546
4216
4238
4228.73
0.0783876
4.01159
27.2351
0.461366
267.56
262.515
269.843
0.130209
1
0
0.682958
19
1
i = 840
20515
4219
4240
4228.98
0.145442
3.56731
13.7996
0.48746
123.22
115.51
123.006
0.252006
1
0
0.0715154
18
0
i = 841
22993
4204
4238
4229.17
0.103889
3.32061
18.7042
0.506764
516.6
145.55
154.768
0.18928
2
1
0.0373858
28
2
i = 842
22912
4220
4237
4229.5
0.112798
3.20807
16.9187
0.5158
133.8
127.415
133.997
0.209293
1
0
0.0727815
14
2
i = 843
22910
4216
4241
4229.65
0.0625985
4.54584
36.2362
0.432564
406.7
394.755
409.072
0.096823
1
0
1.81456
22
2
i = 844
22911
4217
4242
4229.71
0.118443
3.94427
17.8129
0.463308
176.975
162.215
175.804
0.194669
1
0
0.130851
22
2
i = 845
20560
4220
4238
4230.14
0.0916487
3.3665
21.3314
0.503502
178.665
166.495
177.339
0.165983
1
0
0.208545
15
0
i = 846
21545
4218
4242
4230.7
0.0697628
4.06738
30.7209
0.456533
315.53
297.77
311.816
0.113226
1
0
1.80845
21
1
i = 847
20561
4217
4239
4231.05
0.0709362
3.96054
30.1672
0.46725
300.425
274.325
290.556
0.122005
1
0
2.94864
19
0
i = 848
20516
4221
4241
4231.26
0.188372
4.09433
11.4539
0.457261
115.725
112.085
115.667
0.311436
1
0
0.0634115
17
0
i = 849
20562
4214
4241
4231.3
0.0666996
4.60396
34.4538
0.432271
400.185
376.67
388.578
0.105187
1
0
5.58664
24
0
i = 850
22909
4218
4245
4232.39
0.0609179
3.36117
31.9689
0.501781
274.645
249.015
269.303
0.10836
1
0
0.262187
24
2
i = 851
21544
4218
4240
4232.5
0.0744713
3.39027
26.3985
0.502593
225.9
206.28
220.056
0.135453
1
0
0.393082
19
1
i = 852
22992
4203
4248
4233.62
0.137479
4.66398
16.6957
0.426363
523.55
183.09
194.907
0.20845
2
1
0.298566
39
2
i = 853
20563
4215
4247
4233.65
0.0958733
4.46496
23.4146
0.435478
272.025
242.005
261.539
0.148134
1
0
2.18999
29
0
i = 854
21543
4224
4240
4233.68
0.112676
3.44467
17.9167
0.504168
151.815
141.21
147.502
0.213631
1
0
0.679136
13
1
i = 855
22908
4226
4245
4234.13
0.140557
3.24486
13.6322
0.51182
111.775
103.37
110.384
0.25695
1
0
0.113564
16
2
i = 856
20543
4226
4245
4235.25
0.199737
3.29248
9.65401
0.507448
80.145
73.735
79.3658
0.360391
1
0
0.153115
16
0
i = 857
21542
4226
4247
4235.3
0.104906
3.26782
18.3088
0.509163
151.29
139.415
149.732
0.189681
1
0
0.120586
18
1
i = 858
22907
4227
4244
4235.41
0.101013
3.15308
18.6925
0.519122
146.495
139.42
146.666
0.187163
1
0
0.0144922
14
2
i = 859
22976
4224
4248
4235.46
0.094451
3.29776
20.4236
0.506591
170.205
156.88
168.783
0.169627
1
0
0.0770888
21
2
i = 860
20542
4224
4251
4236.11
0.118673
3.5123
16.7754
0.490876
153.865
139.37
147.665
0.206518
1
0
0.294499
24
0
i = 861
21636
4231
4240
4236.14
0.163306
2.50067
11.0244
0.606967
63.495
63.495
62.2141
0.404992
1
0
0.0289594
6
1
i = 862
21541
4228
4243
4236.28
0.113414
3.07555
16.527
0.528521
124.305
121.025
124.46
0.218099
1
0
0.191837
12
1
i = 863
20517
4222
4247
4236.36
0.196778
4.99608
12.1589
0.414958
149.835
141.325
148.848
0.297856
1
0
0.243385
22
0
i = 864
22906
4226
4248
4236.44
0.121944
3.27798
15.7719
0.508161
130.03
120.5
129.495
0.219745
1
0
0.0350639
19
2
i = 865
20564
4227
4248
4236.44
0.095744
3.40374
20.4761
0.499004
175.74
160.78
174.309
0.169789
1
0
0.127699
18
0
i = 866
21635
4227
4246
4236.74
0.328154
4.83111
7.30713
0.42957
84.695
82.285
83.9279
0.547106
1
0
0.190308
16
1
i = 867
22977
4228
4248
4236.79
0.107022
3.33296
18.1334
0.504564
151.98
139.58
151.01
0.192283
1
0
0.0987631
17
2
i = 868
22905
4229
4246
4237.68
0.160314
3.36446
12.184
0.503601
101.175
94.78
101.429
0.290247
1
0
0.0250438
14
2
i = 869
21540
4232
4246
4237.81
0.151233
3.10008
12.6224
0.531079
93.815
90.665
95.4571
0.301314
1
0
0.300664
11
1
i = 870
20541
4226
4252
4237.98
0.119382
4.09228
18.0028
0.454927
188.96
171.105
184.378
0.192771
1
0
0.947967
23
0
i = 871
20565
4227
4248
4238.17
0.111474
3.48596
17.797
0.493047
157.005
141.335
154.887
0.195272
1
0
0.217308
18
0
i = 872
22904
4229
4249
4238.98
0.144165
3.29843
13.3842
0.506742
111.78
101.415
110.372
0.259332
1
0
0.0497392
17
2
i = 873
21539
4228
4250
4239.07
0.146965
3.51317
13.5488
0.49093
120.21
113.62
119.085
0.255978
1
0
0.197985
19
1
i = 874
22978
4228
4267
4239.3
0.149419
3.86621
14.0229
0.469155
262.115
126.335
135.748
0.251117
2
0
0.0311686
33
2
i = 875
20566
4233
4245
4239.75
0.125116
3.05882
15.4392
0.541363
111.905
111.905
110.322
0.265035
1
0
0.0583686
9
0
i = 876
21538
4229
4247
4240.01
0.148701
3.14788
12.7369
0.521515
101.73
94.175
98.5561
0.280516
1
0
0.506263
15
1
i = 877
22903
4228
4247
4240.1
0.145411
3.15665
13.0529
0.521102
102.98
97.375
101.13
0.274674
1
0
0.0340309
16
2
i = 878
22996
4230
4248
4240.51
0.192708
3.0287
9.60799
0.529897
72.89
69.615
72.1871
0.365038
1
0
0.0820834
15
2
i = 879
20518
4228
4250
4240.83
0.121357
4.48798
18.7438
0.438742
207.47
194.495
204.984
0.195666
1
0
0.250828
19
0
i = 880
22991
4224
4260
4240.94
0.0694927
4.79596
33.4756
0.420074
412.49
373.065
402.357
0.103488
1
0
0.517863
33
2
i = 881
20581
4234
4247
4240.95
0.189121
2.75208
9.37707
0.559119
62.785
58.575
63.1033
0.385668
1
0
0.279452
10
0
i = 882
20540
4231
4251
4241.15
0.16982
4.68995
13.7374
0.431669
155.395
153.2
155.955
0.274805
1
0
0.228698
17
0
i = 883
22995
4233
4249
4241.21
0.126237
2.98229
14.5484
0.53387
107.515
98.955
107.809
0.240688
1
0
0.0456648
13
2
i = 884
20582
4232
4249
4241.25
0.376093
4.16491
5.91016
0.460997
59.185
58.645
58.6189
0.664361
1
0
0.181624
14
0
i = 885
21537
4229
4248
4241.36
0.133934
3.02322
13.8655
0.532383
106.45
99.69
102.899
0.258307
1
0
0.137711
16
1
i = 886
21707
4233
4247
4241.45
0.156304
2.73366
11.358
0.562083
75.255
72.845
75.3265
0.322702
1
0
0.0865993
11
1
i = 887
22902
4233
4250
4241.53
0.141595
3.00723
13.0162
0.531079
98.08
92.915
97.6105
0.267569
1
0
0.0512269
14
2
i = 888
20567
4232
4251
4241.61
0.118381
3.41117
16.5838
0.498778
140.465
130.17
140.961
0.210289
1
0
0.0843053
16
0
i = 889
21637
4223
4261
4242
1.9
12.6667
42.7236
4.27236
1356.65
1356.65
1174.98
19.1838
1
0
115.601
1
1
i = 890
21706
4235
4249
4242.18
0.251725
2.95138
7.28597
0.539374
52.78
49.225
52.8157
0.493458
1
0
0.0163999
11
1
i = 891
22901
4234
4250
4242.39
0.146963
3.1654
12.8956
0.519334
100.225
96.77
100.841
0.274651
1
0
0.0571886
13
2
i = 892
21536
4233
4250
4242.58
0.146966
3.29761
13.1844
0.509479
108.055
101.39
106.949
0.27071
1
0
0.0879171
14
1
i = 893
22979
4234
4266
4243.17
0.160664
3.66586
13.1334
0.487281
217.695
115.505
120.192
0.293941
2
0
0.0233288
26
2
i = 894
20568
4234
4252
4243.21
0.11374
3.74449
18.153
0.478533
167.895
159.935
167.344
0.197352
1
0
0.073891
15
0
i = 895
22900
4233
4254
4243.54
0.150196
3.33469
12.9162
0.503883
107.45
100.015
107.769
0.268484
1
0
0.0159812
18
2
i = 896
21535
4237
4253
4244.25
0.145471
3.06806
12.8262
0.527365
98.725
93.3
97.7481
0.275827
1
0
0.130297
13
1
i = 897
20519
4230
4254
4244.49
0.100777
4.7172
23.1666
0.428107
268.445
257.89
266.114
0.158764
1
0
0.309851
21
0
i = 898
20569
4233
4252
4244.71
0.115792
3.48659
17.2774
0.496903
148.47
137.785
147.138
0.210161
1
0
0.153451
16
0
i = 899
20539
4235
4251
4244.73
0.149121
3.26147
13.0824
0.516335
103.855
99.62
102.817
0.286152
1
0
0.0958511
13
0
i = 900
22899
4237
4253
4244.82
0.143154
3.20926
13.3317
0.515922
105.5
99.935
105.878
0.266034
1
0
0.0610009
13
2
i = 901
21534
4236
4253
4245.33
0.138066
3.3992
14.2508
0.501996
120.46
111.3
119.113
0.250894
1
0
0.134435
14
1
i = 902
22980
4234
4254
4245.99
0.123202
3.48092
16.1427
0.495298
140.155
127.285
138.688
0.219724
1
0
0.0350452
17
2
i = 903
22898
4238
4255
4246.11
0.135649
3.03708
13.657
0.528642
103.28
99.11
103.452
0.255454
1
0
0.0335808
14
2
i = 904
21533
4238
4254
4246.45
0.132903
3.07965
14.0558
0.526028
106.615
102.87
107.15
0.250772
1
0
0.0996224
13
1
i = 905
20570
4235
4259
4246.51
0.11279
3.61393
17.9045
0.48397
166.425
151.505
162.053
0.193579
1
0
0.368937
21
0
i = 906
20538
4240
4254
4246.82
0.150603
2.8902
12.0389
0.544399
85.73
79.34
85.8613
0.296735
1
0
0.0373485
11
0
i = 907
22897
4237
4256
4246.96
0.135928
3.17882
13.9371
0.516302
110.975
103.325
110.611
0.249315
1
0
0.0211909
16
2
i = 908
22983
4236
4257
4247.54
0.0519779
3.19814
36.5521
0.51457
293.005
274.665
292.277
0.0949106
1
0
0.0338314
18
2
i = 909
20532
4237
4257
4247.61
0.0859169
3.41381
22.854
0.498363
196.055
178.695
194.582
0.152264
1
0
0.104058
17
0
i = 910
21532
4240
4258
4247.66
0.133488
3.27029
14.4326
0.510738
115.865
109.795
117.437
0.245039
1
0
0.313134
15
1
i = 911
20531
4238
4257
4247.81
0.0690615
3.42118
28.4714
0.49812
242.745
222.21
242.534
0.122577
1
0
0.1888
16
0
i = 912
20571
4237
4258
4247.9
0.106771
3.28667
18.0379
0.507544
148.04
137.05
148.317
0.192238
1
0
0.0910051
18
0
i = 913
20533
4237
4260
4247.95
0.114967
3.24094
16.6339
0.51102
137.81
124.24
135.081
0.208289
1
0
0.107041
20
0
i = 914
22990
4198
4261
4248.04
0.0407668
4.69851
56.5163
0.424879
1036.8
628.665
662.993
0.0616381
3
2
0.40722
54
2
i = 915
22984
4237
4257
4248.1
0.0419224
3.35284
46.4274
0.503026
388.43
362.255
387.77
0.0750703
1
0
0.082503
17
2
i = 916
22896
4240
4257
4248.19
0.137384
3.22053
13.8969
0.514019
111.265
105.2
111.269
0.252667
1
0
0.0230292
14
2
i = 917
21636
4242
4253
4248.19
0.11749
2.81678
15.7936
0.564496
104.875
103.2
103.647
0.260038
1
0
0.275822
8
1
i = 918
20534
4240
4256
4248.2
0.115754
2.89703
15.6314
0.541321
112.36
104.4
112.724
0.223288
1
0
0.0693102
13
0
i = 919
21640
4236
4257
4248.26
0.159214
3.62211
12.7249
0.484868
115.045
109.375
114.207
0.2766
1
0
0.0880258
18
1
i = 920
20520
4235
4261
4248.37
0.090109
4.76884
25.7691
0.422069
304.06
290.165
305.822
0.135698
1
0
0.189177
23
0
i = 921
21639
4239
4256
4248.52
0.0318522
3.51054
62.9667
0.495243
543.535
529.09
540.177
0.0576225
1
0
0.682603
14
1
i = 922
21638
4233
4257
4248.6
0.0153822
3.65367
132.467
0.483448
1229.98
1143.6
1194.98
0.0267772
1
0
21.2317
21
1
i = 923
22982
4239
4259
4248.73
0.0503126
3.22766
37.9357
0.512218
305.57
285.865
306.331
0.0914533
1
0
0.0250873
17
2
i = 924
20530
4241
4256
4248.79
0.080061
3.25452
24.1061
0.514732
191.11
182.645
191.842
0.150894
1
0
0.366488
12
0
i = 925
21531
4243
4254
4248.82
0.17818
3.06873
10.9884
0.547249
77.975
77.975
77.5908
0.398392
1
0
0.191572
8
1
i = 926
22981
4236
4258
4248.92
0.0746138
3.24695
25.6612
0.510856
210.125
193.18
208.021
0.135413
1
0
0.0409487
19
2
i = 927
20535
4238
4261
4249.15
0.11566
3.25507
16.5702
0.509907
138.545
125.77
135.147
0.209084
1
0
0.192464
20
0
i = 928
22986
4240
4274
4249.21
0.0818606
2.98767
23.4003
0.534512
309.25
160.95
175.149
0.159827
2
0
0.0730232
28
2
i = 929
22987
4242
4262
4249.23
0.0881557
3.11803
21.3456
0.523176
165.98
157.995
165.755
0.165901
1
0
0.0551419
17
2
i = 930
22985
4240
4274
4249.33
0.0538327
3.14082
35.5305
0.52135
518.27
265.69
279.492
0.101682
2
0
0.387002
28
2
i = 931
20529
4240
4256
4249.36
0.109679
3.13669
17.285
0.523669
133.155
128.52
132.454
0.209469
1
0
0.0451829
13
0
i = 932
20572
4240
4261
4249.38
0.106542
3.16515
17.7402
0.517237
141.82
132.58
140.598
0.195543
1
0
0.0713153
18
0
i = 933
20537
4240
4263
4249.42
0.156745
3.37662
12.457
0.500964
107.785
96.2
105.262
0.278983
1
0
0.198611
20
0
i = 934
20528
4239
4256
4249.42
0.14301
3.14823
13.2929
0.522942
103.175
98.895
102.115
0.273189
1
0
0.0161484
14
0
i = 935
20525
4241
4256
4249.45
0.133311
3.13937
14.2472
0.524276
108.64
105.77
108.909
0.256287
1
0
0.161664
12
0
i = 936
20527
4242
4255
4249.52
0.149024
2.97284
12.5775
0.543385
89.46
85.355
89.0938
0.305805
1
0
0.115438
10
0
i = 937
22989
4239
4274
4249.52
0.0450875
3.73313
46.0387
0.479502
563.155
404.605
430.146
0.0787784
2
0
0.0775018
29
2
i = 938
22895
4242
4261
4249.55
0.148077
3.10973
12.6749
0.523178
99.035
92.775
98.3174
0.277369
1
0
0.13249
16
2
i = 939
20524
4243
4255
4249.57
0.123239
2.81652
14.7339
0.557955
99.565
96.005
99.327
0.25921
1
0
0.238017
9
0
i = 940
22988
4241
4276
4249.64
0.0610575
3.15881
30.9545
0.51834
315.56
230.11
244.649
0.112766
2
0
0.0151995
29
2
i = 941
20523
4239
4257
4249.73
0.0964997
2.87394
18.683
0.543702
133.215
122.785
133.383
0.187228
1
0
0.124668
15
0
i = 942
20526
4241
4261
4249.79
0.157561
3.42534
12.4904
0.497941
108.75
97.025
106.804
0.279811
1
0
0.405893
17
0
i = 943
20521
4237
4259
4249.82
0.0673936
3.93574
31.3661
0.465621
304.87
285.14
305.163
0.112836
1
0
0.133323
19
0
i = 944
20536
4240
4262
4249.88
0.12456
3.19845
15.2526
0.514466
124.97
113.065
122.201
0.227282
1
0
0.196623
19
0
i = 945
20522
4239
4259
4249.94
0.0712942
3.52034
27.9842
0.491198
245.415
233.245
244.982
0.124912
1
0
0.0816424
17
0
i = 946
21530
4244
4260
4250.4
0.172704
3.14944
11.0351
0.523698
85.91
81.38
85.7407
0.332284
1
0
0.0955035
13
1
i = 947
22894
4244
4261
4250.67
0.153654
3.11036
12.2757
0.525452
95.405
89.125
94.6488
0.29362
1
0
0.157541
14
2
i = 948
20573
4240
4264
4251.14
0.121387
3.64222
16.7021
0.482126
156.82
142.39
152.332
0.207597
1
0
0.395018
21
0
i = 949
21529
4243
4258
4251.55
0.141626
3.2337
13.665
0.517975
108.185
103.655
106.912
0.271557
1
0
0.058288
12
1
i = 950
22893
4243
4261
4251.96
0.144495
3.25817
13.2794
0.51042
107.755
100.105
107.8
0.262782
1
0
0.0157959
15
2
i = 951
21528
4244
4260
4252.78
0.120731
3.14958
15.6753
0.521108
120.995
116.455
121.575
0.227132
1
0
0.117458
13
1
i = 952
20574
4242
4262
4252.84
0.103401
3.34745
18.8041
0.503268
158.485
144.595
156.986
0.185041
1
0
0.089494
17
0
i = 953
22892
4244
4264
4253.09
0.12099
3.21045
15.7352
0.513719
128.1
118.73
126.385
0.220759
1
0
0.120433
17
2
i = 954
21527
4245
4269
4254.16
0.110113
3.29804
17.5252
0.506917
149.68
133.865
144.641
0.198341
1
0
0.568896
21
1
i = 955
22891
4245
4262
4254.28
0.119134
3.14199
15.8334
0.520488
123.275
118.075
123.282
0.221996
1
0
0.0711851
14
2
i = 956
20575
4240
4264
4254.47
0.0866286
3.59731
23.2726
0.485627
210.72
198.075
208.614
0.149756
1
0
0.105892
21
0
i = 957
22890
4246
4265
4255.36
0.0958039
3.31321
20.1908
0.50588
167.5
155.59
166.978
0.172354
1
0
0.0368882
16
2
i = 958
21526
4246
4265
4255.51
0.0939492
3.39654
20.8506
0.499809
177.34
162.585
176.544
0.167185
1
0
0.23484
16
1
i = 959
20576
4246
4269
4256.08
0.0692031
3.46016
28.5576
0.494738
247.145
228.23
247.384
0.121523
1
0
0.267964
20
0
i = 960
21525
4245
4265
4256.5
0.0760454
3.34762
25.5871
0.503758
215.625
198.105
212.912
0.136693
1
0
0.385515
17
1
i = 961
22889
4244
4267
4256.6
0.0701816
3.27994
27.4127
0.508008
228.42
208.41
225.093
0.126429
1
0
0.1869
20
2
i = 962
20577
4248
4267
4257.57
0.067168
3.37426
29.0667
0.501406
244.76
226.57
244.538
0.119868
1
0
0.140141
16
0
i = 963
21524
4247
4269
4257.57
0.0862948
3.19211
21.9932
0.514924
176.5
164.775
175.882
0.157547
1
0
0.102183
19
1
i = 964
22888
4247
4265
4257.66
0.0897688
3.15024
21.0661
0.520411
164.55
156.375
163.896
0.167947
1
0
0.00830497
15
2
i = 965
22978
4228
4267
4257.73
0.154848
3.7755
13.3924
0.475812
262.115
118.17
125.487
0.265989
2
1
0.0311686
33
2
i = 966
22979
4234
4266
4257.87
0.187774
3.57455
11.118
0.49457
217.695
97.985
98.0124
0.351874
2
1
0.0233288
26
2
i = 967
21523
4250
4268
4258.61
0.0987197
3.28815
19.5312
0.508276
160.075
149.27
160.008
0.179009
1
0
0.0603854
15
1
i = 968
22887
4250
4268
4258.69
0.0935738
3.26931
20.5435
0.509643
166.795
156.4
167.377
0.170025
1
0
0.0283147
15
2
i = 969
20594
4252
4265
4258.89
0.146699
2.96994
12.6334
0.541324
90.735
84.23
90.7501
0.295509
1
0
0.141168
10
0
i = 970
22861
4247
4268
4258.93
0.109489
3.14907
17.22
0.51863
136.855
126.66
135.495
0.20159
1
0
0.0218904
18
2
i = 971
21615
4252
4265
4258.94
0.202826
2.67171
8.60006
0.566448
56.79
53.315
56.4058
0.416413
1
0
0.00695216
10
1
i = 972
21497
4252
4266
4259.04
0.108949
3.06749
17.2002
0.530403
129.175
125.845
129.077
0.211881
1
0
0.160077
11
1
i = 973
20517
4251
4266
4259.23
0.183528
2.94821
9.97585
0.538565
72.19
67.355
72.4094
0.356734
1
0
0.115738
12
0
i = 974
20518
4254
4267
4259.28
0.276407
3.01459
6.89215
0.541464
50.185
48.215
50.2496
0.571627
1
0
0.349086
10
0
i = 975
22860
4247
4270
4259.55
0.0264982
3.27862
72.5889
0.508104
598.75
554.085
595.85
0.0477428
1
0
0.0736138
20
2
i = 976
20578
4248
4273
4259.56
0.0915274
3.96501
23.114
0.462184
236.6
207
229.339
0.150165
1
0
2.48643
22
0
i = 977
20595
4251
4270
4259.82
0.039142
3.27314
49.1263
0.509066
399.735
374.005
401.599
0.0709093
1
0
0.52155
16
0
i = 978
21496
4250
4269
4259.9
0.0356785
3.4214
55.1156
0.498138
468.54
430.135
469.384
0.0633433
1
0
0.406218
16
1
i = 979
22886
4252
4267
4259.92
0.135151
3.16002
14.0519
0.52151
108.625
104.175
108.857
0.2566
1
0
0.0535551
12
2
i = 980
21522
4250
4268
4259.94
0.132307
3.43606
14.9275
0.498413
126.34
117.92
126.671
0.237244
1
0
0.146771
15
1
i = 981
20596
4250
4272
4261.36
0.0295488
3.75867
69.7198
0.474879
654.015
614.21
654.124
0.0498735
1
0
0.686839
19
0
i = 982
21495
4250
4274
4261.73
0.0296063
3.93747
71.2073
0.463801
701.825
646.505
701.195
0.0487444
1
0
0.206154
21
1
i = 983
22859
4249
4272
4261.81
0.0293372
3.47772
67.5339
0.493475
588.155
533.45
587.151
0.0513812
1
0
0.197175
20
2
i = 984
21521
4249
4272
4262.43
0.12234
3.79396
16.9339
0.473269
162.405
149.585
159.693
0.206705
1
0
0.427519
20
1
i = 985
22885
4252
4276
4262.75
0.140938
4.15112
15.3707
0.452276
161.655
147.57
159.245
0.227255
1
0
1.34906
21
2
i = 986
20579
4253
4275
4263.31
0.094359
4.60405
24.2951
0.432006
274.05
265.98
275.681
0.148353
1
0
0.969149
19
0
i = 987
20539
4254
4274
4263.71
0.255285
4.91726
9.42253
0.423919
111.3
106.91
111.283
0.41363
1
0
0.251858
17
0
i = 988
20580
4254
4277
4263.9
0.064761
3.69703
31.5569
0.478976
295.675
270.39
291.649
0.110373
1
0
1.23889
20
0
i = 989
22986
4240
4274
4263.91
0.180409
4.29453
12.6117
0.45289
309.25
130.185
134.053
0.311623
2
1
0.0730232
28
2
i = 990
22883
4254
4278
4263.97
0.0695174
3.22789
27.4548
0.512114
226.625
204.115
222.011
0.126267
1
0
0.434417
21
2
i = 991
21648
4255
4271
4264.1
0.31861
4.34926
7.3944
0.458475
74.24
73.37
73.881
0.589964
1
0
0.148321
13
1
i = 992
21520
4248
4276
4264.28
0.0729908
4.07091
29.3692
0.456152
306.83
282.8
298.828
0.118207
1
0
1.05592
25
1
i = 993
20597
4249
4279
4264.28
0.0359341
4.26693
61.0635
0.445363
656.42
612.345
652.77
0.0567374
1
0
0.627488
27
0
i = 994
20581
4255
4273
4264.34
0.0652486
3.29614
29.5859
0.507662
243.1
227.365
242.533
0.118174
1
0
0.083178
15
0
i = 995
22882
4256
4273
4264.65
0.0931842
3.07348
19.9994
0.52553
154.11
144.705
153.067
0.17448
1
0
0.13892
14
2
i = 996
22884
4254
4277
4264.69
0.0701637
4.14495
30.8565
0.452737
317.745
300.905
318.816
0.113356
1
0
1.41445
20
2
i = 997
21519
4254
4276
4264.75
0.064286
3.61403
31.4181
0.484113
286.95
265.96
283.958
0.110479
1
0
1.13051
19
1
i = 998
22858
4253
4277
4264.77
0.0330178
3.57332
60.8171
0.486693
545.8
514.63
544.313
0.0569793
1
0
0.0463181
21
2
i = 999
21649
4252
4274
4264.81
0.133183
4.0154
16.0425
0.461284
158.575
154.115
158.981
0.221424
1
0
0.391091
19
1
i = 1000
21518
4254
4272
4265.06
0.0961869
3.31067
20.264
0.509883
165.195
156.65
163.833
0.179072
1
0
0.0256667
15
1
i = 1001
21650
4250
4271
4265.16
0.246854
4.33413
10.1786
0.458526
105.105
96.455
98.5916
0.448403
1
0
0.551541
18
1
i = 1002
21494
4252
4278
4265.16
0.0365696
4.41297
61.0375
0.438213
672.875
627.55
672.817
0.0569361
1
0
0.946362
23
1
i = 1003
22989
4239
4274
4265.33
0.125371
3.40927
15.8507
0.50186
563.155
127.63
134.358
0.229718
2
1
0.0775018
29
2
i = 1004
22985
4240
4274
4265.35
0.0938119
4.15895
23.535
0.459096
518.27
234.665
239.297
0.162689
2
1
0.387002
28
2
i = 1005
20582
4255
4276
4265.35
0.0862667
3.33784
22.4985
0.50365
189.275
174.115
187.921
0.154141
1
0
0.172351
18
0
i = 1006
20540
4254
4278
4265.36
0.140688
4.65318
16.3256
0.428076
188.335
180.465
188.552
0.216267
1
0
0.185528
21
0
i = 1007
21644
4256
4275
4265.92
0.178309
3.24819
10.7409
0.510859
86.885
81.255
87.0457
0.323815
1
0
0.0640414
16
1
i = 1008
20541
4256
4274
4266.01
0.2114
3.72239
9.7659
0.48084
88.99
86.12
88.9264
0.371028
1
0
0.173584
15
0
i = 1009
22881
4257
4275
4266.18
0.129675
3.13396
14.5078
0.520139
113.24
107.82
113.421
0.239853
1
0
0.00990693
15
2
i = 1010
20529
4259
4276
4266.27
0.184289
3.25581
10.45
0.512806
84.77
79.3
84.3897
0.341841
1
0
0.155048
14
0
i = 1011
21645
4254
4275
4266.35
0.350761
3.73771
5.87435
0.477902
55.13
51.665
54.233
0.603235
1
0
0.111682
18
1
i = 1012
21517
4255
4273
4266.35
0.134468
3.41154
14.8143
0.504314
124.08
117.11
122.181
0.251119
1
0
0.169226
15
1
i = 1013
20528
4258
4278
4266.38
0.360266
3.93877
5.89612
0.467274
58.425
53.165
57.3853
0.613746
1
0
0.193135
17
0
i = 1014
22880
4255
4276
4267.21
0.152396
3.17896
12.4323
0.51634
100.295
93.225
98.6276
0.279636
1
0
0.074662
18
2
i = 1015
20583
4258
4275
4267.44
0.118168
3.27792
16.3332
0.510579
131.575
125.48
131.994
0.21749
1
0
0.0700278
14
0
i = 1016
22988
4241
4276
4267.72
0.264984
3.71745
7.77034
0.480204
315.56
68.15
71.1127
0.461311
2
1
0.0151995
29
2
i = 1017
21516
4260
4278
4267.78
0.144089
3.19777
13.2084
0.515934
106.295
99.09
105.261
0.26617
1
0
0.145158
15
1
i = 1018
22857
4253
4278
4268.14
0.0353466
3.64978
57.443
0.48201
524.97
496.64
522.865
0.0605993
1
0
0.105076
22
2
i = 1019
20598
4255
4280
4268.22
0.0445263
4.50312
50.6741
0.43429
566.77
546.31
567.886
0.0689668
1
0
0.524288
22
0
i = 1020
22879
4258
4275
4268.28
0.162709
3.25538
11.8915
0.514601
95.09
90.925
94.327
0.306564
1
0
0.0353402
14
2
i = 1021
20584
4261
4276
4269.27
0.114938
3.1479
16.5223
0.523108
127.32
122.935
126.987
0.219785
1
0
0.0753352
12
0
i = 1022
21515
4261
4283
4269.3
0.146053
3.31051
13.2508
0.506691
114.745
101.535
109.536
0.264275
1
0
0.351548
19
1
i = 1023
21493
4253
4285
4269.59
0.0445351
4.96043
53.1269
0.413125
657.55
613.985
659.533
0.0652621
1
0
0.377825
29
1
i = 1024
28064
4258
4281
4269.67
0.140944
3.38702
13.8707
0.499891
118.525
108.175
117.665
0.24981
1
0
0.0304843
20
2
i = 1025
22878
4258
4276
4269.91
0.145542
3.09443
13.0196
0.529181
100.415
94.705
97.4624
0.284557
1
0
0.0657049
15
2
i = 1026
25606
4260
4276
4270.03
0.392396
3.79904
5.61033
0.485871
50.475
48.685
49.2995
0.744285
1
0
0.142056
13
0
i = 1027
26647
4258
4278
4270.24
0.169791
3.78041
12.2883
0.477694
114.915
109.025
113.247
0.297328
1
0
0.139791
17
1
i = 1028
25607
4261
4279
4270.46
0.12454
3.30991
15.5355
0.50672
128.035
119.91
127.781
0.225318
1
0
0.100225
15
0
i = 1029
21514
4259
4280
4270.49
0.135137
3.35711
14.4062
0.502371
122.1
111.15
120.78
0.241123
1
0
0.116992
18
1
i = 1030
26645
4263
4279
4270.64
0.33361
3.53619
6.04021
0.49457
52.475
50.655
52.2911
0.60743
1
0
0.247418
13
1
i = 1031
26646
4262
4277
4270.7
0.141393
2.95728
13.0138
0.539197
94.28
86.58
94.0304
0.277812
1
0
0.145007
12
1
i = 1032
22877
4262
4278
4270.84
0.127041
3.07355
14.7059
0.527096
111.705
106.76
111.501
0.241084
1
0
0.0252469
13
2
i = 1033
20585
4258
4281
4270.91
0.0973191
3.59816
20.7109
0.485284
188.655
176.44
186.079
0.167777
1
0
0.540046
20
0
i = 1034
25608
4263
4279
4271.08
0.142453
3.17497
13.32
0.518429
104.52
100.15
104.649
0.265531
1
0
0.0511442
13
0
i = 1035
28063
4258
4282
4271.22
0.103882
3.28629
18.5374
0.507492
155.67
141.79
152.571
0.186919
1
0
0.0837046
21
2
i = 1036
21513
4261
4279
4271.61
0.109614
3.01639
16.86
0.531086
126.535
121.18
126.078
0.208253
1
0
0.0131351
15
1
i = 1037
22856
4261
4282
4272.02
0.0391031
3.76879
52.7812
0.474634
494.195
468.13
495.169
0.0661528
1
0
0.0684238
18
2
i = 1038
22876
4263
4280
4272.08
0.113406
2.94029
16.0707
0.537113
117.15
108.525
117.716
0.21677
1
0
0.0545361
14
2
i = 1039
20599
4260
4284
4272.36
0.0494889
4.58419
46.0359
0.430952
518.845
504.915
523.743
0.0763793
1
0
0.888206
21
0
i = 1040
20586
4263
4281
4272.54
0.0715521
3.29043
26.9606
0.508204
220.795
207.75
220.437
0.12982
1
0
0.417303
15
0
i = 1041
21512
4262
4283
4272.73
0.0859157
3.20998
22.1525
0.513524
178.705
165.595
178.005
0.156464
1
0
0.0775274
18
1
i = 1042
22875
4264
4284
4272.73
0.0676997
3.14686
27.8438
0.518956
218.71
206.16
219.214
0.124843
1
0
0.115246
17
2
i = 1043
20587
4263
4282
4273.61
0.0759364
3.29158
25.4075
0.50802
209.025
194.925
207.873
0.13764
1
0
0.220507
16
0
i = 1044
21511
4260
4281
4273.64
0.0925934
3.32743
21.034
0.507315
176.83
161.865
172.065
0.169995
1
0
0.234458
18
1
i = 1045
22874
4265
4282
4274.01
0.111581
3.19629
17.0478
0.515999
135.535
128.4
135.123
0.206055
1
0
0.0946779
14
2
i = 1046
28142
4262
4283
4274.38
0.0222276
3.14207
84.7457
0.519399
666.085
629.6
664.301
0.0410377
1
0
0.0248704
18
2
i = 1047
28141
4262
4285
4274.38
0.0210086
3.14733
89.7027
0.518562
706.865
667.4
707.228
0.0386233
1
0
0.0225428
20
2
i = 1048
26225
4265
4287
4274.4
0.0273523
3.13253
68.7422
0.519895
543.965
508.265
539.336
0.0504504
1
0
0.253838
19
0
i = 1049
26224
4266
4284
4274.48
0.0342519
3.01639
53.8794
0.530055
405.11
387.285
406.271
0.0645111
1
0
0.234155
15
0
i = 1050
26596
4267
4280
4274.5
0.149227
2.99242
12.6107
0.541865
89.89
86.255
89.8372
0.305863
1
0
0.249543
10
1
i = 1051
26595
4265
4287
4274.53
0.0223771
3.13498
84.0572
0.51967
656.765
623.36
660.065
0.04125
1
0
0.317961
19
1
i = 1052
26223
4268
4281
4274.54
0.0949874
2.85004
19.0154
0.55026
132.585
124.295
132.549
0.191634
1
0
0.243494
10
0
i = 1053
26226
4259
4285
4274.57
0.0307519
3.2404
62.1823
0.511084
517.075
468.645
504.548
0.0557286
1
0
1.01725
23
0
i = 1054
28143
4262
4282
4274.62
0.119275
3.08484
15.6779
0.525486
122.16
114.22
119.703
0.224706
1
0
0.0513251
17
2
i = 1055
21492
4259
4288
4274.65
0.0495201
5.07773
48.3773
0.408875
609.505
586.28
611.843
0.072151
1
0
0.227411
26
1
i = 1056
26594
4264
4287
4274.65
0.0162957
3.20735
116.744
0.513694
940.235
875.955
938.252
0.0296788
1
0
0.319847
20
1
i = 1057
26593
4265
4282
4274.7
0.0491954
3.10219
38.1365
0.52433
291.81
279.935
292.296
0.0926696
1
0
0.187432
14
1
i = 1058
28140
4263
4285
4274.92
0.0304235
3.16828
62.1505
0.516878
492.9
460.605
492.971
0.0557622
1
0
0.0931365
19
2
i = 1059
26227
4265
4284
4274.98
0.0499486
3.19252
38.0106
0.51522
303.475
281.535
302.905
0.0914387
1
0
0.137304
16
0
i = 1060
21510
4266
4285
4275.2
0.123124
3.30919
15.7016
0.506208
130.37
120.96
129.719
0.221678
1
0
0.122434
16
1
i = 1061
22873
4268
4283
4275.35
0.131127
2.96859
13.9915
0.5361
102.8
94.67
102.895
0.252675
1
0
0.0292959
12
2
i = 1062
20588
4268
4286
4275.44
0.102221
3.32141
19.0258
0.50759
156.875
146.995
156.91
0.187525
1
0
0.23957
15
0
i = 1063
26228
4265
4288
4276.08
0.189952
4.29634
11.6066
0.44489
126.355
116.265
124.082
0.302029
1
0
0.491212
20
0
i = 1064
22855
4263
4305
4276.08
0.0416127
3.85942
50.1507
0.468307
603.805
451.015
485.062
0.069099
2
0
0.0581141
36
2
i = 1065
28139
4269
4284
4276.75
0.249213
3.42445
7.97709
0.503874
66.08
63.02
66.2979
0.466489
1
0
0.0489315
12
2
i = 1066
22872
4267
4288
4276.93
0.127553
3.16633
14.8196
0.517058
118.435
108.97
117.518
0.233899
1
0
0.0537269
18
2
i = 1067
20600
4265
4287
4276.93
0.0535171
4.49017
42.2793
0.437079
465.615
439.585
466.764
0.0848805
1
0
0.387829
19
0
i = 1068
21509
4270
4285
4276.95
0.133253
3.20248
14.3696
0.518716
112.61
105.81
113.192
0.252795
1
0
0.354373
12
1
i = 1069
20589
4270
4287
4277.57
0.113416
3.37858
17.2991
0.503576
144.085
135.495
144.707
0.206826
1
0
0.0610409
14
0
i = 1070
21508
4269
4286
4278.17
0.134278
3.36552
14.5638
0.503985
119.98
114.61
120.853
0.244094
1
0
0.185993
14
1
i = 1071
22871
4267
4287
4278.21
0.130309
3.03602
14.2063
0.52818
108.68
102.95
107.779
0.244314
1
0
0.0446849
17
2
i = 1072
20590
4269
4288
4279.09
0.106602
3.25757
17.9935
0.510205
147.86
136.72
146.143
0.193453
1
0
0.0818767
16
0
i = 1073
22870
4270
4289
4279.4
0.147419
3.17613
12.8444
0.516456
101.34
96.325
101.964
0.270357
1
0
0.0261456
16
2
i = 1074
21507
4267
4292
4279.65
0.140217
3.52368
14.221
0.490083
131.135
117.69
125.55
0.243617
1
0
0.390804
22
1
i = 1075
21491
4267
4291
4279.82
0.0539642
4.87743
43.6668
0.419106
521.655
500.09
524.644
0.081888
1
0
0.715723
21
1
i = 1076
22854
4266
4307
4279.85
0.0432198
3.74672
47.5867
0.47545
572.54
417.925
446.889
0.0729457
2
0
0.209498
35
2
i = 1077
22869
4272
4290
4280.51
0.136533
3.29381
14.1357
0.50792
115.91
108.19
115.999
0.24754
1
0
0.0905833
15
2
i = 1078
21506
4271
4292
4280.71
0.123146
3.33645
15.7589
0.503842
133.81
120.77
131.578
0.220247
1
0
0.190037
18
1
i = 1079
20591
4272
4289
4280.94
0.111894
3.31187
17.3179
0.507452
141.88
131.305
141.882
0.203955
1
0
0.18791
14
0
i = 1080
20601
4271
4289
4281.11
0.0574253
3.93484
37.1733
0.46969
354.935
340.925
354.467
0.0999364
1
0
0.706978
15
0
i = 1081
22868
4273
4293
4281.54
0.134222
3.18611
14.1345
0.515938
114.265
105.315
112.604
0.246386
1
0
0.191789
17
2
i = 1082
21505
4273
4289
4281.64
0.12701
3.21543
15.0594
0.515974
119.48
113.68
119.164
0.23695
1
0
0.0376858
13
1
i = 1083
20592
4273
4292
4282.86
0.10358
3.56014
19.3765
0.48876
170.385
163.83
171.322
0.180972
1
0
0.106259
16
0
i = 1084
22867
4274
4290
4283.04
0.156197
3.27456
12.4011
0.512715
99.255
95.49
99.1947
0.292421
1
0
0.0438896
13
2
i = 1085
21504
4274
4290
4283.31
0.140241
3.15306
13.5525
0.522298
106.015
100.985
104.407
0.267111
1
0
0.115041
13
1
i = 1086
28136
4276
4291
4283.66
0.254551
2.78082
6.96606
0.552773
48.05
44.665
48.1536
0.50221
1
0
0.00905974
12
2
i = 1087
22853
4272
4329
4283.94
0.0439385
3.73658
47.1227
0.47859
673.59
411.915
441.176
0.0761803
3
0
0.0383114
48
2
i = 1088
22866
4276
4292
4284.52
0.104847
3.20208
18.1935
0.516758
143.625
137.54
143.604
0.19551
1
0
0.130203
13
2
i = 1089
20593
4275
4297
4284.74
0.0795536
3.66045
25.5631
0.481413
235.585
220.015
233.815
0.136322
1
0
0.204425
19
0
i = 1090
28097
4273
4295
4284.75
0.0850469
3.51312
23.4148
0.491009
205.56
195.125
205.593
0.148233
1
0
0.14849
19
2
i = 1091
26566
4276
4292
4284.91
0.247728
3.30204
7.84795
0.510467
63.555
60.055
63.3577
0.461374
1
0
0.0098889
13
1
i = 1092
21490
4275
4294
4284.98
0.0631846
4.46364
36.0723
0.442762
387.42
372.595
388.59
0.105108
1
0
0.878849
16
1
i = 1093
26567
4274
4294
4285.11
0.124665
3.75749
16.5624
0.476446
153.81
146.83
153.889
0.213421
1
0
0.0674729
17
1
i = 1094
21503
4275
4295
4285.24
0.0891459
3.26462
21.5331
0.509338
177.015
164.305
175.737
0.16116
1
0
0.152101
17
1
i = 1095
26272
4277
4295
4285.39
0.132353
3.39977
14.8262
0.500461
124.445
117.295
125.348
0.237289
1
0
0.139118
15
0
i = 1096
26241
4275
4290
4285.7
0.477624
3.99742
5.91876
0.482547
51.605
49.295
49.0586
0.907786
1
0
0.127875
12
0
i = 1097
22865
4276
4295
4285.73
0.0609304
3.17988
31.0955
0.516169
245.605
232.295
247.005
0.111693
1
0
0.0609607
16
2
i = 1098
20594
4277
4295
4285.88
0.076986
3.27284
24.9817
0.509327
203.21
190.575
203.696
0.139758
1
0
0.127712
15
0
i = 1099
20602
4272
4307
4285.92
0.077142
5.08909
40.5476
0.422391
666.87
471.475
516.058
0.126493
2
0
0.218362
29
0
i = 1100
26271
4277
4295
4285.93
0.111049
3.57932
18.144
0.488329
159.92
154.145
160.794
0.195061
1
0
0.189703
15
0
i = 1101
21502
4276
4294
4286.11
0.0724618
3.11196
25.891
0.522523
200.575
191.37
200.171
0.135136
1
0
0.072553
15
1
i = 1102
22864
4279
4296
4286.51
0.107223
2.98379
17.1349
0.533712
126.555
116.14
127.549
0.204356
1
0
0.0337524
14
2
i = 1103
28130
4275
4298
4286.66
0.322337
4.82932
7.27783
0.421602
85.945
82.425
86.5066
0.4937
1
0
0.306421
20
2
i = 1104
21501
4275
4295
4286.93
0.104037
3.06623
17.8916
0.526041
137.48
129.435
136.608
0.194862
1
0
0.0169897
17
1
i = 1105
26270
4275
4295
4286.98
0.312366
3.89925
6.78273
0.47036
65.42
61.175
64.4874
0.538596
1
0
0.055814
17
0
i = 1106
26568
4277
4296
4287.01
0.177161
3.98522
12.0362
0.464285
118.03
110.92
117.78
0.299224
1
0
0.0974977
16
1
i = 1107
28098
4276
4297
4287.05
0.14665
4.03865
14.5874
0.459347
145.645
141.01
145.964
0.241636
1
0
0.0156865
18
2
i = 1108
22863
4276
4296
4287.26
0.138552
3.13623
13.5817
0.519813
108.385
100.535
106.319
0.255888
1
0
0.0866577
17
2
i = 1109
20595
4276
4296
4287.27
0.106505
3.45476
18.561
0.495955
160.85
146.88
159.335
0.18857
1
0
0.0745797
17
0
i = 1110
22852
4276
4328
4287.91
0.0473849
3.69731
46.3688
0.487473
687.795
387.215
429.572
0.0881173
3
0
0.0502872
43
2
i = 1111
21500
4280
4295
4288.51
0.139465
3.12196
13.5835
0.525756
103.095
100.465
103.227
0.268914
1
0
0.109161
12
1
i = 1112
26569
4278
4297
4288.58
0.376205
4.09179
5.77281
0.459877
58.285
56.195
57.4674
0.637552
1
0
0.309101
16
1
i = 1113
22862
4279
4299
4288.6
0.158043
3.38374
12.3676
0.500459
105.205
96.145
104.582
0.281046
1
0
0.0274881
17
2
i = 1114
20596
4274
4298
4289.13
0.110774
3.32342
17.492
0.505187
146.34
135.715
144.885
0.199134
1
0
0.129816
21
0
i = 1115
21499
4282
4299
4289.64
0.12728
3.16528
14.8808
0.518805
117.58
110.83
117.195
0.236787
1
0
0.0999484
14
1
i = 1116
21489
4282
4296
4289.78
0.0836761
3.48051
24.4291
0.505603
200.93
194.785
200.755
0.163514
1
0
0.997116
11
1
i = 1117
22861
4277
4301
4289.99
0.151745
3.35015
12.813
0.502632
108.395
98.245
107.507
0.270425
1
0
0.0118336
21
2
i = 1118
20597
4281
4301
4290.6
0.105305
3.41404
18.6453
0.49828
160.82
146.275
159.035
0.186508
1
0
0.208925
17
0
i = 1119
21498
4282
4304
4291.17
0.13493
3.26616
14.2319
0.509339
118.575
108.2
116.336
0.24413
1
0
0.221249
19
1
i = 1120
22860
4279
4299
4291.46
0.14398
3.18354
13.1973
0.517417
108.335
98.52
103.924
0.267339
1
0
0.285569
17
2
i = 1121
22851
4279
4328
4291.82
0.0765104
3.75702
44.7122
0.48491
677.785
361.64
420.996
0.130073
3
0
0.0682627
40
2
i = 1122
20598
4282
4306
4292.22
0.10217
3.39432
19.1567
0.49944
167.96
148.815
162.86
0.181028
1
0
0.320438
21
0
i = 1123
21497
4279
4304
4292.47
0.12696
3.28154
15.1566
0.507838
127.73
115.58
124.625
0.228568
1
0
0.14569
22
1
i = 1124
20603
4274
4307
4292.49
0.0766215
6.79473
36.4209
0.35597
597.945
588.33
606.607
0.0996319
1
0
15.2485
30
0
i = 1125
22859
4283
4303
4292.52
0.14081
3.21849
13.5357
0.512969
110.25
101.935
109.002
0.256364
1
0
0.0319345
17
2
i = 1126
21496
4286
4302
4293.49
0.129279
3.03991
14.3533
0.52929
106.955
104.595
108.474
0.245185
1
0
0.179913
13
1
i = 1127
22858
4282
4302
4293.6
0.140121
3.34049
13.8737
0.504389
116.92
107.24
115.133
0.252346
1
0
0.152569
17
2
i = 1128
20599
4287
4303
4294.07
0.106335
3.14148
17.7865
0.522054
138.645
131.925
138.479
0.200789
1
0
0.584925
13
0
i = 1129
21495
4286
4303
4294.91
0.128042
3.08567
14.5866
0.524639
111.96
105.455
111.935
0.239578
1
0
0.0470441
14
1
i = 1130
22857
4283
4304
4295.09
0.140867
3.06728
13.2089
0.525471
102.46
96.425
101.257
0.262736
1
0
0.0393494
18
2
i = 1131
20600
4289
4304
4295.79
0.105051
3.04146
17.725
0.530987
132.075
127.395
133.311
0.202304
1
0
0.179049
12
0
i = 1132
21494
4288
4302
4296.05
0.124084
2.97996
14.9677
0.539372
108.205
101.975
107.885
0.247427
1
0
0.0589901
11
1
i = 1133
22856
4285
4306
4296.2
0.140691
3.39358
13.9116
0.499614
119.37
108.645
117.955
0.24957
1
0
0.0466686
18
2
i = 1134
21493
4288
4305
4297.25
0.118704
3.13896
15.8819
0.52069
124.105
118.17
123.576
0.221208
1
0
0.0860144
14
1
i = 1135
22855
4263
4305
4297.43
0.134751
3.30094
14.3744
0.508688
603.805
110.355
117.058
0.246933
2
1
0.0581141
36
2
i = 1136
20601
4291
4303
4297.45
0.127287
2.72022
13.9333
0.565408
91.47
89.025
91.5889
0.26745
1
0
0.221624
9
0
i = 1137
20604
4283
4321
4298.24
0.0686271
6.59029
45.4885
0.373742
824.79
698.895
744.852
0.103746
2
0
2.81705
32
0
i = 1138
22854
4266
4307
4298.55
0.116448
3.14799
16.1991
0.5192
572.54
121.14
127.11
0.215348
2
1
0.209498
35
2
i = 1139
21492
4290
4308
4298.81
0.122498
3.23193
15.6
0.512433
125.915
117.58
125.698
0.223573
1
0
0.0476071
15
1
i = 1140
20602
4272
4307
4299.24
0.133665
3.28605
18.7677
0.519931
666.87
185.885
152.53
0.245311
2
1
0.218362
29
0
i = 1141
22853
4272
4329
4299.75
0.136827
3.27728
14.1903
0.510326
673.59
111.365
116.572
0.252137
3
1
0.0383114
48
2
i = 1142
21488
4277
4322
4299.91
0.0631554
8.12021
47.9667
0.323337
969.06
923.51
970.61
0.0727725
1
0
5.26476
42
1
i = 1143
22850
4286
4321
4300.44
0.0515763
6.78298
54.0512
0.356044
905.45
859.22
904.978
0.0669325
1
0
11.0384
32
2
i = 1144
21491
4293
4308
4300.46
0.136592
2.96297
13.4174
0.536536
98.26
90.265
98.4609
0.263295
1
0
0.079105
12
1
i = 1145
22852
4276
4328
4300.86
0.116294
3.15678
17.6025
0.52358
687.795
167.285
139.286
0.228715
3
1
0.0502872
43
2
i = 1146
22851
4279
4328
4302.2
0.168813
3.14291
17.7198
0.536947
677.785
185.73
139.599
0.371592
3
1
0.0682627
40
2
i = 1147
21490
4296
4307
4302.22
0.132866
2.60467
13.2198
0.581628
82.025
81.735
81.6712
0.293733
1
0
0.254844
8
1
i = 1148
20605
4284
4322
4302.39
0.0401746
5.54455
62.2612
0.390707
879.51
821.855
864.792
0.0556538
1
0
4.1906
35
0
i = 1149
22849
4288
4320
4302.7
0.0433399
5.17474
55.7701
0.404642
725.58
679.315
721.807
0.0622909
1
0
4.60707
29
2
i = 1150
21487
4284
4319
4302.72
0.0485604
5.6987
52.2329
0.385584
748.23
704.255
743.774
0.0665024
1
0
0.666892
32
1
i = 1151
21489
4298
4307
4303.09
0.113886
2.29942
14.7171
0.62468
79.85
78.19
78.5039
0.278713
1
0
0.13823
6
1
i = 1152
21667
4294
4309
4303.8
0.236422
3.45887
9.01956
0.510244
74.04
70.645
71.3507
0.473115
1
0
0.216403
12
1
i = 1153
20606
4286
4317
4303.98
0.0405114
4.28054
54.2544
0.444733
588.895
541.23
581.145
0.0639116
1
0
0.729028
28
0
i = 1154
21666
4297
4310
4304.09
0.30293
3.43335
6.77226
0.513003
54.995
52.99
54.1881
0.616631
1
0
0.194343
10
1
i = 1155
23033
4293
4310
4304.14
0.131135
3.256
15.0106
0.518849
120.61
113.67
116.473
0.256339
1
0
0.284433
14
2
i = 1156
21486
4288
4315
4304.4
0.0677694
4.06379
31.6245
0.457017
322.59
306.955
320.084
0.110344
1
0
0.392331
24
1
i = 1157
22848
4292
4316
4304.7
0.0410148
3.66569
49.59
0.480574
456.585
428.09
454.877
0.0699148
1
0
0.0542373
21
2
i = 1158
20607
4294
4313
4305.04
0.105994
3.71559
19.4547
0.48092
177.54
171.16
177.042
0.185596
1
0
0.0662604
16
0
i = 1159
21278
4298
4314
4305.16
0.229335
3.16579
8.27748
0.520012
63.71
61.875
64.9219
0.431242
1
0
0.347408
13
0
i = 1160
22847
4298
4312
4305.59
0.287452
3.38803
6.95449
0.510282
56.265
54.8
56.2094
0.558858
1
0
0.0611286
11
2
i = 1161
22851
4279
4328
4314.37
0.186421
3.64307
12.6968
0.493066
677.785
117.56
115.927
0.353762
3
2
0.0682627
40
2
i = 1162
20604
4283
4321
4314.5
0.187986
3.09099
11.3144
0.537581
824.79
120.765
85.4252
0.37517
2
1
2.81705
32
0
i = 1163
21489
4311
4322
4316.18
0.220883
2.50605
7.70186
0.589031
47.09
46.03
47.0479
0.483358
1
0
0.0401482
8
1
i = 1164
20603
4309
4324
4316.85
0.192611
3.43977
10.3541
0.503066
86.09
81.29
86.2784
0.360752
1
0
0.17823
12
0
i = 1165
22852
4276
4328
4317.17
0.140853
3.39534
13.9226
0.500171
687.795
109.13
118.358
0.251463
3
2
0.0502872
43
2
i = 1166
21490
4311
4327
4318.92
0.161949
3.41731
12.1945
0.50166
101.57
95.36
102.4
0.296103
1
0
0.152173
13
1
i = 1167
20602
4310
4328
4319.82
0.165107
3.9655
12.9543
0.467534
124.53
118.245
124.818
0.285281
1
0
0.11898
15
0
i = 1168
22853
4272
4329
4319.94
0.150278
3.50107
13.2385
0.492452
673.59
110.31
115.356
0.263799
3
2
0.0383114
48
2
i = 1169
21491
4311
4334
4321.69
0.171886
4.34643
12.9096
0.442669
140.615
130.34
139.5
0.272693
1
0
0.193764
20
1
i = 1170
20601
4313
4333
4322.43
0.170762
4.02196
12.5208
0.461161
124.655
120.44
124.627
0.284322
1
0
0.0401453
17
0
i = 1171
22854
4309
4333
4322.61
0.15924
3.52329
12.523
0.490257
111.865
105.055
110.326
0.277042
1
0
0.0495052
21
2
i = 1172
21492
4311
4334
4324.94
0.166465
4.29049
13.3242
0.447757
143.52
133.81
139.98
0.271862
1
0
0.332061
20
1
i = 1173
22855
4315
4335
4325.11
0.157593
3.46275
12.5477
0.494793
109.01
99.705
108.442
0.277217
1
0
0.125399
17
2
i = 1174
20600
4312
4335
4325.62
0.178424
4.45902
12.6776
0.439369
139.77
130.775
138.326
0.28628
1
0
0.14119
20
0
i = 1175
22856
4318
4337
4327.9
0.151671
3.51319
13.1426
0.491864
115.205
109.195
114.754
0.266399
1
0
0.0250747
16
2
i = 1176
21493
4318
4338
4328.79
0.149698
3.95018
14.1528
0.465179
138.15
128.31
137.947
0.251144
1
0
0.0786366
17
1
i = 1177
20599
4317
4339
4329.04
0.163705
4.11464
13.1914
0.455045
135.425
128.63
134.462
0.267144
1
0
0.143445
19
0
i = 1178
22993
4318
4341
4330.49
0.128802
4.16214
16.8481
0.451957
173.87
166.11
174.223
0.207983
1
0
0.153842
20
2
i = 1179
22857
4321
4339
4330.71
0.140073
3.50909
14.2485
0.493265
123.405
119.31
123.485
0.24868
1
0
0.0254455
15
2
i = 1180
20520
4323
4341
4331.49
0.19698
3.96494
10.8353
0.467079
105.015
98.95
105.227
0.338764
1
0
0.0474004
15
0
i = 1181
21494
4321
4339
4331.63
0.112103
3.77208
18.6853
0.479848
171.735
165.525
170.407
0.199522
1
0
0.0728659
15
1
i = 1182
20598
4319
4341
4332.35
0.113984
3.64858
17.8466
0.48332
162.72
153.765
161.168
0.197698
1
0
0.0722816
19
0
i = 1183
22858
4324
4342
4332.77
0.0855173
3.33982
22.7255
0.504442
188.37
175.105
188.915
0.154016
1
0
0.0673527
15
2
i = 1184
21641
4320
4341
4333.4
0.172012
4.52603
13.6999
0.442367
150.76
145.305
146.272
0.291511
1
0
0.957437
18
1
i = 1185
21642
4320
4343
4333.8
0.0883736
4.11919
24.5123
0.455827
254.8
241.465
248.705
0.145632
1
0
2.48875
20
1
i = 1186
20521
4325
4343
4333.9
0.128784
3.78566
16.1275
0.476191
151.245
142.51
150.326
0.222797
1
0
0.253203
15
0
i = 1187
21643
4324
4342
4334.11
0.217808
4.17296
10.1704
0.458457
102.13
100.83
101.77
0.376638
1
0
0.727502
15
1
i = 1188
21495
4322
4345
4334.13
0.1125
3.89791
18.649
0.466338
181.9
168.805
181.41
0.186493
1
0
0.0596635
20
1
i = 1189
20597
4320
4346
4334.44
0.114983
4.36099
19.3058
0.441088
210.9
195.595
209.814
0.180576
1
0
0.221263
23
0
i = 1190
22992
4322
4346
4334.69
0.0625135
3.49866
31.7845
0.491861
282.79
253.1
278.453
0.109027
1
0
0.433834
21
2
i = 1191
20522
4323
4343
4335.15
0.110382
3.39631
17.7942
0.501342
156.855
137.32
149.213
0.19914
1
0
1.59854
17
0
i = 1192
22859
4321
4344
4335.79
0.137525
3.49328
14.4769
0.494067
127.54
115.08
125.071
0.244041
1
0
0.0792811
20
2
i = 1193
20523
4328
4342
4335.81
0.167429
2.54847
10.1477
0.577978
64.03
61.45
63.9902
0.346563
1
0
0.10028
11
0
i = 1194
22991
4327
4344
4335.83
0.136055
3.02211
13.5814
0.529877
102.635
97.115
102.231
0.256697
1
0
0.0112049
14
2
i = 1195
21496
4324
4350
4337.72
0.147463
4.19456
14.7559
0.449364
154.545
147.045
154.715
0.235231
1
0
0.122422
23
1
i = 1196
20596
4326
4346
4337.82
0.149872
3.83085
13.9737
0.473651
131.215
124.81
131.117
0.258507
1
0
0.084354
17
0
i = 1197
22860
4328
4349
4338.26
0.126779
3.33214
15.2961
0.504082
126.66
118.98
127.554
0.226723
1
0
0.0258682
18
2
i = 1198
20595
4329
4352
4340.53
0.160586
4.05454
13.3263
0.457371
135.835
128.745
134.787
0.261334
1
0
0.121617
20
0
i = 1199
22861
4328
4349
4340.88
0.173283
3.57389
11.6354
0.489032
104.02
98.22
102.532
0.305615
1
0
0.0159476
18
2
i = 1200
21497
4328
4353
4341.52
0.149204
4.09952
14.4197
0.454671
149.805
139.785
147.593
0.241052
1
0
0.0721488
22
1
i = 1201
22862
4334
4354
4343.84
0.165814
3.29764
11.6354
0.506807
96.24
88.575
95.9412
0.298323
1
0
0.00744097
17
2
i = 1202
20594
4335
4355
4344.48
0.200336
4.38492
11.1983
0.443961
120.235
113.8
120.341
0.327004
1
0
0.334351
17
0
i = 1203
21498
4331
4353
4345.04
0.17805
4.00932
12.1054
0.464678
120.92
115.405
117.864
0.305187
1
0
0.152815
19
1
i = 1204
22863
4335
4359
4346.52
0.156463
3.52214
12.7417
0.490214
115.475
105.97
112.422
0.271958
1
0
0.145377
21
2
i = 1205
20593
4337
4359
4347.55
0.151149
4.28492
14.581
0.446084
154.225
147.42
155.03
0.242104
1
0
0.122443
19
0
i = 1206
21499
4339
4362
4348.89
0.144553
3.74642
14.2338
0.475901
133.695
124.68
133.256
0.244947
1
0
0.0740986
20
1
i = 1207
22864
4335
4358
4349.1
0.127477
3.32982
15.2147
0.504699
129.645
117.545
126.268
0.228934
1
0
0.107398
20
2
i = 1208
20592
4338
4360
4350.21
0.137526
4.12119
15.7222
0.454898
160.53
153.85
160.312
0.224725
1
0
0.315284
19
0
i = 1209
21500
4336
4361
4351.03
0.146917
4.38224
15.1966
0.441631
168.16
155.25
164.363
0.233999
1
0
0.287595
22
1
i = 1210
22865
4343
4362
4351.68
0.108503
3.11971
17.2979
0.521219
135.38
126.565
134.951
0.200972
1
0
0.180479
16
2
i = 1211
20591
4343
4361
4353.03
0.143539
3.9679
14.9344
0.467843
144.78
136.765
143.58
0.249021
1
0
0.245197
15
0
i = 1212
21501
4340
4364
4353.96
0.157309
4.72711
14.7963
0.42659
174.8
165.39
171.339
0.244775
1
0
0.748784
21
1
i = 1213
22866
4346
4363
4354.6
0.144077
3.37664
13.5824
0.502743
113.06
106.43
113.486
0.260494
1
0
0.0377053
14
2
i = 1214
20590
4343
4366
4356.61
0.156457
4.07075
13.7461
0.457999
138.31
132.66
138.222
0.257996
1
0
0.206116
20
0
i = 1215
22867
4345
4367
4356.95
0.143516
3.38639
13.6222
0.500058
117.07
104.98
115.35
0.25466
1
0
0.0542463
19
2
i = 1216
21502
4347
4369
4358.65
0.13601
4.34281
16.3248
0.443455
174.64
166.81
175.218
0.217177
1
0
0.15257
19
1
i = 1217
20589
4349
4370
4360.26
0.11284
4.22076
19.418
0.450305
201.98
194.115
202.012
0.183655
1
0
0.217897
18
0
i = 1218
22868
4352
4371
4360.27
0.110752
3.54049
18.1025
0.490967
157.945
153.385
159.316
0.195577
1
0
0.0522238
16
2
i = 1219
21503
4349
4376
4362.23
0.0908109
4.21371
24.0132
0.448236
255.74
238.185
253.292
0.144382
1
0
0.210463
24
1
i = 1220
22869
4352
4371
4362.83
0.0773565
3.42972
25.4934
0.498488
217.145
199.865
216.347
0.138363
1
0
0.0161883
16
2
i = 1221
20588
4349
4376
4363.01
0.0953407
4.36691
23.2863
0.440386
256.935
237.165
254.258
0.149024
1
0
0.210725
24
0
i = 1222
22870
4356
4380
4365.6
0.0705331
3.5151
28.2483
0.491096
250.85
236.465
248.398
0.123151
1
0
0.188804
21
2
i = 1223
21504
4353
4382
4365.88
0.0844453
4.87795
27.8032
0.41709
344.625
315.525
338.706
0.125434
1
0
0.432538
26
1
i = 1224
20587
4354
4378
4366.15
0.080602
4.09486
26.6769
0.454938
271.975
260.455
272.805
0.130301
1
0
0.174415
21
0
i = 1225
22871
4359
4379
4368.62
0.0619449
3.59156
32.5232
0.486158
290.5
276.645
291.262
0.107304
1
0
0.251318
17
2
i = 1226
20586
4357
4383
4368.93
0.0734582
4.15864
29.4958
0.45134
307.44
287.55
306.884
0.117731
1
0
0.389934
23
0
i = 1227
21505
4350
4381
4369.47
0.0770479
4.93728
30.7293
0.415695
381.655
352.03
375.495
0.115146
1
0
0.561293
28
1
i = 1228
22872
4361
4385
4371.81
0.0810445
4.06806
26.454
0.456686
269.185
253.99
268.8
0.131771
1
0
0.390397
21
2
i = 1229
20585
4360
4389
4372.38
0.0753072
4.35413
29.4408
0.441105
323.04
299.73
320.802
0.11797
1
0
0.158988
26
0
i = 1230
21506
4362
4382
4372.92
0.0686928
4.25943
32.1797
0.450019
335.07
322.01
334.861
0.113281
1
0
0.226312
17
1
i = 1231
22873
4364
4385
4374.19
0.0728601
3.71773
28.1276
0.4777
259.935
246.905
260.897
0.123894
1
0
0.0865779
18
2
i = 1232
21507
4361
4387
4374.2
0.0572818
4.04135
37.282
0.457686
381.42
358.22
377.115
0.0929886
1
0
0.512187
23
1
i = 1233
22874
4361
4385
4374.43
0.0492909
3.82612
42.1701
0.47067
403.865
376.565
402.709
0.0824563
1
0
0.0249244
21
2
i = 1234
20584
4363
4391
4374.6
0.0534406
3.96453
39.584
0.462189
395.8
362.255
392.923
0.0876639
1
0
0.375875
25
0
i = 1235
20583
4363
4391
4375.69
0.0569149
4.33659
38.8728
0.441924
420.8
393.45
421.939
0.089274
1
0
0.464301
25
0
i = 1236
21508
4365
4387
4376.01
0.0723601
4.17454
30.0375
0.451451
309.87
298.59
311.564
0.116854
1
0
0.261087
19
1
i = 1237
22875
4361
4390
4376.33
0.0702415
4.24586
31.1623
0.446492
330.165
313.27
331.313
0.111209
1
0
0.659234
26
2
i = 1238
20582
4365
4391
4378.29
0.134473
5.29932
18.2511
0.401849
237.605
229.545
238.777
0.195254
1
0
0.38491
23
0
i = 1239
21509
4368
4392
4379.14
0.137481
4.36098
16.1551
0.441472
174.45
164.79
175.54
0.216742
1
0
0.138753
21
1
i = 1240
22876
4370
4389
4380.02
0.172489
3.75754
11.9728
0.476729
112.335
105.175
111.156
0.296062
1
0
0.178264
16
2
i = 1241
22877
4372
4392
4383.09
0.164489
3.50836
12.1104
0.492131
105.165
101.88
105.592
0.288938
1
0
0.0830491
17
2
i = 1242
21510
4366
4395
4383.71
0.16706
4.33852
13.2557
0.442329
150.11
133.825
143.239
0.26331
1
0
0.417619
26
1
i = 1243
20581
4372
4392
4383.8
0.16063
3.90679
13.1818
0.469437
127.605
118.345
125.882
0.275447
1
0
0.144661
17
0
i = 1244
22878
4376
4397
4385.92
0.147537
3.51321
13.4993
0.491141
118.635
112.125
118.556
0.257463
1
0
0.0541189
18
2
i = 1245
20580
4378
4398
4387.07
0.147608
3.8905
14.2421
0.468599
138.175
128.9
137.445
0.249213
1
0
0.46156
17
0
i = 1246
21511
4378
4398
4387.19
0.165894
4.2892
13.3695
0.448495
141.185
134.895
140.9
0.272726
1
0
0.102544
17
1
i = 1247
22879
4379
4397
4388.53
0.150217
3.46777
13.1976
0.495778
113.025
104.9
113.295
0.267257
1
0
0.0325299
15
2
i = 1248
21512
4381
4400
4389.88
0.16631
4.15508
13.1352
0.456114
132.855
128.765
133.802
0.278984
1
0
0.146661
16
1
i = 1249
20579
4379
4399
4390.11
0.175376
4.31405
12.715
0.447883
133.845
129
133.497
0.289476
1
0
0.234059
17
0
i = 1250
22880
4383
4399
4391.18
0.161014
3.46832
12.3697
0.498505
104.28
99.465
105.053
0.293673
1
0
0.175504
13
2
i = 1251
21513
4384
4405
4393.22
0.174772
4.36289
12.8022
0.444467
137.935
129.97
137.548
0.284271
1
0
0.205603
18
1
i = 1252
20578
4384
4403
4393.5
0.169513
3.93874
12.4887
0.466455
121.07
113.99
121.277
0.286423
1
0
0.204025
16
0
i = 1253
22881
4384
4402
4393.69
0.139719
3.39039
14.0265
0.501193
117.3
110.475
117.813
0.250934
1
0
0.145126
15
2
i = 1254
22882
4388
4409
4396.15
0.158183
3.45975
12.5251
0.496431
109.02
99.63
107.944
0.281993
1
0
0.0721063
18
2
i = 1255
20577
4382
4406
4396.17
0.150278
4.18338
14.4991
0.451516
152.165
143.335
150.079
0.243774
1
0
0.31525
21
0
i = 1256
21514
4387
4406
4396.52
0.173709
4.29271
12.7968
0.44956
133.035
130.325
133.884
0.289032
1
0
0.268505
16
1
i = 1257
20576
4388
4410
4398.77
0.162856
4.12626
13.2667
0.453962
135.835
130.355
136.166
0.264213
1
0
0.278812
19
0
i = 1258
22883
4388
4409
4398.85
0.160798
3.6764
12.673
0.480306
116.255
109.97
116.178
0.274781
1
0
0.0616314
18
2
i = 1259
21515
4390
4409
4400.06
0.163507
3.47539
12.1253
0.494499
103.52
97.635
104.728
0.288664
1
0
0.264259
16
1
i = 1260
22884
4390
4409
4401.5
0.167254
3.50167
11.9679
0.495272
103.465
100.325
102.657
0.301361
1
0
0.0834507
16
2
i = 1261
20575
4389
4411
4401.76
0.171924
4.10258
12.5707
0.456665
129.72
122.77
127.076
0.283643
1
0
0.449798
19
0
i = 1262
21516
4393
4415
4403.08
0.152017
4.15708
14.2791
0.452755
148.845
140.55
147.555
0.24689
1
0
0.209503
19
1
i = 1263
22885
4394
4435
4403.98
0.163024
3.54781
12.2778
0.488768
238.92
104.335
109.02
0.283181
2
0
0.176562
35
2
i = 1264
20574
4396
4413
4405.24
0.161352
3.65689
12.6989
0.485911
113.175
109.73
113.258
0.287775
1
0
0.14541
14
0
i = 1265
21517
4396
4415
4406.34
0.171214
4.046
12.5797
0.461658
123.965
121.21
124.37
0.289475
1
0
0.208598
16
1
i = 1266
22886
4397
4433
4406.9
0.146496
3.14434
12.8585
0.518867
238.07
94.295
101.301
0.269586
2
0
0.0320022
30
2
i = 1267
20573
4401
4414
4408.15
0.189065
3.3217
10.6021
0.519176
83.42
82.23
82.6914
0.383476
1
0
0.0328136
10
0
i = 1268
22887
4401
4436
4409.39
0.152194
3.53886
13.1935
0.491789
329.375
111.79
116.35
0.270751
2
0
0.0295381
29
2
i = 1269
21518
4396
4420
4409.45
0.1586
4.31008
13.9311
0.444389
150.235
141.11
148.954
0.252324
1
0
0.108416
21
1
i = 1270
20572
4404
4416
4410.95
0.229412
2.87698
8.11124
0.555036
55.485
53.47
54.9516
0.488674
1
0
0.135437
9
0
i = 1271
22888
4403
4442
4412
0.158004
3.45205
12.5492
0.496961
308.75
99.74
108.276
0.282357
2
0
0.0992817
33
2
i = 1272
21519
4405
4427
4413.18
0.161162
4.04509
13.4097
0.462153
135.61
128.12
133.762
0.273773
1
0
0.302718
19
1
i = 1273
20571
4409
4419
4414.36
0.248233
2.8335
7.63072
0.57127
49.785
49.785
49.3322
0.585073
1
0
0.0974137
7
0
i = 1274
22889
4402
4422
4414.58
0.126887
3.26283
15.1815
0.511787
125.01
115.135
122.09
0.234158
1
0
0.100209
17
2
i = 1275
21520
4406
4424
4415.79
0.151215
4.02179
14.26
0.464719
139.28
137.385
139.097
0.260618
1
0
0.140808
15
1
i = 1276
22890
4406
4425
4417.22
0.139579
3.25513
13.7625
0.511576
110.79
105.29
110.889
0.25603
1
0
0.00962771
16
2
i = 1277
20570
4405
4434
4417.86
0.586792
4.17413
14.8022
0.756703
315.675
125.195
154.758
1.07576
2
0
0.0793736
23
0
i = 1278
21521
4408
4428
4419.3
0.126034
3.63471
16.1065
0.484184
146.19
138.12
144.928
0.21889
1
0
0.227123
17
1
i = 1279
22891
4410
4446
4420.02
0.110383
3.36703
17.6615
0.501543
244.08
138.055
148.934
0.196516
2
0
0.0239037
30
2
i = 1280
22884
4412
4433
4421.27
0.143012
3.3721
13.6452
0.501374
115.93
106.5
115.08
0.254879
1
0
0.0709468
18
2
i = 1281
21522
4410
4429
4421.69
0.136798
3.87801
15.5948
0.474106
147.175
140.805
145.534
0.242077
1
0
0.119004
16
1
i = 1282
21513
4412
4431
4421.96
0.242514
4.11579
8.9525
0.45779
90.645
87.17
90.1291
0.406752
1
0
0.0589706
16
1
i = 1283
22892
4411
4453
4422.25
0.128021
3.42077
15.3663
0.498082
272.445
120.655
131.723
0.227204
2
0
0.0774378
36
2
i = 1284
20573
4416
4428
4422.85
0.20501
2.89926
9.09567
0.552867
62.765
60.005
62.2001
0.434967
1
0
0.035102
9
0
i = 1285
22885
4394
4435
4423.78
0.131697
3.43277
14.946
0.496616
238.92
116.82
128.495
0.232004
2
1
0.176562
35
2
i = 1286
21514
4413
4436
4424.34
0.108289
3.93739
19.471
0.463962
192.25
177.555
191.492
0.178553
1
0
0.17219
20
1
i = 1287
20572
4418
4429
4424.74
0.184809
2.57958
9.66028
0.587635
58.99
58.61
57.8657
0.419852
1
0
0.0138249
8
0
i = 1288
20569
4411
4442
4424.81
0.120039
6.12941
22.0127
0.373813
330.51
318.96
333.841
0.162412
1
0
0.7818
28
0
i = 1289
22893
4415
4453
4424.83
0.127944
3.21187
15.1276
0.515081
363.835
115.99
121.716
0.238175
2
0
0.530341
32
2
i = 1290
21523
4411
4437
4425.11
0.153504
4.04302
13.9163
0.457677
142.305
133.5
140.678
0.249343
1
0
0.228876
23
1
i = 1291
20568
4411
4440
4425.65
0.356112
5.23147
17.8491
0.434118
299.375
196.61
232.688
0.471573
2
0
0.228159
23
0
i = 1292
22886
4397
4433
4425.71
0.104592
3.09229
17.9073
0.525074
238.07
131.065
136.906
0.197182
2
1
0.0320022
30
2
i = 1293
21759
4419
4432
4425.84
0.291534
2.75465
6.08261
0.558673
41.505
38.465
41.0312
0.593331
1
0
0.0501947
10
1
i = 1294
23028
4417
4436
4426.04
0.172883
3.21575
11.022
0.513387
90.34
82.76
88.5771
0.315428
1
0
0.0943325
16
2
i = 1295
22887
4401
4436
4426.41
0.0790741
3.42872
24.945
0.498111
329.375
197.045
213.555
0.141005
2
1
0.0295381
29
2
i = 1296
20571
4421
4431
4426.44
0.159854
2.49678
10.7907
0.596655
63.945
60.22
63.546
0.368033
1
0
0.170284
7
0
i = 1297
21515
4416
4447
4426.67
0.0714287
3.97813
29.6785
0.461729
309.12
268.07
295.226
0.117342
1
0
2.05846
28
1
i = 1298
20570
4405
4434
4426.81
0.371072
3.48528
18.8525
1.18363
315.675
180.54
160.258
1.04658
2
1
0.0793736
23
0
i = 1299
20567
4418
4443
4427.39
0.392582
3.98457
14.2654
0.507893
230.825
127.45
141.557
0.604502
2
0
0.0454742
19
0
i = 1300
22894
4418
4455
4427.6
0.1436
3.45902
13.78
0.495517
369.605
108.6
119.277
0.253901
2
0
0.185414
31
2
i = 1301
21524
4415
4441
4428.47
0.154503
4.50653
14.602
0.433777
164.845
158.61
164.174
0.238367
1
0
0.339877
23
1
i = 1302
20566
4417
4447
4429.76
0.734901
3.84965
14.5304
1.20528
264.13
119.545
140.174
1.89256
2
0
0.110091
24
0
i = 1303
22888
4403
4442
4429.94
0.109375
4.0455
19.5991
0.458829
308.75
187.795
198.332
0.180002
2
1
0.0992817
33
2
i = 1304
21516
4417
4445
4429.99
0.119556
5.8122
21.5432
0.384415
304.585
293.415
308.751
0.167147
1
0
2.60846
25
1
i = 1305
22895
4418
4440
4430.01
0.134536
3.30397
14.3531
0.506218
119.43
110.605
118.627
0.241604
1
0
0.0891673
19
2
i = 1306
21525
4418
4440
4431.6
0.140683
4.14216
15.5417
0.456658
158.59
151.84
156.795
0.236054
1
0
0.25575
19
1
i = 1307
22896
4424
4441
4432.83
0.134777
3.4399
14.6683
0.49862
124.02
115.695
124.474
0.242569
1
0
0.0559484
14
2
i = 1308
21526
4423
4448
4434.44
0.136376
3.97196
15.5268
0.461809
153.895
143.68
154.314
0.223612
1
0
0.157234
22
1
i = 1309
22889
4425
4443
4434.52
0.133068
3.48139
14.929
0.494867
128.6
119.54
128.628
0.236409
1
0
0.104457
15
2
i = 1310
22897
4426
4443
4434.88
0.129398
3.39025
15.1609
0.501973
126.87
118.205
126.929
0.233993
1
0
0.0185642
14
2
i = 1311
20568
4411
4440
4435.43
0.330578
2.8974
9.6685
1.02828
299.375
97.045
64.687
1.279
2
1
0.228159
23
0
i = 1312
21517
4423
4451
4435.55
0.14423
4.59542
15.7957
0.429535
186.105
172.965
181.445
0.220302
1
0
2.19553
25
1
i = 1313
20567
4418
4443
4436.14
0.338221
2.90843
12.4448
0.881854
230.825
96.79
89.4607
0.816215
2
1
0.0454742
19
0
i = 1314
22890
4428
4443
4436.46
0.131936
3.08819
14.2617
0.528102
107.655
104.965
107.465
0.25465
1
0
0.0960815
12
2
i = 1315
20565
4421
4455
4436.75
0.109642
5.70331
23.1472
0.385547
332.93
310.61
329.895
0.150295
1
0
0.62828
31
0
i = 1316
21527
4422
4447
4437.45
0.151095
4.0767
14.2368
0.457413
145.955
137.74
143.583
0.248354
1
0
0.0893571
22
1
i = 1317
22898
4428
4445
4437.56
0.162083
3.54585
12.4493
0.493171
107.59
105.44
107.67
0.292826
1
0
0.0419281
14
2
i = 1318
20566
4417
4447
4437.8
0.643459
3.44654
14.2954
1.63973
264.13
133.16
122.804
2.14159
2
1
0.110091
24
0
i = 1319
21518
4428
4448
4437.97
0.123506
3.64641
16.4373
0.482559
152.07
140.545
149.284
0.212466
1
0
0.360817
17
1
i = 1320
22891
4410
4446
4438.03
0.138278
2.92271
13.1399
0.538625
244.08
88.34
95.7727
0.264899
2
1
0.0239037
30
2
i = 1321
22892
4411
4453
4438.7
0.107026
3.10675
17.5196
0.52253
272.445
128.21
136.433
0.199152
2
1
0.0774378
36
2
i = 1322
22899
4431
4447
4440.15
0.172744
3.47955
11.6397
0.499808
97.935
93.49
97.8357
0.320649
1
0
0.0476129
13
2
i = 1323
20564
4426
4459
4440.44
0.101385
6.46515
26.7759
0.364038
421.61
407.99
428.31
0.133669
1
0
2.19826
30
0
i = 1324
21519
4429
4453
4441
0.127838
4.64886
17.9503
0.428087
206.5
195.56
207.057
0.196212
1
0
1.21416
21
1
i = 1325
21528
4429
4450
4441.12
0.1736
3.88115
12.1004
0.469221
116.005
109.095
115.868
0.293641
1
0
0.0790676
18
1
i = 1326
22893
4415
4453
4441.94
0.108772
4.60708
21.241
0.4337
363.835
232.51
242.649
0.174563
2
1
0.530341
32
2
i = 1327
20563
4428
4457
4442.23
0.112668
5.6733
22.5071
0.387681
312.91
303.505
316.691
0.156844
1
0
0.587366
26
0
i = 1328
20562
4431
4452
4442.68
0.138038
4.31383
16.095
0.446511
173.005
162.69
170.111
0.22471
1
0
0.433116
18
0
i = 1329
22900
4431
4453
4442.75
0.158833
3.55566
12.6135
0.488101
112.265
107.11
112.057
0.275271
1
0
0.124081
19
2
i = 1330
21529
4432
4454
4444.09
0.134012
3.97716
15.8323
0.462449
156.89
145.415
156.324
0.221588
1
0
0.122829
19
1
i = 1331
21520
4431
4454
4444.34
0.119492
4.94912
20.0887
0.419163
239.79
233.32
240.639
0.186149
1
0
1.37326
20
1
i = 1332
20561
4435
4453
4444.85
0.13246
3.51954
15.0984
0.49279
131.055
126.335
131.047
0.235373
1
0
0.031782
15
0
i = 1333
22901
4435
4456
4445.32
0.123101
3.43619
15.9982
0.496464
137.915
126.53
137.484
0.216924
1
0
0.0507582
18
2
i = 1334
22905
4435
4469
4445.85
0.33391
3.68447
21.8832
0.853392
396.88
170.785
201.902
0.685023
2
0
0.0558769
28
2
i = 1335
22894
4418
4455
4445.95
0.0775715
3.76969
26.6761
0.475926
369.605
235.295
249.171
0.132935
2
1
0.185414
31
2
i = 1336
21521
4435
4455
4446
0.197959
4.18439
11.0582
0.453632
114.42
109.705
113.232
0.328056
1
0
0.269256
17
1
i = 1337
20557
4438
4466
4446
0.227048
3.32192
16.3252
0.584372
342.125
116.07
135.24
0.406348
2
0
0.25526
22
0
i = 1338
21533
4432
4472
4446.15
0.436584
4.20214
15.1441
0.61399
356.595
151.67
159.478
0.7059
2
0
0.151326
34
1
i = 1339
20556
4438
4474
4446.24
0.320144
3.11292
6.59391
0.52431
224.23
50.785
51.3277
0.619097
2
0
0.158616
30
0
i = 1340
21534
4436
4469
4447.08
0.606162
4.51184
7.1537
0.448757
250.38
81.49
80.4968
0.900408
2
0
0.268011
27
1
i = 1341
21530
4432
4459
4447.1
0.148331
4.21339
14.7038
0.448435
158.765
145.275
154.759
0.236265
1
0
0.219092
24
1
i = 1342
22906
4436
4468
4447.2
0.355707
3.66232
8.65382
0.488725
236.565
75.74
79.3888
0.621746
2
0
0.00297993
26
2
i = 1343
20560
4437
4458
4447.65
0.147816
3.91742
14.2402
0.465824
138.08
129.465
138.712
0.24593
1
0
0.0647434
18
0
i = 1344
22902
4438
4458
4447.95
0.145226
3.48694
13.6643
0.493112
120.595
107.17
118.917
0.254661
1
0
0.141603
17
2
i = 1345
21531
4435
4464
4450.33
0.149464
4.39223
14.8956
0.439021
168.825
151.11
163.753
0.232733
1
0
0.358512
26
1
i = 1346
22903
4442
4459
4450.57
0.139917
3.31454
13.8497
0.507063
113.38
106.73
113.783
0.254506
1
0
0.0424305
14
2
i = 1347
20559
4437
4461
4450.68
0.145661
4.1674
14.9113
0.451764
154.08
147.48
154.302
0.235281
1
0
0.0630359
21
0
i = 1348
21532
4433
4463
4451.22
0.148568
6.41744
18.5555
0.369349
285.945
279.29
286.235
0.206318
1
0
1.70515
27
1
i = 1349
20558
4436
4463
4451.52
0.14641
5.7962
17.7165
0.38703
248.305
243.205
249.232
0.210042
1
0
1.17502
24
0
i = 1350
22904
4438
4465
4452.59
0.151869
3.85912
13.7409
0.468329
136.465
122.955
132.783
0.2522
1
0
0.287708
24
2
i = 1351
22905
4435
4469
4454.69
0.341967
3.66545
21.2594
0.866494
396.88
215.385
195.314
0.708806
2
1
0.0558769
28
2
i = 1352
21533
4432
4472
4456.39
0.324361
3.96041
19.3116
0.70268
356.595
184.95
191.699
0.583171
2
1
0.151326
34
1
i = 1353
20557
4438
4466
4456.5
0.214817
4.20508
20.0619
0.465893
342.125
221.065
208.084
0.341645
2
1
0.25526
22
0
i = 1354
22906
4436
4468
4457.99
0.157512
3.3566
18.7252
0.509344
236.565
148.78
157.197
0.277885
2
1
0.00297993
26
2
i = 1355
21534
4436
4469
4459.38
0.245007
4.11495
16.7087
0.484441
250.38
165.43
170.075
0.381084
2
1
0.268011
27
1
i = 1356
20556
4438
4474
4459.54
0.150534
4.24767
16.1232
0.457679
224.23
164.46
171.585
0.267006
2
1
0.158616
30
0
i = 1357
22907
4450
4469
4460.81
0.139812
3.60549
14.4855
0.487003
128.915
123.245
128.692
0.245754
1
0
0.034684
16
2
i = 1358
21535
4451
4472
4462.64
0.12665
3.81506
16.4124
0.472334
155.69
145.75
155.278
0.21415
1
0
0.0647012
18
1
i = 1359
23031
4453
4468
4462.73
0.276506
3.16364
7.13509
0.529352
54.44
52.73
52.8793
0.561503
1
0
0.0526941
12
2
i = 1360
21762
4453
4470
4462.76
0.357237
4.12441
6.243
0.463934
62.125
61.39
60.866
0.63787
1
0
0.4481
14
1
i = 1361
20555
4453
4471
4463.43
0.14576
3.81148
14.4218
0.477043
133.07
129.63
133.17
0.257304
1
0
0.272851
15
0
i = 1362
22908
4455
4470
4463.52
0.1204
3.27956
16.2069
0.514801
129.085
124.23
128.365
0.230153
1
0
0.0187761
12
2
i = 1363
21536
4457
4474
4465.72
0.133205
3.73087
15.523
0.481114
140.955
136.145
141.563
0.235283
1
0
0.188096
14
1
i = 1364
22909
4454
4476
4465.8
0.131241
3.29136
14.6848
0.507152
121.495
112.24
120.956
0.236068
1
0
0.0409916
19
2
i = 1365
20554
4454
4480
4466.16
0.134582
4.01696
15.8209
0.459108
160.77
151.4
159.106
0.219207
1
0
0.0835044
23
0
i = 1366
22910
4460
4481
4468.57
0.134096
3.39415
14.6121
0.500342
125.295
114.165
123.837
0.239487
1
0
0.0625346
18
2
i = 1367
21537
4459
4477
4468.74
0.149168
3.85244
14.0891
0.473171
132.24
126.185
132.585
0.258596
1
0
0.112467
15
1
i = 1368
20553
4457
4479
4468.98
0.156046
4.01685
13.6647
0.460187
135.965
130.505
136.253
0.256813
1
0
0.0232224
19
0
i = 1369
22911
4461
4484
4471.03
0.13645
3.30703
14.1582
0.505975
118.22
109.395
117.274
0.244911
1
0
0.0341776
20
2
i = 1370
21538
4458
4480
4471.77
0.153777
3.70836
13.3693
0.480509
122.925
117.425
121.998
0.267321
1
0
0.186709
19
1
i = 1371
20552
4464
4482
4472.11
0.16263
3.90879
13.0471
0.47053
124.29
118.95
125.072
0.282003
1
0
0.110341
15
0
i = 1372
22912
4465
4483
4473.7
0.147964
3.33865
13.1327
0.504556
109.04
101.475
109.145
0.266588
1
0
0.0300303
15
2
i = 1373
20551
4464
4486
4474.93
0.148032
3.89498
14.1697
0.466674
138.05
126.73
137.668
0.245854
1
0
0.0433333
19
0
i = 1374
21539
4466
4486
4475.43
0.16267
3.97258
13.0566
0.463761
128.2
119.49
128.504
0.271848
1
0
0.121139
17
1
i = 1375
22913
4463
4485
4476.1
0.150208
3.40914
13.068
0.498952
112.425
102.9
110.921
0.266978
1
0
0.056409
19
2
i = 1376
20550
4470
4489
4477.92
0.17527
4.00761
12.3046
0.465309
119.745
115.81
120.929
0.301985
1
0
0.157322
16
0
i = 1377
21540
4468
4486
4478.25
0.149932
3.8478
14.0691
0.474556
131.745
127.12
131.365
0.262834
1
0
0.106981
15
1
i = 1378
22914
4469
4488
4478.64
0.139269
3.40928
14.0926
0.498916
119.145
110.77
119.712
0.247462
1
0
0.0190132
16
2
i = 1379
20549
4473
4491
4480.51
0.172346
3.33436
11.3038
0.506504
93.75
87.73
93.6009
0.315273
1
0
0.0956126
15
0
i = 1380
21541
4471
4490
4480.8
0.180435
3.58462
11.1623
0.487153
98.93
94.895
99.3509
0.314358
1
0
0.202466
16
1
i = 1381
22915
4472
4491
4480.99
0.157827
3.33063
12.2906
0.504698
102.63
94
102.179
0.283547
1
0
0.0216292
16
2
